index,mRNA,methylation,miRNA,VCDN
0,0.10863855481147766,0.16501151025295258,0.04332718998193741,0.32207727432250977
1,0.08945424109697342,0.10153209418058395,0.04261329770088196,0.32288089394569397
2,0.0902494266629219,0.1111476868391037,0.04130995273590088,0.32246389985084534
3,0.07199094444513321,0.10904747992753983,0.040325991809368134,0.3225708305835724
4,0.0669560357928276,0.10599945485591888,0.039576511830091476,0.3225293457508087
5,0.06426496803760529,0.08531376719474792,0.03822452574968338,0.32282009720802307
6,0.06344665586948395,0.07389853894710541,0.03798526152968407,0.32281509041786194
7,0.05823444575071335,0.07135262340307236,0.0372990258038044,0.32230228185653687
8,0.052168942987918854,0.07115217298269272,0.03725280240178108,0.3222883343696594
9,0.049567811191082,0.07127632945775986,0.03619401529431343,0.3225935399532318
10,0.04724760353565216,0.06698271632194519,0.03655058890581131,0.322941392660141
11,0.047391101717948914,0.06067107245326042,0.03601052612066269,0.32265546917915344
12,0.04511760547757149,0.05521014705300331,0.03561004623770714,0.32297030091285706
13,0.04399550333619118,0.051936075091362,0.0351463221013546,0.3226173222064972
14,0.041642505675554276,0.04826800152659416,0.03511515632271767,0.3222106099128723
15,0.03764299303293228,0.046574678272008896,0.034630727022886276,0.3225826621055603
16,0.03603446111083031,0.0463314950466156,0.03451036661863327,0.32220879197120667
17,0.03567880392074585,0.04537664353847504,0.0344046913087368,0.3226936459541321
18,0.03575208783149719,0.042960140854120255,0.034098219126462936,0.32249775528907776
19,0.035268865525722504,0.040975626558065414,0.03442317247390747,0.3223579525947571
20,0.03369400277733803,0.03921657055616379,0.03383313864469528,0.32268089056015015
21,0.031885161995887756,0.03740623965859413,0.033846985548734665,0.32198578119277954
22,0.03176773339509964,0.03599361330270767,0.03378152474761009,0.32226765155792236
23,0.03085561841726303,0.03616834059357643,0.03304920345544815,0.32235634326934814
24,0.030187459662556648,0.03658110648393631,0.03353277966380119,0.3223298192024231
25,0.030249588191509247,0.035515736788511276,0.03270599991083145,0.32228612899780273
26,0.029597999528050423,0.03391711041331291,0.03288612142205238,0.32213088870048523
27,0.029095005244016647,0.03272886201739311,0.03294312581419945,0.32224833965301514
28,0.02804972417652607,0.03158120438456535,0.03281279280781746,0.3220512270927429
29,0.027808425948023796,0.03176181763410568,0.032285820692777634,0.3222103416919708
30,0.027677036821842194,0.03011399507522583,0.03257564455270767,0.3219779431819916
31,0.026800459250807762,0.030469104647636414,0.032262641936540604,0.3217566907405853
32,0.026508599519729614,0.029566893354058266,0.03217468038201332,0.32194122672080994
33,0.026084648445248604,0.028277957811951637,0.03189306706190109,0.32181838154792786
34,0.025707220658659935,0.028039081022143364,0.031921129673719406,0.32155880331993103
35,0.024321584030985832,0.028322339057922363,0.0316171795129776,0.3216799795627594
36,0.025445420295000076,0.02715214341878891,0.03194146230816841,0.3213357627391815
37,0.024693386629223824,0.027514025568962097,0.031961191445589066,0.3215600550174713
38,0.02395135536789894,0.026210645213723183,0.031494140625,0.3210028111934662
39,0.023947935551404953,0.02561439760029316,0.031019574031233788,0.32112231850624084
40,0.024008259177207947,0.025957081466913223,0.031013252213597298,0.3209003210067749
41,0.023281186819076538,0.025480439886450768,0.030944352969527245,0.3209366500377655
42,0.022806841880083084,0.026402277871966362,0.030902979895472527,0.32069846987724304
43,0.022683201357722282,0.024151241406798363,0.031455885618925095,0.3205755949020386
44,0.02282739244401455,0.02422497235238552,0.030498964712023735,0.3205276429653168
45,0.022361258044838905,0.023974774405360222,0.03071860782802105,0.3204692602157593
46,0.02204728312790394,0.023583855479955673,0.030446484684944153,0.3199874460697174
47,0.022105472162365913,0.02435460314154625,0.030349083244800568,0.3200625777244568
48,0.02187027409672737,0.02314075455069542,0.0311270859092474,0.3199756443500519
49,0.021186459809541702,0.023288771510124207,0.030511843040585518,0.31974706053733826
50,0.020661547780036926,0.022918617352843285,0.030291715636849403,0.31961047649383545
51,0.020999867469072342,0.0230832789093256,0.030142486095428467,0.31961944699287415
52,0.020561382174491882,0.02277524396777153,0.029612360522150993,0.31927865743637085
53,0.020341893658041954,0.021988796070218086,0.030190585181117058,0.31920337677001953
54,0.020131941884756088,0.02196475677192211,0.029948068782687187,0.319052517414093
55,0.0201027262955904,0.021452901884913445,0.029533589258790016,0.3190690875053406
56,0.020275935530662537,0.021313749253749847,0.02983713150024414,0.3187433183193207
57,0.019634706899523735,0.021152839064598083,0.0302191823720932,0.31864309310913086
58,0.01981978490948677,0.02101302333176136,0.029475977644324303,0.31834957003593445
59,0.01994224824011326,0.021377626806497574,0.02961326204240322,0.3182750940322876
60,0.019137278199195862,0.02055041678249836,0.029481684789061546,0.31818756461143494
61,0.018860341981053352,0.020946290343999863,0.029349105432629585,0.31794285774230957
62,0.019072817638516426,0.02055150642991066,0.029057083651423454,0.31792527437210083
63,0.018813608214259148,0.020063122734427452,0.028960034251213074,0.3176218569278717
64,0.018904658034443855,0.019841337576508522,0.029250551015138626,0.31751686334609985
65,0.01874000020325184,0.01967622898519039,0.02898268774151802,0.3171301782131195
66,0.018904827535152435,0.019935863092541695,0.0295234527438879,0.3170824646949768
67,0.018184460699558258,0.019475582987070084,0.02905678004026413,0.3169245421886444
68,0.018261799588799477,0.019323833286762238,0.02889632247388363,0.3168831169605255
69,0.018146583810448647,0.019498342648148537,0.028405342251062393,0.3167697489261627
70,0.017908109351992607,0.019205665215849876,0.028383424505591393,0.3165121376514435
71,0.017925219610333443,0.01925536058843136,0.02816256880760193,0.31635499000549316
72,0.017997000366449356,0.018234657123684883,0.028604328632354736,0.31630173325538635
73,0.01755581796169281,0.019152361899614334,0.028124239295721054,0.31590500473976135
74,0.017748726531863213,0.018587835133075714,0.028159471228718758,0.3158852159976959
75,0.017507437616586685,0.018790168687701225,0.0278654545545578,0.3156002163887024
76,0.017360830679535866,0.01809583231806755,0.028260476887226105,0.31538400053977966
77,0.0172987412661314,0.017993139103055,0.02840816043317318,0.3151906430721283
78,0.01711501181125641,0.018011685460805893,0.027545247226953506,0.31500932574272156
79,0.01703008823096752,0.017821447923779488,0.02779398299753666,0.31487223505973816
80,0.016515091061592102,0.017625724896788597,0.02804650366306305,0.3146817088127136
81,0.01699158363044262,0.017690859735012054,0.027846725657582283,0.31441178917884827
82,0.016540512442588806,0.016992472112178802,0.02789756841957569,0.3140237033367157
83,0.01688343472778797,0.017379024997353554,0.02771109715104103,0.31384506821632385
84,0.016456665471196175,0.01752409338951111,0.02746863104403019,0.3137796223163605
85,0.016530048102140427,0.016849234700202942,0.02742472104728222,0.3135814666748047
86,0.016152329742908478,0.017342856153845787,0.027511734515428543,0.3135835528373718
87,0.016310255974531174,0.016982026398181915,0.02707761712372303,0.3131313920021057
88,0.016755174845457077,0.016806060448288918,0.027296751737594604,0.31297481060028076
89,0.01622559316456318,0.016870686784386635,0.026997370645403862,0.3128435015678406
90,0.015986932441592216,0.016811415553092957,0.02712043561041355,0.3125622570514679
91,0.015954937785863876,0.01665564440190792,0.02746966853737831,0.3122415244579315
92,0.016319597139954567,0.01629660092294216,0.02734404243528843,0.3122844398021698
93,0.015567569993436337,0.01635001413524151,0.027376722544431686,0.3119860589504242
94,0.015938475728034973,0.01603666879236698,0.027189798653125763,0.3117001950740814
95,0.015728015452623367,0.016131633892655373,0.026962868869304657,0.31161874532699585
96,0.015757281333208084,0.01598871313035488,0.02677958272397518,0.3112858235836029
97,0.0155392000451684,0.016073746606707573,0.026785746216773987,0.3112826943397522
98,0.015633631497621536,0.016034506261348724,0.02654370479285717,0.31102171540260315
99,0.015726620331406593,0.016204239800572395,0.026560401543974876,0.31076961755752563
100,0.01532831136137247,0.015412784181535244,0.026709968224167824,0.3102821409702301
101,0.015155489556491375,0.015577641315758228,0.02649817429482937,0.3105502426624298
102,0.015158592723309994,0.01543921697884798,0.02676737681031227,0.3101552724838257
103,0.015158021822571754,0.015407215803861618,0.026515012606978416,0.3098982274532318
104,0.015178672969341278,0.0159310195595026,0.026790045201778412,0.30973339080810547
105,0.015031401067972183,0.015772923827171326,0.026721155270934105,0.30956459045410156
106,0.015013132244348526,0.015460467897355556,0.026108592748641968,0.30947989225387573
107,0.014879914931952953,0.015308871865272522,0.02653305046260357,0.309076726436615
108,0.014740959741175175,0.015614311210811138,0.02609114907681942,0.3089197278022766
109,0.014568455517292023,0.015031890943646431,0.026115695014595985,0.3087445795536041
110,0.014775116927921772,0.01503498014062643,0.026262879371643066,0.3083973824977875
111,0.014663029462099075,0.015406432561576366,0.026167407631874084,0.30838656425476074
112,0.014601420611143112,0.015162014402449131,0.02612457610666752,0.3080582022666931
113,0.014724871143698692,0.014752041548490524,0.026082884520292282,0.30788642168045044
114,0.014307641424238682,0.015023455955088139,0.02569257654249668,0.3076631724834442
115,0.01458992063999176,0.01442608330398798,0.02585080824792385,0.3074755370616913
116,0.014500364661216736,0.014777395874261856,0.026065465062856674,0.3073217272758484
117,0.014432679861783981,0.014748556539416313,0.02591748908162117,0.3071889877319336
118,0.014142828993499279,0.015187492594122887,0.025753730908036232,0.3068068027496338
119,0.01410838682204485,0.014861440286040306,0.025995329022407532,0.30676013231277466
120,0.014182621613144875,0.014584246091544628,0.025474945083260536,0.3064271807670593
121,0.01420940924435854,0.014703160151839256,0.025610825046896935,0.306270956993103
122,0.014009089209139347,0.014114990830421448,0.02584795095026493,0.3061085045337677
123,0.014080416411161423,0.014397229067981243,0.025779886171221733,0.30571529269218445
124,0.014133347198367119,0.014073746278882027,0.02532663755118847,0.3056343197822571
125,0.013987703248858452,0.014369574375450611,0.025602227076888084,0.30528464913368225
126,0.013828885741531849,0.013891184702515602,0.025650063529610634,0.3052593171596527
127,0.013907330110669136,0.014054525643587112,0.025390569120645523,0.3048209249973297
128,0.014056908898055553,0.01385150570422411,0.025604894384741783,0.30493640899658203
129,0.013786409050226212,0.01419840008020401,0.025401214137673378,0.30469754338264465
130,0.013751305639743805,0.014077087864279747,0.025506917387247086,0.3043797016143799
131,0.013616463169455528,0.013651657849550247,0.02528545819222927,0.3040884733200073
132,0.013648253865540028,0.014116726815700531,0.024769561365246773,0.3040781319141388
133,0.013613849878311157,0.014100190252065659,0.025133337825536728,0.3037581443786621
134,0.013226432725787163,0.013655278831720352,0.02506926655769348,0.30351462960243225
135,0.01331747230142355,0.013551809825003147,0.024985987693071365,0.3032535910606384
136,0.013560471124947071,0.013826308771967888,0.025299355387687683,0.303242027759552
137,0.013227488845586777,0.013474437408149242,0.024937773123383522,0.3028840124607086
138,0.013207565993070602,0.013687307015061378,0.024785879999399185,0.30277150869369507
139,0.013285900466144085,0.013584237545728683,0.02461833693087101,0.30230075120925903
140,0.013327302411198616,0.01382467895746231,0.024770895019173622,0.30233967304229736
141,0.013263790868222713,0.013357392512261868,0.024784330278635025,0.30226844549179077
142,0.013160919770598412,0.013301869854331017,0.02461829036474228,0.3017943501472473
143,0.013091756030917168,0.01348017156124115,0.024968614801764488,0.3016684949398041
144,0.013345318846404552,0.01341915875673294,0.0245923213660717,0.3012278974056244
145,0.013069229200482368,0.013331754133105278,0.024701254442334175,0.3012182116508484
146,0.012717696838080883,0.013409927487373352,0.02445858158171177,0.3009819984436035
147,0.012836701236665249,0.013387531973421574,0.024404127150774002,0.30090004205703735
148,0.013260014355182648,0.013247709721326828,0.02423677034676075,0.3005926012992859
149,0.012826269492506981,0.013213722966611385,0.02443034015595913,0.30042120814323425
150,0.01265308540314436,0.01291625015437603,0.02399335242807865,0.2998216450214386
151,0.012738844379782677,0.012996694073081017,0.024253258481621742,0.30017250776290894
152,0.012600637041032314,0.012952158227562904,0.02436693385243416,0.2998979985713959
153,0.012411804869771004,0.013141190633177757,0.02410111576318741,0.29961612820625305
154,0.012863180600106716,0.012848559767007828,0.024380583316087723,0.2993059456348419
155,0.012585468590259552,0.012783323414623737,0.02424289658665657,0.2991766333580017
156,0.01277710497379303,0.013088304549455643,0.024095134809613228,0.29886654019355774
157,0.012495387345552444,0.012696309015154839,0.02422369457781315,0.2986774742603302
158,0.012592747807502747,0.012873620726168156,0.024188628420233727,0.2985764145851135
159,0.01242178026586771,0.012768935412168503,0.024156803265213966,0.29819151759147644
160,0.012460438534617424,0.012858565896749496,0.023966079577803612,0.2979903519153595
161,0.012390824034810066,0.01286966074258089,0.02409932389855385,0.29794663190841675
162,0.01234795805066824,0.012624362483620644,0.024169107899069786,0.297566294670105
163,0.012368349358439445,0.012700263410806656,0.023819515481591225,0.297384113073349
164,0.01225219201296568,0.012843826785683632,0.023727241903543472,0.2973405718803406
165,0.012664549984037876,0.012618599459528923,0.02391166426241398,0.29712265729904175
166,0.012173263356089592,0.012490701861679554,0.023929907009005547,0.2966235876083374
167,0.012265424244105816,0.012321735732257366,0.023855281993746758,0.2967323958873749
168,0.012047365307807922,0.012700293213129044,0.024251023307442665,0.29641762375831604
169,0.012142284773290157,0.01282249204814434,0.023728100582957268,0.2960478961467743
170,0.011907372623682022,0.012638035230338573,0.023599842563271523,0.2955209016799927
171,0.012284995056688786,0.012125981040298939,0.023804979398846626,0.2959224581718445
172,0.011986810714006424,0.012802050448954105,0.023536168038845062,0.29574403166770935
173,0.01194083970040083,0.012519659474492073,0.023636287078261375,0.29537367820739746
174,0.011809250339865685,0.012409057468175888,0.023250002413988113,0.2949694097042084
175,0.012176592834293842,0.012440054677426815,0.02326231077313423,0.2947489321231842
176,0.012278282083570957,0.012025558389723301,0.023294834420084953,0.2945939302444458
177,0.01207729522138834,0.012252823449671268,0.023445745930075645,0.2944710850715637
178,0.012033720500767231,0.01256337109953165,0.02322959713637829,0.29409247636795044
179,0.011837795376777649,0.012377912178635597,0.02318301424384117,0.2938200533390045
180,0.011870273388922215,0.012341681867837906,0.023647604510188103,0.29376518726348877
181,0.011727865785360336,0.01215911004692316,0.02333383448421955,0.2934523820877075
182,0.011894703842699528,0.012344361282885075,0.02316279336810112,0.2929753363132477
183,0.012003321200609207,0.012392528355121613,0.023168204352259636,0.29265594482421875
184,0.011702756397426128,0.012390314601361752,0.022996075451374054,0.29269886016845703
185,0.011959412135183811,0.011757133528590202,0.02332923747599125,0.29266130924224854
186,0.011652551591396332,0.01197319570928812,0.023193415254354477,0.2923789620399475
187,0.012013381347060204,0.012306826189160347,0.022736961022019386,0.29217031598091125
188,0.011800538748502731,0.011807603761553764,0.02315432019531727,0.29207274317741394
189,0.011838339269161224,0.01232084445655346,0.023301206529140472,0.2917821705341339
190,0.011487565003335476,0.011756869964301586,0.022957028821110725,0.2914508283138275
191,0.01149892620742321,0.012174108996987343,0.0230187326669693,0.2914203107357025
192,0.01145900972187519,0.011955663561820984,0.023010587319731712,0.2907695770263672
193,0.011143081821501255,0.01221919059753418,0.023051541298627853,0.29064229130744934
194,0.011539192870259285,0.01157387811690569,0.0228971429169178,0.2905639410018921
195,0.011583895422518253,0.011870648711919785,0.022796759381890297,0.29027342796325684
196,0.011336561292409897,0.011742387898266315,0.022812044247984886,0.2900620102882385
197,0.011531518772244453,0.012278041802346706,0.02253984846174717,0.2898305058479309
198,0.01147723663598299,0.011832651682198048,0.02275335229933262,0.2898554801940918
199,0.011099242605268955,0.011856943368911743,0.022552702575922012,0.2891727685928345
200,0.011433209292590618,0.01167379505932331,0.022628262639045715,0.2891806960105896
201,0.01137356273829937,0.011675686575472355,0.02292935736477375,0.288854718208313
202,0.011475594714283943,0.011885805055499077,0.02266324684023857,0.28848615288734436
203,0.01124402042478323,0.011610342189669609,0.02271462045609951,0.2883768379688263
204,0.011306894943118095,0.01129047479480505,0.02255292981863022,0.2883338928222656
205,0.011541051790118217,0.011461413465440273,0.02264752797782421,0.28822287917137146
206,0.011241896077990532,0.011533616110682487,0.0225638747215271,0.2873914837837219
207,0.01127752847969532,0.011562337167561054,0.022430550307035446,0.28717613220214844
208,0.011163991875946522,0.011379040777683258,0.02261609397828579,0.28735101222991943
209,0.011255609802901745,0.01142195425927639,0.02241354249417782,0.2869988977909088
210,0.01124489214271307,0.011539354920387268,0.022240370512008667,0.28709328174591064
211,0.010881747119128704,0.011464043520390987,0.022358400747179985,0.2864157259464264
212,0.01125295925885439,0.011542534455657005,0.02247215248644352,0.2864738404750824
213,0.011018468998372555,0.011434096843004227,0.02249329164624214,0.2863767147064209
214,0.011245789937675,0.011130943894386292,0.02207311801612377,0.285830020904541
215,0.011106472462415695,0.011481782421469688,0.02226695790886879,0.2857171893119812
216,0.01099204272031784,0.011604484170675278,0.022358370944857597,0.2851375341415405
217,0.011042740195989609,0.011512338183820248,0.022091535851359367,0.2851600646972656
218,0.011120260693132877,0.011365102604031563,0.02247682958841324,0.2847760319709778
219,0.01109091192483902,0.011160380207002163,0.022176532074809074,0.28462496399879456
220,0.010959588922560215,0.011280467733740807,0.02221667766571045,0.2845868170261383
221,0.0112922303378582,0.011289636604487896,0.02201332151889801,0.2842109501361847
222,0.01083147432655096,0.011232347227633,0.02190168760716915,0.2839035391807556
223,0.011061057448387146,0.011309109628200531,0.022129081189632416,0.28373199701309204
224,0.011066742241382599,0.01113823987543583,0.022383056581020355,0.28355565667152405
225,0.010962492786347866,0.011024889536201954,0.022199399769306183,0.28338828682899475
226,0.01078486256301403,0.011114796623587608,0.02204512432217598,0.2831133306026459
227,0.010872083716094494,0.011328172869980335,0.022205565124750137,0.282993882894516
228,0.010758275166153908,0.011233692057430744,0.02185850962996483,0.2822038531303406
229,0.011111882515251637,0.011158755049109459,0.02182975597679615,0.2821654975414276
230,0.010709370486438274,0.010958101600408554,0.02187531255185604,0.2818814218044281
231,0.010662026703357697,0.011011786758899689,0.022104967385530472,0.28173011541366577
232,0.010853242129087448,0.01080556120723486,0.0218960028141737,0.2815174162387848
233,0.010827101767063141,0.01114591583609581,0.022041212767362595,0.2812216877937317
234,0.01101001538336277,0.010869333520531654,0.021766498684883118,0.2809440493583679
235,0.010770557448267937,0.011050687171518803,0.02164416015148163,0.28090721368789673
236,0.010783101432025433,0.010966791771352291,0.021715180948376656,0.2807220220565796
237,0.010535423643887043,0.010879545472562313,0.021636661142110825,0.280119925737381
238,0.010658261366188526,0.011009370908141136,0.021861407905817032,0.280223548412323
239,0.01078398060053587,0.011127789504826069,0.021592777222394943,0.2793673872947693
240,0.010558497160673141,0.010965350084006786,0.021746283397078514,0.2796722948551178
241,0.01067390013486147,0.010950741358101368,0.021733885630965233,0.2797013223171234
242,0.010608731769025326,0.011119401082396507,0.02169225737452507,0.2793169617652893
243,0.010760423727333546,0.01066220086067915,0.021885022521018982,0.2788243591785431
244,0.010888001881539822,0.01079714298248291,0.02161862701177597,0.2788531184196472
245,0.010599462315440178,0.010713591240346432,0.0213946420699358,0.27838650345802307
246,0.010561704635620117,0.010785726830363274,0.02148444950580597,0.2779945433139801
247,0.01065517496317625,0.010735240764915943,0.021701714023947716,0.27806803584098816
248,0.0104470020160079,0.010561519302427769,0.021542854607105255,0.2775827944278717
249,0.01054435409605503,0.010845494456589222,0.021235669031739235,0.27728989720344543
250,0.01062688697129488,0.010706252418458462,0.02149600349366665,0.27710363268852234
251,0.010654468089342117,0.010658026672899723,0.0216856487095356,0.2770513594150543
252,0.010493537411093712,0.010872690938413143,0.021572638303041458,0.27673962712287903
253,0.010620828717947006,0.010232082568109035,0.021428171545267105,0.2764018774032593
254,0.010557584464550018,0.010775764472782612,0.021103383973240852,0.27635112404823303
255,0.010549942031502724,0.010771458968520164,0.02140200138092041,0.27578917145729065
256,0.010405025444924831,0.010512293316423893,0.02141803503036499,0.275637686252594
257,0.010381840169429779,0.010804686695337296,0.02123470976948738,0.2754858136177063
258,0.010365213267505169,0.010773329995572567,0.021175529807806015,0.275535523891449
259,0.010673199780285358,0.010546606034040451,0.02131013199687004,0.275132954120636
260,0.010363337583839893,0.010538294911384583,0.021422436460852623,0.2749495804309845
261,0.010398940183222294,0.010581213980913162,0.02108929678797722,0.2746431529521942
262,0.010583069175481796,0.01068149320781231,0.02132308855652809,0.27445611357688904
263,0.010457697324454784,0.010643537156283855,0.02111746370792389,0.2740892767906189
264,0.010337566956877708,0.010428299196064472,0.021297672763466835,0.2742213010787964
265,0.010398747399449348,0.010393138974905014,0.02121562510728836,0.2734079957008362
266,0.010410673916339874,0.010481779463589191,0.02151525393128395,0.273143470287323
267,0.010422324761748314,0.010523082688450813,0.021235806867480278,0.27294811606407166
268,0.010259478352963924,0.010223262943327427,0.02124585211277008,0.2731759250164032
269,0.010291017591953278,0.010182207450270653,0.02115677483379841,0.27254241704940796
270,0.010203263722360134,0.010367240756750107,0.021205730736255646,0.2717321515083313
271,0.010114501230418682,0.01056629978120327,0.021246209740638733,0.27251461148262024
272,0.0103644710034132,0.010352715849876404,0.02094542421400547,0.27127835154533386
273,0.01051419135183096,0.010349178686738014,0.021188560873270035,0.2713927626609802
274,0.0103062829002738,0.010406718589365482,0.021029051393270493,0.2712666690349579
275,0.010361399501562119,0.01044689491391182,0.021030284464359283,0.2711467444896698
276,0.010229801759123802,0.010359893552958965,0.020953906700015068,0.2706797122955322
277,0.010233423672616482,0.010141356848180294,0.021029889583587646,0.27027055621147156
278,0.01026646327227354,0.01028558611869812,0.020931197330355644,0.2702378034591675
279,0.01037988904863596,0.010185662657022476,0.020851317793130875,0.26987424492836
280,0.010009475983679295,0.010103962384164333,0.02100541815161705,0.27000147104263306
281,0.010197940282523632,0.010338498279452324,0.02069576270878315,0.2694516181945801
282,0.010279737412929535,0.010311072692275047,0.020952485501766205,0.26927676796913147
283,0.010043901391327381,0.010312284342944622,0.020651396363973618,0.2692440450191498
284,0.010170787572860718,0.010211900807917118,0.02089332975447178,0.26891887187957764
285,0.010286993347108364,0.010057984851300716,0.020654208958148956,0.2686433792114258
286,0.010089563205838203,0.009886014275252819,0.0208138395100832,0.2683006823062897
287,0.01007992122322321,0.01013591606169939,0.020700452849268913,0.268133282661438
288,0.010061231441795826,0.010288842022418976,0.02073902077972889,0.26785123348236084
289,0.009937749244272709,0.010401925072073936,0.020477542653679848,0.2674781084060669
290,0.010177812539041042,0.009991359896957874,0.020642433315515518,0.26734620332717896
291,0.010204109363257885,0.010200060904026031,0.020610878244042397,0.26722267270088196
292,0.010066499002277851,0.01013642456382513,0.020733168348670006,0.2670506238937378
293,0.01006001140922308,0.009943423792719841,0.020464450120925903,0.26644426584243774
294,0.009921764023602009,0.010125442408025265,0.020245574414730072,0.2663452625274658
295,0.010050630196928978,0.010105358436703682,0.020663561299443245,0.26625925302505493
296,0.010253312066197395,0.010115327313542366,0.020533351227641106,0.26604822278022766
297,0.010270667262375355,0.01018442865461111,0.02053862251341343,0.2654643654823303
298,0.010232772678136826,0.009971470572054386,0.020663075149059296,0.2655464708805084
299,0.010108834132552147,0.009838270023465157,0.020513728260993958,0.26524820923805237
300,0.010049578733742237,0.009882502257823944,0.020323725417256355,0.264982134103775
301,0.009921989403665066,0.010196369141340256,0.020914414897561073,0.2646735906600952
302,0.01014807540923357,0.009966664016246796,0.020221322774887085,0.2643827199935913
303,0.009819393046200275,0.009930071420967579,0.02039227820932865,0.26427367329597473
304,0.009903604164719582,0.009714893996715546,0.020354241132736206,0.2639038860797882
305,0.010063569992780685,0.009879762306809425,0.02063947729766369,0.26359036564826965
306,0.009926008060574532,0.00988699495792389,0.020321616902947426,0.263335257768631
307,0.010108208283782005,0.009833729825913906,0.02064218930900097,0.2636381685733795
308,0.009891064837574959,0.009902366437017918,0.02021593041718006,0.2629261612892151
309,0.009989792481064796,0.009927074424922466,0.02044113725423813,0.26296526193618774
310,0.00985645316541195,0.009990880265831947,0.020224830135703087,0.2621002197265625
311,0.0098766153678298,0.010035141371190548,0.02037213183939457,0.2619191110134125
312,0.009819232858717442,0.009673877619206905,0.0203218013048172,0.262240469455719
313,0.010107172653079033,0.009870137088000774,0.020368630066514015,0.2616831362247467
314,0.009771826677024364,0.009756154380738735,0.01992998644709587,0.2610568702220917
315,0.009830816648900509,0.009933413937687874,0.020271342247724533,0.26084867119789124
316,0.010072615928947926,0.009992578998208046,0.020440150052309036,0.2605832815170288
317,0.009914100170135498,0.0098149748519063,0.02043885737657547,0.2604430913925171
318,0.009741382673382759,0.009876608848571777,0.020239928737282753,0.26032623648643494
319,0.010006703436374664,0.00975925661623478,0.020139098167419434,0.2599577307701111
320,0.009948180988430977,0.009856609627604485,0.020272428169846535,0.2599196135997772
321,0.009837876074016094,0.009637527167797089,0.020286187529563904,0.25966861844062805
322,0.00967905018478632,0.00970388576388359,0.020079223439097404,0.2591683566570282
323,0.009944234974682331,0.00990567822009325,0.02016015350818634,0.2589673399925232
324,0.00995189044624567,0.009812138974666595,0.020343760028481483,0.258362740278244
325,0.009831322357058525,0.00987447053194046,0.019921869039535522,0.2587249279022217
326,0.009939269162714481,0.009830880910158157,0.020433055236935616,0.2582046091556549
327,0.00962845142930746,0.009957733564078808,0.020198127254843712,0.2585867643356323
328,0.009783579967916012,0.00969791505485773,0.020019879564642906,0.2577257454395294
329,0.009642079472541809,0.009615612216293812,0.020178871229290962,0.25753286480903625
330,0.009863180108368397,0.009570769034326077,0.020088477060198784,0.2574564814567566
331,0.009991820901632309,0.009827022440731525,0.019833048805594444,0.25640222430229187
332,0.009653190150856972,0.009576910175383091,0.01997203193604946,0.25682371854782104
333,0.009641257114708424,0.009485560469329357,0.02013401687145233,0.25627246499061584
334,0.00967400148510933,0.00931682251393795,0.020127415657043457,0.2561624050140381
335,0.009783613495528698,0.009597143158316612,0.019952988252043724,0.25589972734451294
336,0.00965578481554985,0.009339790791273117,0.019910704344511032,0.25524669885635376
337,0.009594677947461605,0.00982547178864479,0.019938074052333832,0.2551436722278595
338,0.009587772190570831,0.009463051334023476,0.019819052889943123,0.2552669644355774
339,0.009728478267788887,0.009584993124008179,0.020007239654660225,0.25503334403038025
340,0.009662286378443241,0.009482231922447681,0.019767703488469124,0.25487515330314636
341,0.009645095095038414,0.009626353159546852,0.01990795135498047,0.25383251905441284
342,0.009750114753842354,0.009663994424045086,0.019856199622154236,0.25402721762657166
343,0.009879966266453266,0.009562529623508453,0.020156698301434517,0.25376754999160767
344,0.009718071669340134,0.009487729519605637,0.01984911412000656,0.2536355257034302
345,0.00978808756917715,0.009438857436180115,0.01966717280447483,0.25312432646751404
346,0.009704966098070145,0.009498738683760166,0.01995050720870495,0.2527041733264923
347,0.009547566995024681,0.009370190091431141,0.019553471356630325,0.25258389115333557
348,0.00962524302303791,0.009755520150065422,0.019846713170409203,0.2522411048412323
349,0.009416593238711357,0.00923917442560196,0.019830798730254173,0.25170671939849854
350,0.009514408186078072,0.00969762820750475,0.02004595659673214,0.2519984841346741
351,0.00955970399081707,0.009286497719585896,0.019844047725200653,0.25171875953674316
352,0.009342196397483349,0.00972053874284029,0.01964474655687809,0.2516993582248688
353,0.009451417252421379,0.009453968144953251,0.019634980708360672,0.2509555518627167
354,0.009470476768910885,0.009353251196444035,0.019704101607203484,0.250819593667984
355,0.009659244678914547,0.009359855204820633,0.019811127334833145,0.25080013275146484
356,0.009569890797138214,0.009400333277881145,0.019863512367010117,0.25036799907684326
357,0.00957468617707491,0.009419848211109638,0.0196143239736557,0.24979566037654877
358,0.009464948438107967,0.009368987753987312,0.01995396427810192,0.24980290234088898
359,0.009561661630868912,0.00927567295730114,0.019803497940301895,0.24915672838687897
360,0.009580862708389759,0.009239699691534042,0.019665507599711418,0.24937598407268524
361,0.009617937728762627,0.0093755591660738,0.0196630097925663,0.24864043295383453
362,0.009601958096027374,0.009324639104306698,0.019596289843320847,0.2485601007938385
363,0.009408228099346161,0.00943951215595007,0.019532673060894012,0.2481941431760788
364,0.009507792070508003,0.009327341802418232,0.01954338513314724,0.24772289395332336
365,0.00951060838997364,0.00916764885187149,0.019745009019970894,0.24810224771499634
366,0.009743895381689072,0.00913273636251688,0.019501013681292534,0.24759769439697266
367,0.00934655126184225,0.009368767961859703,0.01942557282745838,0.24728329479694366
368,0.0093419523909688,0.009271870367228985,0.01960437372326851,0.24694891273975372
369,0.009383945725858212,0.009276019409298897,0.019722679629921913,0.24703523516654968
370,0.009426843374967575,0.009324478916823864,0.019764501601457596,0.24688227474689484
371,0.009481090120971203,0.009284289553761482,0.019596287980675697,0.24652504920959473
372,0.009385574609041214,0.009281895123422146,0.019491946324706078,0.2466241419315338
373,0.009263310581445694,0.009321280755102634,0.01936059072613716,0.2458200305700302
374,0.009655647911131382,0.009043538942933083,0.0193132646381855,0.2453196495771408
375,0.00944055151194334,0.009007387794554234,0.019582774490118027,0.24535807967185974
376,0.009316425770521164,0.009201118722558022,0.019499532878398895,0.24512186646461487
377,0.009416766464710236,0.00933492835611105,0.019605401903390884,0.24489685893058777
378,0.009377565234899521,0.0091171246021986,0.019530143588781357,0.24434515833854675
379,0.009225611574947834,0.009221534244716167,0.01964910887181759,0.24443405866622925
380,0.009378859773278236,0.009239446371793747,0.01955527998507023,0.24335263669490814
381,0.009435652755200863,0.009212295524775982,0.019527116790413857,0.24325451254844666
382,0.009368968196213245,0.009084315039217472,0.01933772675693035,0.24346698820590973
383,0.009536085650324821,0.009188549593091011,0.019538333639502525,0.2424737811088562
384,0.009251982904970646,0.009015924297273159,0.01949281245470047,0.2431170642375946
385,0.00939134694635868,0.00905730202794075,0.019586646929383278,0.24196361005306244
386,0.009164038114249706,0.009135487489402294,0.019422048702836037,0.24212810397148132
387,0.009373522363603115,0.009005958214402199,0.019336147233843803,0.24183841049671173
388,0.009364809840917587,0.009095820598304272,0.019619842991232872,0.24107016623020172
389,0.00936620868742466,0.008922227658331394,0.01919271983206272,0.24107280373573303
390,0.00924550648778677,0.009154696017503738,0.019276661798357964,0.24071356654167175
391,0.009230127558112144,0.008939634077250957,0.01948794722557068,0.24029439687728882
392,0.009232589043676853,0.009025667794048786,0.019368965178728104,0.2403717190027237
393,0.009264064021408558,0.009173312224447727,0.019459107890725136,0.23924589157104492
394,0.009326239116489887,0.009136039763689041,0.019097259268164635,0.2390809804201126
395,0.00929044745862484,0.009219450876116753,0.0193313155323267,0.2388729453086853
396,0.009222283959388733,0.009119459427893162,0.019390420988202095,0.23922812938690186
397,0.009325173683464527,0.009030185639858246,0.019193051382899284,0.2386094480752945
398,0.009255360811948776,0.00886973924934864,0.0194095466285944,0.2389950007200241
399,0.009197961539030075,0.009130658581852913,0.01929400861263275,0.2387956827878952
400,0.009193903766572475,0.008844089694321156,0.019067246466875076,0.23786784708499908
401,0.009177095256745815,0.009049096144735813,0.019299974665045738,0.237643763422966
402,0.009099430404603481,0.009159592911601067,0.019386708736419678,0.2372201532125473
403,0.009200232103466988,0.009064515121281147,0.019278910011053085,0.2377699315547943
404,0.009243343025445938,0.009077157825231552,0.019365109503269196,0.23731780052185059
405,0.009292504750192165,0.009039774537086487,0.019053760915994644,0.23743627965450287
406,0.009053070098161697,0.00910850428044796,0.019117195159196854,0.23654203116893768
407,0.00920250453054905,0.008894452825188637,0.019317448139190674,0.23630833625793457
408,0.00914404820650816,0.008861401118338108,0.01912776567041874,0.23612844944000244
409,0.009215540252625942,0.00917652528733015,0.0191587433218956,0.23551134765148163
410,0.009072784334421158,0.009111672639846802,0.019074898213148117,0.23534485697746277
411,0.009126013144850731,0.008904200978577137,0.019173983484506607,0.23521383106708527
412,0.009173087775707245,0.00905721727758646,0.019057437777519226,0.23481209576129913
413,0.009081726893782616,0.00897312629967928,0.019230395555496216,0.2344283163547516
414,0.00921515841037035,0.00880431942641735,0.019122039899230003,0.2344183325767517
415,0.009149514138698578,0.008873037062585354,0.019357988610863686,0.23391376435756683
416,0.009183387272059917,0.009003126062452793,0.01910974271595478,0.23333695530891418
417,0.008920730091631413,0.008975077420473099,0.018886534497141838,0.2331589311361313
418,0.00918705016374588,0.009022301062941551,0.019086653366684914,0.2333766371011734
419,0.00910257175564766,0.008776632137596607,0.01891014724969864,0.23248712718486786
420,0.009052978828549385,0.008855082094669342,0.01900126412510872,0.2319980263710022
421,0.008922165259718895,0.008967354893684387,0.01915193535387516,0.23249273002147675
422,0.009115396998822689,0.008755716495215893,0.01927546039223671,0.23223966360092163
423,0.009085018187761307,0.008827853947877884,0.018991826102137566,0.23103533685207367
424,0.00895747635513544,0.008769596926867962,0.019000675529241562,0.23137812316417694
425,0.00912015326321125,0.00874352641403675,0.018932633101940155,0.23099541664123535
426,0.009261051192879677,0.008844413794577122,0.019113779067993164,0.2307584285736084
427,0.009074443019926548,0.00879662949591875,0.018756551668047905,0.23022004961967468
428,0.009081216529011726,0.00882692914456129,0.019014593213796616,0.23020927608013153
429,0.008919108659029007,0.008755618706345558,0.01926146075129509,0.2296111285686493
430,0.009062628261744976,0.008692936971783638,0.018623070791363716,0.2299608439207077
431,0.009064573794603348,0.008854968473315239,0.0191394854336977,0.2292916178703308
432,0.009047162719070911,0.008698301389813423,0.019389236345887184,0.22906264662742615
433,0.008892820216715336,0.008513645268976688,0.01896044798195362,0.22943215072155
434,0.009048177860677242,0.008642680943012238,0.018951358273625374,0.22821936011314392
435,0.008824710734188557,0.008729236200451851,0.01893238164484501,0.22810594737529755
436,0.0091082863509655,0.00886948686093092,0.01888258382678032,0.22849085927009583
437,0.009000618942081928,0.008980749174952507,0.019032226875424385,0.2276170700788498
438,0.009018252603709698,0.008869556710124016,0.019145147874951363,0.22809693217277527
439,0.008868835866451263,0.008778829127550125,0.018983591347932816,0.22787414491176605
440,0.00889433640986681,0.008673472329974174,0.01886909082531929,0.22739243507385254
441,0.008993351832032204,0.008749439381062984,0.018709754571318626,0.22665132582187653
442,0.009022016078233719,0.00884256511926651,0.01923535391688347,0.22641126811504364
443,0.00907270610332489,0.008608048781752586,0.018819810822606087,0.22611308097839355
444,0.009133645333349705,0.00854895357042551,0.018970230594277382,0.22619591653347015
445,0.00889498833566904,0.008622667752206326,0.01911112666130066,0.2252444177865982
446,0.008990462869405746,0.00853718165308237,0.018553536385297775,0.22520411014556885
447,0.009149300865828991,0.008566219359636307,0.018760036677122116,0.22539077699184418
448,0.008774776011705399,0.008903748355805874,0.018933359533548355,0.22462479770183563
449,0.008901646360754967,0.008647110313177109,0.01887243054807186,0.2243364155292511
450,0.008957866579294205,0.008805758319795132,0.018871314823627472,0.22408728301525116
451,0.008690081536769867,0.008798838593065739,0.019002344459295273,0.2236526608467102
452,0.008925748988986015,0.008631841279566288,0.018725568428635597,0.22355817258358002
453,0.008773255161941051,0.008494026027619839,0.018923554569482803,0.22318129241466522
454,0.008932298980653286,0.008761783130466938,0.018698839470744133,0.2226417362689972
455,0.008837861008942127,0.00883384421467781,0.01891324110329151,0.22298583388328552
456,0.008817234076559544,0.00863196887075901,0.018714191392064095,0.22168755531311035
457,0.009132860228419304,0.008630245923995972,0.018917404115200043,0.22170805931091309
458,0.008771340362727642,0.008663583546876907,0.01867581531405449,0.22182705998420715
459,0.009027539752423763,0.008701318874955177,0.01889195665717125,0.22111845016479492
460,0.008746715262532234,0.008580207824707031,0.018898924812674522,0.22141484916210175
461,0.00886262021958828,0.008706190623342991,0.01884695515036583,0.22115899622440338
462,0.008694609627127647,0.008686118759214878,0.018849637359380722,0.22070924937725067
463,0.008909800089895725,0.008494504727423191,0.018956173211336136,0.22037725150585175
464,0.00881885550916195,0.008786997757852077,0.01889106258749962,0.21978454291820526
465,0.009005502797663212,0.008682409301400185,0.018904227763414383,0.21962010860443115
466,0.008692014962434769,0.008620060048997402,0.018932338804006577,0.21943143010139465
467,0.008764022961258888,0.008651990443468094,0.019127998501062393,0.2194589227437973
468,0.008777806535363197,0.008673598058521748,0.01864071562886238,0.2189333587884903
469,0.008775060996413231,0.008648524060845375,0.018758047372102737,0.21909241378307343
470,0.008905711583793163,0.0083850659430027,0.018753046169877052,0.21844089031219482
471,0.008849464356899261,0.008727376349270344,0.018754487857222557,0.21844902634620667
472,0.008686509914696217,0.0084674172103405,0.01890450157225132,0.21792234480381012
473,0.008798327296972275,0.008696622215211391,0.018790511414408684,0.21700628101825714
474,0.008686442859470844,0.008550653234124184,0.01883642189204693,0.21793325245380402
475,0.008650043047964573,0.008603693917393684,0.018612230196595192,0.21710863709449768
476,0.00876171886920929,0.008510103449225426,0.01878250762820244,0.21674638986587524
477,0.008835205808281898,0.008548222482204437,0.01882977783679962,0.21669389307498932
478,0.008900148794054985,0.008675440214574337,0.01851063407957554,0.21645288169384003
479,0.00883371103554964,0.008514546789228916,0.018358992412686348,0.21630141139030457
480,0.00871132593601942,0.008538320660591125,0.018771514296531677,0.21520587801933289
481,0.008889633230865002,0.008491036482155323,0.01876717060804367,0.21567368507385254
482,0.008891078643500805,0.008357444778084755,0.018407633528113365,0.21544599533081055
483,0.008674592711031437,0.008646059781312943,0.018655680119991302,0.21467800438404083
484,0.00883414689451456,0.008475943468511105,0.018742740154266357,0.2144423872232437
485,0.008664955385029316,0.008326203562319279,0.018530650064349174,0.21490177512168884
486,0.008972303941845894,0.008618895895779133,0.018807105720043182,0.21515701711177826
487,0.008697029203176498,0.008430973626673222,0.01848439686000347,0.21391959488391876
488,0.008886374533176422,0.008571548387408257,0.018642377108335495,0.21367451548576355
489,0.008934534154832363,0.008405649103224277,0.01857674866914749,0.2136140614748001
490,0.008911075070500374,0.00845897663384676,0.01861363649368286,0.21346750855445862
491,0.008729547262191772,0.008360574021935463,0.018839579075574875,0.21283993124961853
492,0.008553211577236652,0.008541982620954514,0.01871182769536972,0.21255679428577423
493,0.008592135272920132,0.008477633818984032,0.018635716289281845,0.21202565729618073
494,0.00879736803472042,0.008415229618549347,0.01865834929049015,0.21263667941093445
495,0.008698968216776848,0.00839169044047594,0.018659910187125206,0.21266436576843262
496,0.008665704168379307,0.00842781737446785,0.0187335517257452,0.2110992968082428
497,0.008661752566695213,0.008548029698431492,0.018653400242328644,0.2107098400592804
498,0.008878904394805431,0.008397708646953106,0.01861729472875595,0.21052804589271545
499,0.00876960251480341,0.008375509642064571,0.018404994159936905,0.2107725292444229
500,0.008572351187467575,0.008522436022758484,0.018744200468063354,0.210652694106102
501,0.008731928654015064,0.008532322011888027,0.018745511770248413,0.21017888188362122
502,0.008602720685303211,0.008401213213801384,0.018493203446269035,0.20981623232364655
503,0.008638042956590652,0.008350404910743237,0.0187156330794096,0.20946022868156433
504,0.008692456409335136,0.008382701314985752,0.018620023503899574,0.20903132855892181
505,0.00873089674860239,0.00834388192743063,0.01860050857067108,0.2091601938009262
506,0.008681468665599823,0.008456387557089329,0.01863783411681652,0.20879773795604706
507,0.008437659591436386,0.008269142359495163,0.018635034561157227,0.2087329775094986
508,0.008526565507054329,0.008364522829651833,0.018585383892059326,0.20787997543811798
509,0.00871352944523096,0.008338146843016148,0.018558287993073463,0.2078692466020584
510,0.008637991733849049,0.008447866886854172,0.018455013632774353,0.2075394093990326
511,0.008474486880004406,0.008290644735097885,0.018533507362008095,0.20743829011917114
512,0.008831020444631577,0.008339786902070045,0.01853741519153118,0.2072950005531311
513,0.008647996932268143,0.008197472430765629,0.018533173948526382,0.20649713277816772
514,0.008585251867771149,0.00817629974335432,0.01852589100599289,0.20703352987766266
515,0.008560978807508945,0.008543266914784908,0.018750376999378204,0.20547160506248474
516,0.008637377992272377,0.008393899537622929,0.018304768949747086,0.20605120062828064
517,0.008506786078214645,0.008414682932198048,0.01817219704389572,0.20538991689682007
518,0.008593644015491009,0.00852593220770359,0.018577711656689644,0.2051791548728943
519,0.008584510535001755,0.008381015621125698,0.018717629835009575,0.20524998009204865
520,0.008497806265950203,0.008395153097808361,0.01841781660914421,0.20486147701740265
521,0.00857517495751381,0.008547631092369556,0.018471073359251022,0.204286590218544
522,0.008683727122843266,0.008382568135857582,0.018495721742510796,0.20472939312458038
523,0.0086882458999753,0.008481647819280624,0.018580086529254913,0.20486925542354584
524,0.008859350346028805,0.00830045249313116,0.018677596002817154,0.2043365091085434
525,0.008752794936299324,0.008385976776480675,0.01833125203847885,0.20353849232196808
526,0.008614439517259598,0.008164800703525543,0.018557921051979065,0.203205406665802
527,0.008481206372380257,0.008183964528143406,0.018480820581316948,0.2034103125333786
528,0.00859010312706232,0.008277948945760727,0.018425552174448967,0.20331689715385437
529,0.00863086897879839,0.008139860816299915,0.018467191606760025,0.20292209088802338
530,0.008560082875192165,0.008478584699332714,0.018451033160090446,0.20271997153759003
531,0.00864406581968069,0.008439760655164719,0.0182502344250679,0.2018490582704544
532,0.008550791069865227,0.008418700657784939,0.018399912863969803,0.2020823061466217
533,0.008681371808052063,0.008243878372013569,0.01839076355099678,0.20190457999706268
534,0.00858660601079464,0.00846580509096384,0.018504776060581207,0.20102223753929138
535,0.008512294851243496,0.008241888135671616,0.01828501932322979,0.20186065137386322
536,0.008511191233992577,0.008271490223705769,0.018445247784256935,0.2004658579826355
537,0.008659540675580502,0.008164896629750729,0.018491683527827263,0.200245201587677
538,0.008536438457667828,0.00803589541465044,0.018459631130099297,0.2001308649778366
539,0.008455752395093441,0.008432792499661446,0.018362972885370255,0.1998548060655594
540,0.008497779257595539,0.008292336948215961,0.018368687480688095,0.19956950843334198
541,0.008738618344068527,0.008436670526862144,0.018566329032182693,0.19951997697353363
542,0.008585801348090172,0.00789162889122963,0.018282612785696983,0.1989774852991104
543,0.008480413816869259,0.008200270123779774,0.018280109390616417,0.1983335167169571
544,0.008535263128578663,0.008387855254113674,0.018507622182369232,0.1983117163181305
545,0.008564354851841927,0.008093981072306633,0.018534747883677483,0.1986057460308075
546,0.008512548170983791,0.008413582108914852,0.01821986958384514,0.19822487235069275
547,0.008495545946061611,0.00820445828139782,0.018276643007993698,0.19785425066947937
548,0.008539121598005295,0.008224505931138992,0.01839449629187584,0.19725491106510162
549,0.008543216623365879,0.008223102428019047,0.018642406910657883,0.19686587154865265
550,0.008545538410544395,0.008293592371046543,0.018337437883019447,0.1973453313112259
551,0.008528510108590126,0.008254610002040863,0.018334029242396355,0.19650492072105408
552,0.00851755402982235,0.00808539055287838,0.018319973722100258,0.19631148874759674
553,0.008444319479167461,0.008235534653067589,0.018480738624930382,0.1958576738834381
554,0.00855884701013565,0.008134293369948864,0.01829134114086628,0.19667841494083405
555,0.008577084168791771,0.008097606711089611,0.018401607871055603,0.19618169963359833
556,0.008342945948243141,0.008081968873739243,0.018363432958722115,0.19543829560279846
557,0.008353940211236477,0.008263004943728447,0.018242578953504562,0.19559361040592194
558,0.008465670980513096,0.00824684277176857,0.018315531313419342,0.1951800286769867
559,0.008530654944479465,0.00825814064592123,0.018254151567816734,0.19498173892498016
560,0.00856003351509571,0.008275854401290417,0.018213866278529167,0.19439424574375153
561,0.00854756310582161,0.008185021579265594,0.018121466040611267,0.19415093958377838
562,0.008585616014897823,0.008133531548082829,0.018334921449422836,0.1941680610179901
563,0.008339480496942997,0.00793545227497816,0.018120786175131798,0.19434963166713715
564,0.008462605066597462,0.008131369948387146,0.018297448754310608,0.19372667372226715
565,0.008450140245258808,0.008293167687952518,0.01841651275753975,0.19289827346801758
566,0.008356941863894463,0.008287317119538784,0.018300488591194153,0.19300861656665802
567,0.00836733914911747,0.008062604814767838,0.01829230785369873,0.1924155056476593
568,0.008387692272663116,0.008078694343566895,0.018391471356153488,0.19249765574932098
569,0.008534732274711132,0.00814578402787447,0.018441731110215187,0.19180341064929962
570,0.008266415446996689,0.008132643066346645,0.018258649855852127,0.19205820560455322
571,0.008431432768702507,0.008176289498806,0.01823929324746132,0.1917767971754074
572,0.00861368142068386,0.008114884607493877,0.018325351178646088,0.1913594901561737
573,0.008417349308729172,0.008338801562786102,0.018304690718650818,0.19140227138996124
574,0.008465327322483063,0.008108282461762428,0.018680451437830925,0.19035093486309052
575,0.008405925706028938,0.008149649947881699,0.018307743594050407,0.19115200638771057
576,0.00827435590326786,0.008016317151486874,0.018355950713157654,0.190280482172966
577,0.008329974487423897,0.008244093507528305,0.01829419657588005,0.1904211938381195
578,0.008203721605241299,0.00830930657684803,0.01825837790966034,0.19035032391548157
579,0.008373135700821877,0.00811280868947506,0.018220672383904457,0.18980613350868225
580,0.00860236119478941,0.00796616543084383,0.018516575917601585,0.19048914313316345
581,0.008230284787714481,0.008038128726184368,0.018289003521203995,0.18862737715244293
582,0.00831863284111023,0.008094682358205318,0.018168538808822632,0.18875524401664734
583,0.0084663275629282,0.008040177635848522,0.018177682533860207,0.18871945142745972
584,0.008480421267449856,0.008089336566627026,0.018038682639598846,0.1888531595468521
585,0.008418461307883263,0.008230512030422688,0.01831744611263275,0.18815243244171143
586,0.008523953147232533,0.008282547816634178,0.018320759758353233,0.187977135181427
587,0.008465634658932686,0.008063132874667645,0.018217405304312706,0.18818128108978271
588,0.008447034284472466,0.008063506335020065,0.0181293748319149,0.1876707822084427
589,0.00825958326458931,0.008020038716495037,0.018301067873835564,0.18731243908405304
590,0.008329448290169239,0.00810735672712326,0.018211020156741142,0.18729236721992493
591,0.008303639478981495,0.008225114084780216,0.01836741901934147,0.18779520690441132
592,0.00827537477016449,0.008024215698242188,0.018528811633586884,0.18712103366851807
593,0.008566834032535553,0.008109096437692642,0.018265070393681526,0.18642643094062805
594,0.008318917825818062,0.008078910410404205,0.018349777907133102,0.1865035444498062
595,0.008335844613611698,0.00815429538488388,0.01817583665251732,0.18634432554244995
596,0.008387024514377117,0.008126241154968739,0.018203172832727432,0.18522948026657104
597,0.008294327184557915,0.00809706561267376,0.018145782873034477,0.18586505949497223
598,0.008359156548976898,0.008276251144707203,0.01852276735007763,0.1850336790084839
599,0.008331846445798874,0.008095959201455116,0.01816008798778057,0.18579767644405365
600,0.00844321958720684,0.008159954100847244,0.018124744296073914,0.18487536907196045
601,0.008507278747856617,0.0077772196382284164,0.018096880987286568,0.1851521134376526
602,0.008360332809388638,0.0079899150878191,0.0182962566614151,0.18505273759365082
603,0.008282232098281384,0.008272902108728886,0.01829482987523079,0.18398413062095642
604,0.008250919170677662,0.007900211028754711,0.01819629967212677,0.1843118816614151
605,0.008260936476290226,0.008075794205069542,0.018289715051651,0.18348908424377441
606,0.008420715108513832,0.008089126087725163,0.018213646486401558,0.18305549025535583
607,0.008365222252905369,0.008140663616359234,0.01823906973004341,0.1831601858139038
608,0.008297151885926723,0.008019228465855122,0.01839621365070343,0.18310827016830444
609,0.00822923332452774,0.007927602156996727,0.018016889691352844,0.18306541442871094
610,0.00827107671648264,0.008054733276367188,0.018257861956954002,0.18274050951004028
611,0.008344536647200584,0.007932918146252632,0.018316200003027916,0.1827598214149475
612,0.008389241993427277,0.008063571527600288,0.01822916977107525,0.18248797953128815
613,0.008291534148156643,0.0080077750608325,0.018156953155994415,0.18258631229400635
614,0.008267302066087723,0.007938078604638577,0.0181724913418293,0.1807231456041336
615,0.00826789066195488,0.007922102697193623,0.01819000393152237,0.18140605092048645
616,0.008290535770356655,0.008107000030577183,0.01815015822649002,0.18072350323200226
617,0.008281707763671875,0.007876789197325706,0.018218468874692917,0.1808711290359497
618,0.008021222427487373,0.00794300902634859,0.018102101981639862,0.18061508238315582
619,0.008518501184880733,0.00797577016055584,0.01813720539212227,0.18036942183971405
620,0.008401441387832165,0.007934865541756153,0.01817137561738491,0.18027044832706451
621,0.00838917214423418,0.008088578470051289,0.01826796494424343,0.18015043437480927
622,0.008237806148827076,0.008014099672436714,0.018238283693790436,0.1796199232339859
623,0.00836455449461937,0.008048603311181068,0.018413091078400612,0.17973804473876953
624,0.008408072404563427,0.008020313456654549,0.018044965341687202,0.17971889674663544
625,0.008194845169782639,0.00796737801283598,0.0182242039591074,0.17996855080127716
626,0.008208216167986393,0.007996687665581703,0.01823977194726467,0.1791764199733734
627,0.008404507301747799,0.00797756016254425,0.01802709884941578,0.1787317544221878
628,0.008268763311207294,0.007955795153975487,0.018127718940377235,0.1781528890132904
629,0.008328603580594063,0.007844295352697372,0.018393397331237793,0.17808519303798676
630,0.00826989021152258,0.008044499903917313,0.018181437626481056,0.17763499915599823
631,0.008428304456174374,0.007871737703680992,0.018148673698306084,0.17809733748435974
632,0.008300199173390865,0.008055252023041248,0.01813582517206669,0.17762885987758636
633,0.008526270277798176,0.007998001761734486,0.01807492971420288,0.17735394835472107
634,0.00826966017484665,0.00803870428353548,0.01799970120191574,0.17726610600948334
635,0.00817914493381977,0.007990350015461445,0.01809661090373993,0.17742465436458588
636,0.0083494046702981,0.008174542337656021,0.01813647523522377,0.17683519423007965
637,0.008128629066050053,0.00794909056276083,0.01795980893075466,0.17638076841831207
638,0.008291516453027725,0.007877972908318043,0.017957329750061035,0.17659714818000793
639,0.008182773366570473,0.007971604354679585,0.018099650740623474,0.17650780081748962
640,0.008228271268308163,0.007872948423027992,0.018129196017980576,0.17570844292640686
641,0.008280989713966846,0.007644678000360727,0.01816469617187977,0.1751110851764679
642,0.00834712479263544,0.007895277813076973,0.018175717443227768,0.17564086616039276
643,0.008270054124295712,0.007836784236133099,0.01814347505569458,0.17427833378314972
644,0.00828044768422842,0.007845334708690643,0.018003568053245544,0.17402511835098267
645,0.008257148787379265,0.007742407266050577,0.018187204375863075,0.17378507554531097
646,0.008439031429588795,0.007975287735462189,0.01808161474764347,0.1751987636089325
647,0.008279353380203247,0.007970944978296757,0.018172966316342354,0.17426110804080963
648,0.008349904790520668,0.007915603928267956,0.018117455765604973,0.17346738278865814
649,0.008299623616039753,0.007917709648609161,0.018233027309179306,0.1732567846775055
650,0.008257534354925156,0.0078804986551404,0.018331609666347504,0.17345532774925232
651,0.008103265427052975,0.007872144691646099,0.017952457070350647,0.1733204871416092
652,0.008362789638340473,0.007876042276620865,0.018039735034108162,0.17336532473564148
653,0.00818640273064375,0.007929367944598198,0.018067631870508194,0.17273454368114471
654,0.008161830715835094,0.00794012937694788,0.01791895367205143,0.17230486869812012
655,0.008180169388651848,0.007990416139364243,0.018031880259513855,0.17181819677352905
656,0.008334202691912651,0.0077626523561775684,0.01810542680323124,0.17168940603733063
657,0.008256456814706326,0.007907015271484852,0.018108002841472626,0.17186503112316132
658,0.008118697442114353,0.00818396732211113,0.017967145889997482,0.17122632265090942
659,0.008165057748556137,0.0078033399768173695,0.018076831474900246,0.17169509828090668
660,0.008279851637780666,0.008002551272511482,0.018088476732373238,0.17143212258815765
661,0.008326372131705284,0.007904230616986752,0.017886679619550705,0.1715918779373169
662,0.008336499333381653,0.008008139207959175,0.018295923247933388,0.1709006130695343
663,0.008239954710006714,0.00801781378686428,0.01803041808307171,0.17002016305923462
664,0.008175563998520374,0.00792454183101654,0.01810273341834545,0.16991859674453735
665,0.008326058275997639,0.007806863635778427,0.01792064867913723,0.17009423673152924
666,0.008192579261958599,0.007895371876657009,0.01791187934577465,0.17003630101680756
667,0.00837173592299223,0.007937145419418812,0.01806424930691719,0.17033085227012634
668,0.008111508563160896,0.007713871076703072,0.018002444878220558,0.16975367069244385
669,0.00820526760071516,0.007984506897628307,0.018102798610925674,0.1691676825284958
670,0.008162200450897217,0.007982201874256134,0.018071183934807777,0.16901686787605286
671,0.008213113062083721,0.007868350483477116,0.018091976642608643,0.16831031441688538
672,0.008254402317106724,0.007954110391438007,0.01814594864845276,0.1686049997806549
673,0.008305126801133156,0.007834265008568764,0.018161900341510773,0.1684335619211197
674,0.008220091462135315,0.007631057407706976,0.017874199897050858,0.16847828030586243
675,0.008210970088839531,0.007790964096784592,0.01803026720881462,0.16767871379852295
676,0.008299934677779675,0.007908538915216923,0.01809247024357319,0.1673608422279358
677,0.008373737335205078,0.007994642481207848,0.018118862062692642,0.16807116568088531
678,0.00820181518793106,0.007789065130054951,0.018077295273542404,0.16780926287174225
679,0.008321166038513184,0.007985622622072697,0.01804947480559349,0.16726362705230713
680,0.008221510797739029,0.007991154678165913,0.017907001078128815,0.166316419839859
681,0.008134333416819572,0.007641342934221029,0.01796932891011238,0.16630758345127106
682,0.008194299414753914,0.007944265380501747,0.01806838996708393,0.16671554744243622
683,0.008115595206618309,0.007846495136618614,0.01798917166888714,0.16620014607906342
684,0.008226360194385052,0.007763373665511608,0.018130827695131302,0.1660168319940567
685,0.008153027854859829,0.007823154330253601,0.01797838881611824,0.16576050221920013
686,0.00813524890691042,0.007748774252831936,0.017915742471814156,0.1648976057767868
687,0.0081045962870121,0.007822347804903984,0.01802639849483967,0.1650666743516922
688,0.008137150667607784,0.007767976727336645,0.017975201830267906,0.16523437201976776
689,0.008298465050756931,0.007887573912739754,0.01789918728172779,0.16487687826156616
690,0.00823059119284153,0.0076077599078416824,0.017865076661109924,0.16473938524723053
691,0.008265065960586071,0.008050734177231789,0.018051357939839363,0.16410598158836365
692,0.008190997876226902,0.007812295574694872,0.01808791607618332,0.16426770389080048
693,0.008292078040540218,0.007819806225597858,0.01798071339726448,0.16419513523578644
694,0.008229018189013004,0.007891136221587658,0.01800643652677536,0.16448155045509338
695,0.008236702531576157,0.007937946356832981,0.018054991960525513,0.16406135261058807
696,0.008204717189073563,0.007823368534445763,0.018184712156653404,0.16365475952625275
697,0.008255239576101303,0.007886262610554695,0.018163369968533516,0.16336360573768616
698,0.008222457952797413,0.00774043332785368,0.018070606514811516,0.16348835825920105
699,0.008322842419147491,0.007879308424890041,0.018178733065724373,0.1626749187707901
700,0.0081498296931386,0.007961821742355824,0.017851512879133224,0.16284964978694916
701,0.008352969773113728,0.0077848415821790695,0.01803739368915558,0.16288645565509796
702,0.008124028332531452,0.007736566476523876,0.01800948940217495,0.1622350662946701
703,0.007975305430591106,0.00772873917594552,0.018068868666887283,0.16287840902805328
704,0.008087889291346073,0.007828954607248306,0.01794898882508278,0.16228866577148438
705,0.008183510974049568,0.007663171738386154,0.018078317865729332,0.16191366314888
706,0.008107398636639118,0.007867541164159775,0.018067743629217148,0.16151662170886993
707,0.008034982718527317,0.007650137413293123,0.01799536868929863,0.1607544869184494
708,0.008117473684251308,0.007807822898030281,0.017958354204893112,0.16063649952411652
709,0.008055704645812511,0.007786447647958994,0.017875369638204575,0.16073428094387054
710,0.008044706657528877,0.008005804382264614,0.01807408034801483,0.16108489036560059
711,0.008110018447041512,0.007956914603710175,0.018018893897533417,0.1602916419506073
712,0.008294817991554737,0.0077189113944768906,0.017982754856348038,0.16019225120544434
713,0.008148210123181343,0.00786217674612999,0.017954200506210327,0.15996748208999634
714,0.008070520125329494,0.007854104973375797,0.01793025992810726,0.1605038344860077
715,0.008158713579177856,0.007858195342123508,0.018237285315990448,0.1601947546005249
716,0.00810200721025467,0.00775490514934063,0.018048269674181938,0.15934588015079498
717,0.008127315901219845,0.007920915260910988,0.01794416829943657,0.15868006646633148
718,0.00803201925009489,0.007812722586095333,0.01796891912817955,0.15916313230991364
719,0.007968366146087646,0.007789010182023048,0.01784723810851574,0.15929359197616577
720,0.008111565373837948,0.0079751992598176,0.018178733065724373,0.15843936800956726
721,0.008239864371716976,0.007753805723041296,0.018115608021616936,0.1590810865163803
722,0.007993604056537151,0.00785117968916893,0.01809268444776535,0.15798279643058777
723,0.008082231506705284,0.0076587386429309845,0.01796833425760269,0.1575760692358017
724,0.007959933951497078,0.00797214638441801,0.01793815754354,0.15798619389533997
725,0.008241469971835613,0.007733142469078302,0.017848975956439972,0.15717965364456177
726,0.008073009550571442,0.007703721988946199,0.01791442558169365,0.1579604148864746
727,0.008254291489720345,0.007766867056488991,0.01786349155008793,0.15696118772029877
728,0.008292497135698795,0.007712389808148146,0.017969230189919472,0.15697228908538818
729,0.008099010214209557,0.007994391955435276,0.017962733283638954,0.15718239545822144
730,0.008146893233060837,0.007739142049103975,0.018048224970698357,0.15711484849452972
731,0.008072241209447384,0.007815270684659481,0.017843669280409813,0.15619495511054993
732,0.00805464293807745,0.007846852764487267,0.018213121220469475,0.15637999773025513
733,0.008013888262212276,0.007933271117508411,0.01787365972995758,0.1552448570728302
734,0.008107461035251617,0.007620186544954777,0.01811518706381321,0.15654166042804718
735,0.007997295819222927,0.0077017489820718765,0.01779079996049404,0.15631191432476044
736,0.007999926805496216,0.008000260218977928,0.01797504350543022,0.1555110216140747
737,0.00828459206968546,0.007708783261477947,0.017954736948013306,0.15615339577198029
738,0.00814066268503666,0.00782714132219553,0.018010657280683517,0.1546095907688141
739,0.00805380567908287,0.007845706306397915,0.017957894131541252,0.15455752611160278
740,0.008064253255724907,0.007642391137778759,0.01804901659488678,0.1551326960325241
741,0.007975555956363678,0.00766727514564991,0.018084611743688583,0.15489649772644043
742,0.007970060221850872,0.007721001282334328,0.018003132194280624,0.15438441932201385
743,0.008053603582084179,0.007690314669162035,0.017898637801408768,0.15447507798671722
744,0.008026303723454475,0.00783196184784174,0.01793927513062954,0.15350881218910217
745,0.008126030676066875,0.007720834109932184,0.01808244362473488,0.15406934916973114
746,0.008134393952786922,0.007734562270343304,0.017880482599139214,0.15406326949596405
747,0.008057801984250546,0.007714419160038233,0.017877638339996338,0.15335990488529205
748,0.008212368935346603,0.007712473627179861,0.01797720603644848,0.15304942429065704
749,0.008237357251346111,0.007681521587073803,0.018012667074799538,0.15325862169265747
750,0.00809439830482006,0.007788184564560652,0.018169986084103584,0.1539331078529358
751,0.008034427650272846,0.007802913896739483,0.01779203489422798,0.15319247543811798
752,0.007990142330527306,0.007616931106895208,0.01774788461625576,0.15294206142425537
753,0.008022906258702278,0.007745643146336079,0.017930548638105392,0.15242920815944672
754,0.008051183074712753,0.007695814128965139,0.01810363680124283,0.15181542932987213
755,0.008204461075365543,0.007854990661144257,0.01801309920847416,0.15155981481075287
756,0.007944278419017792,0.007739395834505558,0.01824859157204628,0.15232279896736145
757,0.008028947748243809,0.007837338373064995,0.018080594018101692,0.15159380435943604
758,0.00813857838511467,0.007876756601035595,0.017980776727199554,0.15088222920894623
759,0.008092178963124752,0.007828936912119389,0.018149612471461296,0.15161892771720886
760,0.00802882481366396,0.007611824199557304,0.017848853021860123,0.1510687619447708
761,0.0081373555585742,0.007718049921095371,0.017882615327835083,0.15161430835723877
762,0.008275647647678852,0.007608759216964245,0.017833329737186432,0.15148833394050598
763,0.008110511116683483,0.007528632879257202,0.01802823133766651,0.15127572417259216
764,0.008126497268676758,0.007858721539378166,0.018093697726726532,0.150766059756279
765,0.00802768673747778,0.00773913087323308,0.018091758713126183,0.14998561143875122
766,0.008022659458220005,0.007754020858556032,0.017834007740020752,0.15052354335784912
767,0.008061992935836315,0.007911071181297302,0.018180323764681816,0.15104825794696808
768,0.008071084506809711,0.007733942940831184,0.018042977899312973,0.15020205080509186
769,0.008101283572614193,0.007611266802996397,0.01794074848294258,0.14987380802631378
770,0.008113536983728409,0.007711436133831739,0.017869073897600174,0.14967608451843262
771,0.008112281560897827,0.007770513650029898,0.0180857814848423,0.1495150923728943
772,0.00811140239238739,0.007833166979253292,0.017876198515295982,0.14991942048072815
773,0.008119207806885242,0.007759785279631615,0.017895381897687912,0.14906495809555054
774,0.008075949735939503,0.007772630080580711,0.01791681908071041,0.14906328916549683
775,0.008083919994533062,0.007704133167862892,0.017992638051509857,0.1491025686264038
776,0.007926148362457752,0.0077176205813884735,0.017801828682422638,0.1484389305114746
777,0.007990762591362,0.007720505353063345,0.01794821210205555,0.14782366156578064
778,0.008122086524963379,0.007790154777467251,0.01794695109128952,0.1478935331106186
779,0.008131740614771843,0.0077302586287260056,0.018040984869003296,0.14830951392650604
780,0.00804182793945074,0.007752165663987398,0.01780424825847149,0.14827272295951843
781,0.008028830401599407,0.007690207101404667,0.017863288521766663,0.1474921703338623
782,0.008003944531083107,0.007816602475941181,0.017790857702493668,0.14709365367889404
783,0.007988184690475464,0.007673847489058971,0.017877960577607155,0.14727908372879028
784,0.008137914352118969,0.007741137873381376,0.017931828275322914,0.14674636721611023
785,0.008083401247859001,0.007507432717829943,0.017855554819107056,0.14704649150371552
786,0.008027063682675362,0.007531377952545881,0.01779887080192566,0.1472329944372177
787,0.008154163137078285,0.007614440284669399,0.017777130007743835,0.14648814499378204
788,0.007980295456945896,0.007614960428327322,0.017939560115337372,0.14592334628105164
789,0.008027898147702217,0.007812128402292728,0.01798459142446518,0.146204873919487
790,0.007995447143912315,0.007786929607391357,0.01792457327246666,0.14634187519550323
791,0.008049349300563335,0.007573999930173159,0.0178234800696373,0.14606685936450958
792,0.00815032422542572,0.0077290404587984085,0.017828891053795815,0.14662572741508484
793,0.008168314583599567,0.007620935793966055,0.01783078908920288,0.14550036191940308
794,0.007804063148796558,0.007592422887682915,0.01786947436630726,0.14589715003967285
795,0.0080832839012146,0.007851280272006989,0.017939569428563118,0.14507882297039032
796,0.00798237044364214,0.007744337432086468,0.01791861280798912,0.14537686109542847
797,0.00801460538059473,0.007640373427420855,0.018106574192643166,0.14549432694911957
798,0.00797090120613575,0.007708238437771797,0.017883433029055595,0.1450340896844864
799,0.008020470850169659,0.007710845675319433,0.018058815971016884,0.145210862159729
800,0.007910322397947311,0.007625902071595192,0.017726121470332146,0.14441391825675964
801,0.007859859615564346,0.007687524892389774,0.018053192645311356,0.1437515914440155
802,0.008071406744420528,0.007798962295055389,0.01814374513924122,0.14392594993114471
803,0.008089135400950909,0.007835480384528637,0.017853906378149986,0.1438760608434677
804,0.008041797205805779,0.007559507619589567,0.017847970128059387,0.14431864023208618
805,0.00795796699821949,0.007687121629714966,0.018036093562841415,0.14346355199813843
806,0.008161117322742939,0.007526739034801722,0.017877960577607155,0.1431022584438324
807,0.008007838390767574,0.007531740702688694,0.01786206103861332,0.14301595091819763
808,0.007960448041558266,0.0075459349900484085,0.01765476167201996,0.14323517680168152
809,0.008072838187217712,0.00763937970623374,0.01794714666903019,0.1429693102836609
810,0.007978204637765884,0.007756429258733988,0.017770841717720032,0.1423553228378296
811,0.007993013598024845,0.007746707648038864,0.017890140414237976,0.14268378913402557
812,0.007882717065513134,0.007666401565074921,0.017764944583177567,0.1422864943742752
813,0.00788953248411417,0.007691328413784504,0.017939141020178795,0.1424039900302887
814,0.007976656779646873,0.007726824376732111,0.01776719279587269,0.14260247349739075
815,0.008019081316888332,0.007743611931800842,0.017955375835299492,0.14197099208831787
816,0.007966469042003155,0.007582321763038635,0.017798304557800293,0.1422645002603531
817,0.008115622214972973,0.007652770262211561,0.017783114686608315,0.1416250616312027
818,0.00806665513664484,0.007622833829373121,0.017967145889997482,0.14167797565460205
819,0.007886824198067188,0.007663520518690348,0.017891166731715202,0.14192365109920502
820,0.007988114841282368,0.007807085290551186,0.017947858199477196,0.14191223680973053
821,0.007947511970996857,0.007673956919461489,0.01788179948925972,0.1409001350402832
822,0.008166526444256306,0.007397786248475313,0.018062124028801918,0.14080220460891724
823,0.008314726874232292,0.007621665019541979,0.018013041466474533,0.14017798006534576
824,0.008035212755203247,0.007609229069203138,0.018008921295404434,0.14068201184272766
825,0.00809222087264061,0.00770359393209219,0.017865967005491257,0.14033885300159454
826,0.007992241531610489,0.00775701180100441,0.018011728301644325,0.14027759432792664
827,0.007920258678495884,0.007722529582679272,0.017914904281497,0.14024929702281952
828,0.00804237462580204,0.007781571708619595,0.017845023423433304,0.14035922288894653
829,0.00802188366651535,0.0075234826654195786,0.017891807481646538,0.13966500759124756
830,0.007905573584139347,0.007684698328375816,0.017952505499124527,0.1402638852596283
831,0.008120971731841564,0.007615662179887295,0.01781907118856907,0.14000806212425232
832,0.008032169193029404,0.007611558772623539,0.01800359971821308,0.1395217329263687
833,0.00802704505622387,0.007693722378462553,0.018090592697262764,0.1389787346124649
834,0.00800560787320137,0.007630172185599804,0.01802029460668564,0.1392834335565567
835,0.008101378567516804,0.007634328678250313,0.017837224528193474,0.1393459588289261
836,0.008021572604775429,0.007635320536792278,0.017859432846307755,0.13931983709335327
837,0.007873931899666786,0.007604639045894146,0.017912711948156357,0.13919679820537567
838,0.007873959839344025,0.007616300601512194,0.017913885414600372,0.13789233565330505
839,0.008074808865785599,0.00761464424431324,0.017889633774757385,0.13827461004257202
840,0.008093977347016335,0.00755072059109807,0.018065180629491806,0.1380389779806137
841,0.008111699484288692,0.007618117146193981,0.017932677641510963,0.13856346905231476
842,0.00801831018179655,0.007683552335947752,0.017998358234763145,0.13819485902786255
843,0.00804869830608368,0.007676181383430958,0.017895156517624855,0.1388910561800003
844,0.00811059307307005,0.007525536697357893,0.01809675619006157,0.1379099041223526
845,0.007895550690591335,0.0073784757405519485,0.0178183913230896,0.13773250579833984
846,0.007955268025398254,0.007608084939420223,0.01792186126112938,0.13740521669387817
847,0.008030335418879986,0.0075592841021716595,0.01792885549366474,0.1379978507757187
848,0.008001148700714111,0.0076742712408304214,0.017812564969062805,0.13764768838882446
849,0.00793373491615057,0.0076272678561508656,0.017815258353948593,0.13666066527366638
850,0.00808546133339405,0.0076101901941001415,0.01773683726787567,0.13690252602100372
851,0.008128601126372814,0.007719181478023529,0.017902212217450142,0.13732708990573883
852,0.007940996438264847,0.007628945633769035,0.01788666471838951,0.1366184502840042
853,0.007946192286908627,0.007879850454628468,0.01810595393180847,0.13682517409324646
854,0.007970678620040417,0.007430222351104021,0.01774788647890091,0.13625815510749817
855,0.00785069726407528,0.007665217854082584,0.017829053103923798,0.13634318113327026
856,0.00798655953258276,0.007627529092133045,0.01788625493645668,0.1362154632806778
857,0.007962669245898724,0.0075958059169352055,0.017928987741470337,0.13528789579868317
858,0.007962062023580074,0.007396101485937834,0.017744503915309906,0.1354425698518753
859,0.008045271039009094,0.007619454525411129,0.01778389699757099,0.13571539521217346
860,0.007988929748535156,0.007486356887966394,0.017986703664064407,0.13540996611118317
861,0.007810775190591812,0.007697205059230328,0.017872635275125504,0.13557878136634827
862,0.008031029254198074,0.007649450097233057,0.01788988709449768,0.13550229370594025
863,0.00792582705616951,0.007490623742341995,0.017797032371163368,0.13533896207809448
864,0.007897383533418179,0.007718631997704506,0.017815589904785156,0.13500459492206573
865,0.007880765944719315,0.007678926456719637,0.017868995666503906,0.13543692231178284
866,0.008044819347560406,0.007652597967535257,0.01806344836950302,0.13464225828647614
867,0.007995296269655228,0.007487902417778969,0.01781010627746582,0.1348060816526413
868,0.008017740212380886,0.007904190570116043,0.017942257225513458,0.13470834493637085
869,0.008045481517910957,0.007501162122935057,0.01785096526145935,0.13418331742286682
870,0.007909640669822693,0.007638087030500174,0.017837146297097206,0.1341189742088318
871,0.007977110333740711,0.007414049468934536,0.01784995198249817,0.13373608887195587
872,0.008019717410206795,0.007571659050881863,0.017820149660110474,0.13384310901165009
873,0.008119135163724422,0.0076073394156992435,0.018016645684838295,0.1338176280260086
874,0.007992885075509548,0.007736607454717159,0.0180320106446743,0.13423925638198853
875,0.008030270226299763,0.007538776844739914,0.017953379079699516,0.13391707837581635
876,0.008094297721982002,0.0076235756278038025,0.01783851347863674,0.13427050411701202
877,0.008068524301052094,0.007545628119260073,0.017717450857162476,0.13346387445926666
878,0.007954765111207962,0.007570159155875444,0.017841966822743416,0.13312514126300812
879,0.007903989404439926,0.007602082099765539,0.018227698281407356,0.13302379846572876
880,0.00786371435970068,0.007570368703454733,0.017524370923638344,0.13276810944080353
881,0.007992771454155445,0.007624336052685976,0.01789921149611473,0.1327381134033203
882,0.007962596602737904,0.007663835305720568,0.01772717759013176,0.13276372849941254
883,0.007983028888702393,0.007576202508062124,0.01780914142727852,0.13245153427124023
884,0.007953490130603313,0.007699646987020969,0.01801908016204834,0.13211502134799957
885,0.007852913811802864,0.0076680490747094154,0.01789994351565838,0.13227896392345428
886,0.007959951646625996,0.00760861998423934,0.018041430041193962,0.1323266178369522
887,0.007930922321975231,0.00743747828528285,0.01779300719499588,0.13206599652767181
888,0.008018285036087036,0.007673024665564299,0.017853984609246254,0.13229067623615265
889,0.007969304919242859,0.007566839922219515,0.017864346504211426,0.13201312720775604
890,0.007951599545776844,0.007508796639740467,0.017795966938138008,0.13245828449726105
891,0.007874241098761559,0.007585182320326567,0.017916150391101837,0.1318189650774002
892,0.008091399446129799,0.007497051730751991,0.0177252609282732,0.13129985332489014
893,0.007907260209321976,0.0075271278619766235,0.01778525486588478,0.13152296841144562
894,0.00803779810667038,0.007467866875231266,0.017802206799387932,0.1310591697692871
895,0.007920129224658012,0.007471953518688679,0.01779864728450775,0.130232036113739
896,0.007996081374585629,0.007527506910264492,0.018070898950099945,0.13104063272476196
897,0.008012953214347363,0.007697192020714283,0.0178911704570055,0.1312669813632965
898,0.008000043220818043,0.007526681758463383,0.01802082732319832,0.1305701732635498
899,0.00794320646673441,0.007735231425613165,0.01785024255514145,0.13060587644577026
900,0.007956566289067268,0.007478994783014059,0.017916804179549217,0.13017529249191284
901,0.007838167250156403,0.007533403113484383,0.01773296855390072,0.1299041211605072
902,0.007950831204652786,0.007494065910577774,0.018078580498695374,0.12947812676429749
903,0.0078902468085289,0.007464113179594278,0.01791324093937874,0.13000723719596863
904,0.00779982004314661,0.007491894531995058,0.018142882734537125,0.12907534837722778
905,0.007829430513083935,0.007572144269943237,0.017976950854063034,0.12947383522987366
906,0.007987046614289284,0.007513330318033695,0.017864113673567772,0.12910650670528412
907,0.007903476245701313,0.007581526413559914,0.01781642995774746,0.12916730344295502
908,0.008054488338530064,0.007520405575633049,0.017877858132123947,0.12923847138881683
909,0.007943801581859589,0.007449013646692038,0.017874496057629585,0.12893331050872803
910,0.007882574573159218,0.007281587924808264,0.017879441380500793,0.12938492000102997
911,0.008028161711990833,0.007599424570798874,0.017874618992209435,0.1292945295572281
912,0.00802568532526493,0.007664437871426344,0.017763910815119743,0.12850113213062286
913,0.007979988120496273,0.007579087745398283,0.017807502299547195,0.128346785902977
914,0.008025472052395344,0.007662653457373381,0.018091242760419846,0.12950681149959564
915,0.00797828659415245,0.007625982630997896,0.018014000728726387,0.12854774296283722
916,0.007761280983686447,0.007424605544656515,0.017763659358024597,0.12781044840812683
917,0.007896695286035538,0.007582876831293106,0.018018458038568497,0.1286933720111847
918,0.007868323475122452,0.007651836611330509,0.017915140837430954,0.1278301626443863
919,0.007913054898381233,0.0076306662522256374,0.01803261786699295,0.12787899374961853
920,0.008043188601732254,0.0076044402085244656,0.01777636632323265,0.1277308613061905
921,0.008071389980614185,0.007583267986774445,0.01798575185239315,0.12783727049827576
922,0.007916039787232876,0.007680992595851421,0.01798616163432598,0.12695059180259705
923,0.007824619300663471,0.007465098053216934,0.017994452267885208,0.1265150010585785
924,0.007864930666983128,0.007587008643895388,0.017960410565137863,0.12744973599910736
925,0.007968315854668617,0.007471025455743074,0.018041135743260384,0.12802933156490326
926,0.007878972217440605,0.007805864326655865,0.01786600425839424,0.12769131362438202
927,0.007951480336487293,0.007431601639837027,0.017930369824171066,0.12745632231235504
928,0.008062584325671196,0.00751198036596179,0.01796855591237545,0.12666630744934082
929,0.008040796965360641,0.007628117222338915,0.017786964774131775,0.1270124614238739
930,0.007867304608225822,0.007542572915554047,0.017815256491303444,0.12734158337116241
931,0.007842931896448135,0.0074548497796058655,0.01808272860944271,0.126624196767807
932,0.007942697033286095,0.007617162074893713,0.018118126317858696,0.12522222101688385
933,0.007897846400737762,0.007606599945574999,0.01798948645591736,0.12463106960058212
934,0.007968422025442123,0.007582615129649639,0.017954619601368904,0.1264273077249527
935,0.008027871139347553,0.00753310089930892,0.01800689660012722,0.12569186091423035
936,0.007894513197243214,0.0076613640412688255,0.017919158563017845,0.12687960267066956
937,0.007923212833702564,0.007531090173870325,0.01805206388235092,0.12557263672351837
938,0.00786465872079134,0.007641634438186884,0.01786045730113983,0.12560127675533295
939,0.007860740646719933,0.007497907616198063,0.01798902079463005,0.12630513310432434
940,0.00803571380674839,0.007617663592100143,0.017900990322232246,0.12641015648841858
941,0.00784421619027853,0.007466126699000597,0.018001742660999298,0.125454843044281
942,0.007819529622793198,0.0075140600092709064,0.017773473635315895,0.12480921298265457
943,0.0078504653647542,0.007551524788141251,0.017944026738405228,0.12510216236114502
944,0.007829700596630573,0.007634588982909918,0.01791132055222988,0.1251446008682251
945,0.007918743416666985,0.007587336003780365,0.018077362328767776,0.1251397430896759
946,0.007715074811130762,0.007490965537726879,0.017739908769726753,0.12541316449642181
947,0.00801070686429739,0.007631604094058275,0.018053846433758736,0.12448451668024063
948,0.007794068194925785,0.007618559058755636,0.01783195696771145,0.1246536448597908
949,0.007807477843016386,0.007588870357722044,0.01783107779920101,0.1253175139427185
950,0.00785015057772398,0.007409397978335619,0.018039947375655174,0.1243993267416954
951,0.007801035884767771,0.007454864215105772,0.01788480021059513,0.12493671476840973
952,0.007895777001976967,0.0075592766515910625,0.017912697046995163,0.12398763746023178
953,0.007908912375569344,0.007567735854536295,0.017768457531929016,0.12418962270021439
954,0.007892300374805927,0.0074472189880907536,0.017951231449842453,0.12385207414627075
955,0.007799030747264624,0.007488049101084471,0.01797439344227314,0.1240694597363472
956,0.008017032407224178,0.007645004894584417,0.01797446422278881,0.12403818219900131
957,0.007883023470640182,0.007481235079467297,0.017880117520689964,0.12372864037752151
958,0.007879702374339104,0.007650202140212059,0.017866723239421844,0.12396156787872314
959,0.007867645472288132,0.007544579450041056,0.01800036057829857,0.12288208305835724
960,0.007899261079728603,0.0075098248198628426,0.017994098365306854,0.12405090034008026
961,0.008012455888092518,0.007579678203910589,0.017837518826127052,0.12358108162879944
962,0.007905412465333939,0.007454483304172754,0.017826199531555176,0.12328403443098068
963,0.007887507788836956,0.007434504106640816,0.017689300701022148,0.12338509410619736
964,0.00785437598824501,0.0076181311160326,0.01795884221792221,0.12258462607860565
965,0.007783988490700722,0.007560660131275654,0.01807386614382267,0.12266825139522552
966,0.007677268236875534,0.007596111856400967,0.018077431246638298,0.12214098870754242
967,0.007981500588357449,0.007327216677367687,0.018041355535387993,0.12227415293455124
968,0.007932729087769985,0.00756696006283164,0.017752325162291527,0.12184494733810425
969,0.007845836691558361,0.0076120891608297825,0.017909707501530647,0.12180619686841965
970,0.007940124720335007,0.007453595753759146,0.018034005537629128,0.12233414500951767
971,0.007824478670954704,0.007461045403033495,0.017715666443109512,0.12237773090600967
972,0.007998214103281498,0.007392955478280783,0.0179735217243433,0.12181388586759567
973,0.007963104173541069,0.0074396594427526,0.017925674095749855,0.12166421860456467
974,0.008045164868235588,0.007682043593376875,0.017754122614860535,0.12250615656375885
975,0.007771700154989958,0.007464508060365915,0.01802956312894821,0.12259020656347275
976,0.007959297858178616,0.007513238117098808,0.01807931624352932,0.12137161940336227
977,0.007895546033978462,0.007495675701647997,0.01798218861222267,0.12134931981563568
978,0.007787907030433416,0.00760957645252347,0.018037963658571243,0.12144462019205093
979,0.007722108159214258,0.007555629592388868,0.017761599272489548,0.12137141078710556
980,0.0077445730566978455,0.007579496596008539,0.017895037308335304,0.1208823174238205
981,0.0078511293977499,0.007516857702285051,0.017897211015224457,0.12040849775075912
982,0.007956684567034245,0.007682762108743191,0.017837172374129295,0.12089013308286667
983,0.007771139964461327,0.007561694830656052,0.01791612058877945,0.12029457837343216
984,0.007820202969014645,0.0075558084063231945,0.01788538694381714,0.11981039494276047
985,0.007771109696477652,0.007411768659949303,0.017885854467749596,0.12041529268026352
986,0.007859553210437298,0.007806293200701475,0.017903538420796394,0.12032274156808853
987,0.007945651188492775,0.007343354634940624,0.017951056361198425,0.12092946469783783
988,0.00798916444182396,0.007641468662768602,0.01794256456196308,0.1204427182674408
989,0.007950473576784134,0.007716624066233635,0.01800205186009407,0.12087780982255936
990,0.007806763518601656,0.007527722977101803,0.017776958644390106,0.12023444473743439
991,0.007761492393910885,0.00756580987945199,0.017852887511253357,0.12042837589979172
992,0.007897455245256424,0.007619145791977644,0.017881251871585846,0.11974656581878662
993,0.007964745163917542,0.007450909353792667,0.018051685765385628,0.11951880902051926
994,0.00786095391958952,0.007535587530583143,0.017781630158424377,0.11985698342323303
995,0.0080315126106143,0.007565394509583712,0.01794981211423874,0.11973058432340622
996,0.007803023327142,0.007644383702427149,0.018026111647486687,0.11919927597045898
997,0.008072011172771454,0.007463852409273386,0.017926247790455818,0.11992454528808594
998,0.007996088825166225,0.007559334859251976,0.017812922596931458,0.11900946497917175
999,0.007739043328911066,0.0074563282541930676,0.017877474427223206,0.11961504817008972
1000,0.007910708896815777,0.007456512190401554,0.017932455986738205,0.11968778818845749
