features,features,shapley_values
0,USP27X|389856,0.0004824185469052565
1,"LOC401015,FAM133B|401015",0.00040828332358874126
2,PRO2852|114224,0.00018722156226931038
3,YEATS2|55689,0.0003972059197938438
4,EGFL8|80864,0.0003161928533832061
5,DLG4|1742,0.00036757250051864426
6,RORA|6095,0.0003749574049368738
7,EI24|9538,0.00035453750940525803
8,IPO9|55705,0.0005116953914466894
9,TNPO2|30000,0.0004945637671450563
10,TBRG4|9238,0.0002916535035959742
11,ARFIP1|27236,0.0003872221228912408
12,SENP2|59343,0.0003385875879796798
13,DAPK2|23604,0.00040623341123527797
14,UBE2R2|54926,0.00041628148075550735
15,NFIX|4784,0.00041870341170043273
16,GTPBP10|85865,0.00042611615703588667
17,USP48|84196,0.00030933474897578886
18,ZNF713|349075,0.0004481951206248303
19,"LOC441383,ZNF252|441383",0.0003816317636520314
20,LSM14B|149986,0.0004256678975990437
21,OTUB2|78990,0.00043851577685208505
22,OR8B8|26493,0.0002748919114781379
23,PSMD11|5717,0.00041347055301455167
24,MDN1|23195,0.0003543881671604967
25,MED18|54797,0.00036605086998201257
26,POR|5447,0.0004388422618624936
27,DPPA3|359787,0.000449584374321757
28,FAM54B|56181,0.0004630960654683644
29,C1orf56|54964,0.0003893177934464896
30,DLSTP|1744,0.0004530559897992364
31,WDR40A|25853,0.0005602809053974217
32,C9orf126|286205,0.00040347428472715333
33,PLA2G4E|123745,0.00041252213101980017
34,LOC730107|730107,0.0002816132551724976
35,RP13-122B23.3|25920,0.00040487346020806207
36,TIGD4|201798,0.00034766286062351337
37,KRTAP21-1|337977,0.00040316699491254053
38,HM13|81502,0.0002616288338409599
39,MT3|4504,0.0003858299026304778
40,LOC388789|388789,0.0005487798411215224
41,RSC1A1|6248,0.00037757346625397084
42,IRAK1BP1|134728,0.00021713891772142806
43,VTI1A|143187,0.0005577157303174156
44,SYCP2|10388,0.0005262806648873412
45,CBX1|10951,0.0004128226101768892
46,TYW3|127253,0.00040307317620657434
47,SMAD9|4093,0.00032757211623599374
48,SRF|6722,0.000490884023221112
49,C2orf24|27013,0.00039793933198955253
50,XPNPEP3|63929,0.000560541085054199
51,hCG_18290|644907,0.00031945749420097554
52,PITPNM1|9600,0.00033203923937654106
53,LOC645700|645700,0.00042216098064514894
54,ZNF337|26152,0.0004406644464327343
55,TMEM82|388595,0.00026981799748336413
56,NXF4|55999,0.0004994999004514259
57,LOC128977|128977,0.00047991082611393665
58,MCCC2|64087,0.0005995583548156931
59,SLC22A7|10864,0.0004126374291653264
60,ZNF408|79797,0.00031652347191634756
61,GOSR1|9527,0.00039678063090799176
62,WDR60|55112,0.00025645893255139834
63,NKTR|4820,0.000448260273262566
64,THOC4|10189,0.0004798315009671483
65,C14orf155|84075,0.000334977342235948
66,NDUFA10|4705,0.00040505693715982933
67,MRAS|22808,0.0005301513674360371
68,TOPORS|10210,0.0005419052688861478
69,PHF23|79142,0.000285376202581211
70,SNORA66|26782,0.0003843991201778859
71,C15orf45|641318,0.0002911837388453063
72,ANP32D|23519,0.0003340214594937087
73,COMMD6|170622,0.0004882664877274049
74,TRIM52|84851,0.00037876224848002696
75,TRIM8|81603,0.000534706163829967
76,INTS9|55756,0.0004955319696932821
77,LOC286109|286109,0.00042647215693220823
78,SIM2|6493,0.0002804440277827398
79,RAPGEF6|51735,0.000454379729457885
80,ZNF423|23090,0.0003452898649460416
81,BTF3|689,0.000568528610496964
82,PIK3C2G|5288,0.0003406358941094029
83,EIF6|3692,0.00030870575435069356
84,RPLP2|6181,0.00040869583296727495
85,RNF214|257160,0.00035451223921270533
86,RGL3|57139,0.0003927563370025376
87,MYST3|7994,0.0004161053514815396
88,AGPAT6|137964,0.0002861027459676617
89,ZSCAN23|222696,0.00039835491158732956
90,LOC90110|90110,0.0004572601380785082
91,TBC1D10C|374403,0.0003806617867473953
92,LOC286411|286411,0.00030840424738344345
93,VAPB|9217,0.00024334236678216499
94,RNPEP|6051,0.0005176500380764052
95,LOC340094|340094,0.00035012436011895966
96,APP|351,0.0003443464224422235
97,RNF7|9616,0.00034121984725712126
98,NFX1|4799,0.0003140687642842753
99,OSBP|5007,0.0002635173572646814
100,UBL5|59286,0.0003639582457061049
101,PPP6C|5537,0.000253745931718254
102,ZBTB9|221504,0.00028249579197264123
103,MRPL14|64928,0.0004061459940106566
104,DBN1|1627,0.0003365024206543662
105,HIST1H3F|8968,0.00028220874843022263
106,PHB|5245,0.0003671044667665162
107,FZD9|8326,0.0003188207954922009
108,LOC255275|255275,0.000502392787702978
109,SSR2|6746,0.0003905907183934374
110,LOC728540|728540,0.0003397792299822942
111,HRH4|59340,0.00023601672351049167
112,MON1B|22879,0.0004196033004200023
113,LOC92270|92270,0.00046848667952964517
114,C9orf127|51754,0.00033918235884452836
115,LOC388931|388931,0.0002350290190456876
116,TMEM34|55751,0.000440978287910478
117,SEPW1|6415,0.00031302147104291173
118,MFHAS1|9258,0.00030596966320938754
119,C10orf49|221044,0.0004033737926761278
120,SPZ1|84654,0.0003903824564074515
121,TBL1X|6907,0.0003553400981296062
122,TBK1|29110,0.0003128372476925237
123,ISLR2|57611,0.00041513933625151635
124,ECSIT|51295,0.0003664482087460132
125,INPP5B|3633,0.0004356442425714676
126,OR11L1|391189,0.00041196461896342046
127,RBP3|5949,0.0003794377131444552
128,HIGD2A|192286,0.0003834502560966607
129,RP11-144G6.7|399753,0.00035093191769583444
130,KCTD21|283219,0.0003138148677763018
131,NUDT4P1|440672,0.0003468270921186258
132,CLCN4|1183,0.00042012087834169924
133,DIABLO|56616,0.0003832734621230552
134,C20orf66|343629,0.0002609317233010871
135,FKBP3|2287,0.0003280704664642113
136,CREB1|1385,0.0004225417617821632
137,HIST1H4E|8367,0.0003579786161513162
138,THSD1P|374500,0.00032702212737912244
139,LOC728190|728190,0.0003101442756439282
140,ZBTB12|221527,0.0004041140338858323
141,CENPL|91687,0.0004971576125876616
142,ASB14|142686,0.0003985757121159068
143,GRAP|10750,0.0003607808403545006
144,RPS29|6235,0.00040787369441719747
145,FLRT1|23769,0.0005065197455085067
146,SIVA1|10572,0.0004381924131376617
147,OR10S1|219873,0.00042593506833400117
148,LOC728052|728052,0.0006271710331862622
149,RBM5|10181,0.0004213970681480918
150,ADAM17|6868,0.0003604159920559543
151,NOL9|79707,0.0004569522731596248
152,GPR27|2850,0.0004399738104303785
153,HDC|3067,0.0003972103706782323
154,LOC728215|728215,0.00034311968644602477
155,ERH|2079,0.0002880380546002166
156,MAGED4B|81557,0.0004070456082387996
157,GPC6|10082,0.0003807819799408323
158,PYGO2|90780,0.000497397388572815
159,TMEM164|84187,0.0003166570712180447
160,SBF2|81846,0.0005024236497927312
161,RUFY2|55680,0.0005212036523778172
162,MRPL17|63875,0.0004852679730853216
163,GADD45GIP1|90480,0.0005084935858398539
164,DYNC1H1|1778,0.0003724249996558211
165,BCAN|63827,0.000444191024505946
166,PTPRJ|5795,0.0005502212515342091
167,DVL3|1857,0.00038470389440485077
168,ZNF768|79724,0.00031156798964914096
169,ANAPC4|29945,0.0004557879174049234
170,OR6C65|403282,0.00031858757305895235
171,MRS2L|57380,0.0003383493255878542
172,TMEM147|10430,0.0003825500753335551
173,EXDL2|55218,0.0005525801307456594
174,THOC5|8563,0.0003086423874287339
175,SPIN2A|54466,0.0004601988947683311
176,ZNF532|55205,0.0003690777501194075
177,CDK3|1018,0.0002728659784211639
178,N-PAC|84656,0.0004064290351059686
179,ZFP64|55734,0.0004346324566762629
180,HCP5|10866,0.00042620303143195404
181,MFSD4|148808,0.0005160066314736515
182,LOC144678|144678,0.00041236279482333854
183,BIRC6|57448,0.0004245358760600307
184,ORMDL2|29095,0.00042782351675755865
185,LOC56854|56854,0.00039711691124162657
186,C12orf31|84298,0.00039889032292649755
187,TRAPPC3|27095,0.0003586119045229865
188,NPAL2|79815,0.0004926429877970275
189,BYSL|705,0.00045082136151247643
190,SLC12A8|84561,0.00039266891974920235
191,"LOC653299,BACH2|653299",0.0002302321878990743
192,DDX58|23586,0.00023512070246098973
193,GLB1|2720,0.0003275037752361408
194,MNT|4335,0.00028609863204416433
195,OAZ2|4947,0.0004817281656923341
196,ZSWIM4|65249,0.00035397748511143605
197,LOC202134|202134,0.0003119912837646395
198,CBX8|57332,0.0002937260917168691
199,RAPGEFL1|51195,0.00045998615454103406
200,TMED9|54732,0.00035968079276093364
201,HEBP2|23593,0.0004537894369850613
202,C19orf61|56006,0.0005993096983172826
203,RTN4RL2|349667,0.00029499883624708523
204,HSPBP1|23640,0.0002781903058575859
205,C3orf37|56941,0.0004230741872648945
206,LOC390791|390791,0.0003733980332751707
207,PGM5|5239,0.00042039725040378796
208,LOC401324|401324,0.0005575225215964602
209,WDR77|79084,0.00039636190263168
210,LDB1|8861,0.00035886959479034203
211,DSCR3|10311,0.0002723525757272366
212,C1orf177|163747,0.00022629839764146914
213,PARS2|25973,0.00038380341254638133
214,TESK1|7016,0.00032313948500764923
215,KLF3|51274,0.0006257322028113123
216,NPTX2|4885,0.0003215180161537484
217,FLJ13137|400793,0.00040483749944370754
218,TTLL4|9654,0.0003383930504247021
219,C22orf24|25775,0.00036649947535334127
220,TMEM71|137835,0.00036847639645475733
221,LRRN1|57633,0.00029196954928099086
222,ALDH4A1|8659,0.000399526240154074
223,MYL2|4633,0.0004235639395450576
224,NCK2|8440,0.0004735475647941029
225,PTCD1|26024,0.0005207851620611934
226,MEGF8|1954,0.0004792742981075235
227,PUS3|83480,0.0003776549060299166
228,NOLA3|55505,0.0004482648488844046
229,ZNF470|388566,0.00028799732677663777
230,NRF1|4899,0.00047969101203750725
231,DNAJC7|7266,0.000515383205831946
232,ENTPD8|377841,0.0003880304358586442
233,ZNF584|201514,0.00040215692805650597
234,TFCP2L1|29842,0.0004233055263703894
235,C9orf7|11094,0.0004661507175326207
236,DENR|8562,0.0005229625785827249
237,TRIM64|120146,0.0003967575055548796
238,DKFZP547L112|81787,0.00035669269546792384
239,MAPK8IP3|23162,0.000590485593729032
240,CEP110|11064,0.0003564984589552993
241,C12orf44|60673,0.00031169244357694397
242,HCG27|253018,0.0004220417123931986
243,CLTC|1213,0.00028158433139504246
244,DEFA5|1670,0.0004769113662622109
245,WIPI2|26100,0.000366679183047452
246,CD207|50489,0.00031249612481855707
247,COMTD1|118881,0.0004030766043650315
248,IL19|29949,0.00039136191054649585
249,KIR3DL1|3811,0.00030535331641410224
250,FOXD4L4|349334,0.00033093643690224744
251,RNF138P1|379013,0.000299557259365052
252,LOC284513|284513,0.00031034660680608615
253,API5|8539,0.0004011423896619203
254,WNK2|65268,0.00042717263108361665
255,C11orf35|256329,0.0004917802121653578
256,PKD2|5311,0.0003237666322571806
257,ADAMTSL2|9719,0.0003457636120413298
258,"CCDC13,HIGD1A|152206",0.00032692954867303376
259,CANT1|124583,0.0002857264379146493
260,LOC642361|642361,0.00024447906705485497
261,SLC13A1|6561,0.000301098192023497
262,RYR2|6262,0.0004881585939450991
263,VWA3B|200403,0.0004981151489495351
264,ETV7|51513,0.00048350055190305536
265,SHMT1|6470,0.000490157665584725
266,COPG2|26958,0.00029288251124364123
267,ILF2|3608,0.0003700178917680947
268,SPAG1|6674,0.00029365322942805604
269,MGC21881|389741,0.00031695832919053323
270,TXNDC12|51060,0.00047423308843011936
271,MUC2|4583,0.00035065740071867004
272,F12|2161,0.00044033725882667386
273,FAM116A|201627,0.0004327744817811459
274,SMCR7L|54471,0.00045315767494742926
275,SPIN3|169981,0.00035504405797223443
276,SFRS2|6427,0.0003780539286920798
277,LOC729198|729198,0.0003555451616645798
278,FAM32A|26017,0.0003416146232491437
279,SPANXE|171489,0.00030359735775917126
280,SLC7A6OS|84138,0.00030287021087458993
281,LOC150739|150739,0.0003761800445045796
282,WAS|7454,0.0002727223583573208
283,PDGFD|80310,0.0004431208264701412
284,FAM89A|375061,0.00048243779088081744
285,MIA3|375056,0.0003539505541965308
286,GPR85|54329,0.00025074990438153893
287,CENTB5|116983,0.000444795670534089
288,DKFZP434K028|26070,0.0004680998636360355
289,TRBV3-1|28619,0.00033321659429879616
290,COL5A1|1289,0.0002470941227001699
291,ZNF662|389114,0.00037539895747386906
292,TSPAN33|340348,0.00027125936139582563
293,CYP2R1|120227,0.0004078897146018933
294,KIAA0649|9858,0.000301870400538509
295,TLR5|7100,0.00039859379569526216
296,HPS3|84343,0.00032626340813183245
297,PREP|5550,0.0003878866836310007
298,C9orf32|28989,0.00041167385842011563
299,ZNF668|79759,0.0004318776800431441
300,LMNB1|4001,0.00039098551883895395
301,MUC5AC|4586,0.0004248260288693342
302,MMP14|4323,0.00036813622150602704
303,LOC338579|338579,0.0004272568103409819
304,PFN3|345456,0.0003821411551058493
305,MED8|112950,0.0005311006744491407
306,LOC387761|387761,0.00042062952060618924
307,SET|6418,0.0003569640944751012
308,NTAN1|123803,0.00041903910631057884
309,LGALS2|3957,0.0005886031404674689
310,LCE1E|353135,0.0003915263767070448
311,KCNA3|3738,0.0005567669821463369
312,WIZ|58525,0.00038320292885301796
313,C10orf18|54906,0.0004031993714987544
314,SPRED2|200734,0.00017611369434707125
315,DGCR5|26220,0.0003644502905163653
316,FAM83D|81610,0.00037346168520884264
317,hCG_2041321|391124,0.00048087411309263536
318,ZNF467|168544,0.0006034366089704693
319,ORC2L|4999,0.0005340110515131818
320,PCCA|5095,0.0003761219578079701
321,KIAA1975|119385,0.00031695589793254955
322,SLC26A5|375611,0.00035534793960048715
323,OCLM|10896,0.000449322847537733
324,LCE3C|353144,0.0004360322620770307
325,NOB1|28987,0.00031158172391894607
326,ATP5G2|517,0.00034131201101104166
327,SPCS3|60559,0.0004393787714920477
328,IRAK1|3654,0.0003332210466808458
329,COG7|91949,0.00036889018546173194
330,CD180|4064,0.0002877363312613425
331,STIM2|57620,0.0003826862441239407
332,CSNK2A1P|283106,0.0003362449528771953
333,RAB35|11021,0.00040789952383786944
334,RHBDL3|162494,0.0003269728447788899
335,RNF169|254225,0.00042572521292422866
336,SNORD54|26795,0.00037286339726788127
337,TRH|7200,0.0003417872663327274
338,CACNG7|59284,0.0004454570731929722
339,MRPL44|65080,0.0004678807659225417
340,FNBP1|23048,0.0004735104685493356
341,RFC1|5981,0.00041796997396333915
342,KLF7|8609,0.0005144073192277147
343,BAD|572,0.00040777625263795363
344,ATAD3C|219293,0.0004033923856363357
345,LPP|4026,0.00033995124642435804
346,SPATC1|375686,0.00019962952162672483
347,EHMT1|79813,0.00035577796165486093
348,KCNAB2|8514,0.0004768317353109399
349,GLI2|2736,0.00042536498313050795
350,SERTAD3|29946,0.00027865514512587995
351,IL17RE|132014,0.0004313653878411588
352,LCE3A|353142,0.0003378579889014917
353,ADAMTS12|81792,0.00032077555471863705
354,SPIN4|139886,0.0003433564667609774
355,FOLR3|2352,0.0005722965742646468
356,PABPC5|140886,0.00048304576382703123
357,INCA|440068,0.0006471557487835752
358,PC|5091,0.000351647226700354
359,WNT3|7473,0.0003328057337878149
360,DOK6|220164,0.00023504655138021832
361,GLUL|2752,0.0003170304753610175
362,IL17RD|54756,0.0003249580818363202
363,DMRTA2|63950,0.00028543325470789993
364,ANKRD19|138649,0.00036168237951106905
365,C20orf94|128710,0.00048619637561552614
366,BCDIN3D|144233,0.0003478175414471908
367,ANKRD1|27063,0.0002809958962560577
368,GNG2|54331,0.0003984141905476077
369,DENND4C|55667,0.00030770328412363845
370,EPHA2|1969,0.00030237037818146135
371,LOC285000|285000,0.00038926145867215853
372,UBTD1|80019,0.00034893359957668236
373,DDX23|9416,0.0003301619246244719
374,HIST1H2BA|255626,0.00035143593132117647
375,SNRPA|6626,0.0003596263886373338
376,MALAT1|378938,0.00034741116726428993
377,PIP5K3|200576,0.0005395640113555007
378,GRIN1|2902,0.0004569293171241321
379,TRIM13|10206,0.0003308134778365155
380,FAM128A|653784,0.00024070566275217613
381,VSTM2L|128434,0.000273546527558531
382,LOC646378|646378,0.0004983136123022226
383,NUBP2|10101,0.00034030165641534986
384,PGAM1|5223,0.0003273397176797915
385,ETS1|2113,0.0006065496451165594
386,MTHFR|4524,0.0004310288044741924
387,S100A6|6277,0.0004609208190021085
388,LOC619207|619207,0.0002857157245830085
389,TEAD1|7003,0.00037834502834660033
390,FAM98B|283742,0.00023088117268283564
391,LOC440295|440295,0.0004527127793934225
392,PARVB|29780,0.0002795978424592031
393,PCDHB9|56127,0.0003031710446410559
394,AKR1B10|57016,0.000402378126739016
395,SBK1|388228,0.00038092983272418676
396,ZNF563|147837,0.0003512361716147449
397,SESN1|27244,0.00029939451480117237
398,TRIM26|7726,0.0004461660604484368
399,CCNK|8812,0.0005524817414163126
400,PXMP2|5827,0.0004782888892411397
401,NEIL3|55247,0.0004806247741049425
402,CER1|9350,0.0005086930590469791
403,LOC284964|284964,0.00033979240472833803
404,UTX|7403,0.0003444633611447307
405,RNF4|6047,0.00044191399029812583
406,KCNK5|8645,0.0005778238661524679
407,BCL7B|9275,0.00042368672970696634
408,INSIG2|51141,0.00034399629517591426
409,DPM2|8818,0.00041469273571151323
410,LOC338651|338651,0.00028405536217222826
411,NT5C3|51251,0.00035552546564845413
412,PROX2|283571,0.0003240073382986305
413,KHDC1|80759,0.000364728593690488
414,LOC728064|728064,0.000317408021446909
415,METTL3|56339,0.0003534910164120482
416,C18orf50|619463,0.0003865906300672218
417,LOC728511|728511,0.00030762310948290677
418,SSH2|85464,0.0003512256422705263
419,ZFAT1|57623,0.0004117282567336663
420,LOC645030|645030,0.00035075657315619007
421,USP12|219333,0.0004595937919632387
422,C19orf56|51398,0.0004288124158732947
423,MGC50559|254013,0.00035218074376568284
424,RPS28|6234,0.0004044221005398142
425,PITPNM2|57605,0.00041370846192946803
426,FNTA|2339,0.0004646800174337414
427,CRIP3|401262,0.00025903582930504056
428,ZNHIT2|741,0.00041448005456535376
429,SEC61B|10952,0.00020846465141407606
430,C20orf175|140876,0.00032726279173416405
431,NAB2|4665,0.00048215320525948907
432,KHDRBS3|10656,0.000404053271579406
433,RHOBTB2|23221,0.0003559770566082905
434,CHST10|9486,0.00031917116811872677
435,MAK10|60560,0.000414422427845231
436,NR2C1|7181,0.0005098193565552033
437,TGIF2LY|90655,0.00044599288588876044
438,PABPN1|8106,0.0004309089846918179
439,NKAIN4|128414,0.0006495401761403236
440,GPT|2875,0.00045344396103402156
441,MAK|4117,0.0003394584576115196
442,KIAA1143|57456,0.0003967725029891419
443,SNX19|399979,0.00044220441047716286
444,ACTN1|87,0.0002947090761190184
445,C20orf117|140710,0.00041469930034626254
446,ABCG1|9619,0.0003889173209733273
447,CDK5R1|8851,0.0003820218611994057
448,LOC646982|646982,0.00042804102695073346
449,CITED1|4435,0.00039598308380692075
450,IKBKB|3551,0.0005946013854517989
451,TGFB1|7040,0.0003753915145473188
452,KLHL25|64410,0.0004994692078534573
453,RNF19B|127544,0.00032345320427311667
454,RDH16|8608,0.0004950646745566265
455,C1orf109|54955,0.0002782058772723638
456,CSNK1A1L|122011,0.0004059145930694844
457,LOC401463|401463,0.0004029425034046473
458,NGFR|4804,0.0004324787040284622
459,EZH2|2146,0.0003743971295345769
460,LRIG2|9860,0.0003214978103356673
461,SLC25A31|83447,0.0005091728582370858
462,LOC442210|442210,0.00045133565315228934
463,UGT2A1|10941,0.00035319401811878895
464,AIM2|9447,0.00039006305935077935
465,LRRC31|79782,0.00029890045275788197
466,TRA2A|29896,0.0004819179762569675
467,LRRC19|64922,0.00028225066378982243
468,RNF185|91445,0.00039083963374847875
469,ANKRD55|79722,0.0003709452773179281
470,TSPAN19|144448,0.00042551971204104555
471,RP11-145E5.4|100048912,0.0005450330172905226
472,APTX|54840,0.0003338259471101048
473,PMS2L2|5380,0.00036497517269383777
474,ATG9A|79065,0.0005070116602571917
475,NR1I3|9970,0.0005816681463435234
476,C17orf46|124783,0.0005341500960800237
477,LL22NC03-75B3.6|85352,0.00028875089556597197
478,MAML3|55534,0.0003435707058223093
479,TK1|7083,0.0005172714581867857
480,EIF2B2|8892,0.00032834802683919754
481,PVRIG|79037,0.00039460718680330665
482,KRBA2|124751,0.0003729998398698701
483,GLYCAM1|644076,0.00032007193783425953
484,MINA|84864,0.0003379393109809116
485,SMC1B|27127,0.00033294138160269883
486,LOC389901|389901,0.0002554098685169429
487,OPHN1|4983,0.00040981267561209433
488,NEK6|10783,0.0003267174078993375
489,GARNL1|253959,0.0003096349379483618
490,TRAF4|9618,0.0005054023348284226
491,GMPPB|29925,0.0003749703321259663
492,"SNORA59A,VPS13D|677885",0.000412810143827569
493,OPRL1|4987,0.00036924419809552774
494,LOC441108|441108,0.0004890719467533039
495,ACTRT2|140625,0.00031292531141174657
496,FLJ23356|84197,0.0005201783455398447
497,LOC728953|728953,0.00046910869972758467
498,RPL39L|116832,0.0004834547162079568
499,ATF6|22926,0.0002550041944577548
500,LOC389257|389257,0.00031948945533510334
501,AHCY|191,0.00035993446728399195
502,ARL6IP2|64225,0.0005951886420362374
503,H3F3B|3021,0.00025501425532010785
504,DPYSL2|1808,0.0003157463341363128
505,CBR4|84869,0.0004011941450659679
506,LOC642924|642924,0.00032712091638041857
507,UCP3|7352,0.000475996064762128
508,TMEM60|85025,0.0004053677229882147
509,SLC1A4|6509,0.0003360255589897627
510,"LOC51039,DMN|51039",0.0005231020121522922
511,RASL10B|91608,0.000328371471154834
512,CCM2|83605,0.000345196687323683
513,RASSF5|83593,0.00036341770220655147
514,BMI1|648,0.0005242324393517074
515,SARS|6301,0.00043869045017421544
516,SOX3|6658,0.0004011280445504477
517,KIF5A|3798,0.000444962456685844
518,RWDD3|25950,0.00047740911673624766
519,EBNA1BP2|10969,0.00033620757311997524
520,PTHLH|5744,0.0004166931880550966
521,EPYC|1833,0.000304492697998651
522,KLRC4|8302,0.0006362222157603036
523,ZNF592|9640,0.00031526766514827884
524,ZCCHC5|203430,0.00035090324617139583
525,MAZ|4150,0.0004518567658534072
526,REXO4|57109,0.00033616197887602404
527,METRN|79006,0.00036590638790112966
528,ARPC4|10093,0.0005435490891726913
529,ALG6|29929,0.0002984846879373152
530,KRTDAP|388533,0.00040773488062784927
531,FBXL10|84678,0.00040000737468964153
532,KIAA1704|55425,0.0002961787509047477
533,ZIC5|85416,0.0003056517632088309
534,PMM1|5372,0.0003789542105991359
535,WNK1|65125,0.00025638137097030067
536,HSD11B1L|374875,0.00031285816785264656
537,ZNF391|346157,0.0004167332422331534
538,TRAF3IP3|80342,0.00030178384331257723
539,KCNA5|3741,0.0004551228226285428
540,LCE3E|353145,0.00046853380679935295
541,LOC400960|400960,0.00032783276601018705
542,NUCKS1|64710,0.0004976605086719917
543,NODAL|4838,0.0005384885554578271
544,LOC729451|729451,0.0004281704920912488
545,SERINC2|347735,0.00044451357699240183
546,NPSR1|387129,0.00045304788120485224
547,MAGI3|260425,0.0003805230272314365
548,TRBV5-4|28611,0.0003894978063156567
549,KCNK12|56660,0.00034964490102400224
550,SCN1A|6323,0.0004886453740061559
551,LOC56755|56755,0.0003834667994416799
552,POLH|5429,0.00018622043100418196
553,SLC9A3R1|9368,0.0003106287548075347
554,SSTR5|6755,0.00036935878898529536
555,SFRS16|11129,0.0004004788706654755
556,ZNF174|7727,0.00032713528196826497
557,ZKSCAN2|342357,0.0005104266041533292
558,SETD8|387893,0.00029113857358227925
559,C9orf66|157983,0.000478474850727382
560,ABCA10|10349,0.0002824429571092753
561,MDM4|4194,0.0006351918924850003
562,KRTAP6-2|337967,0.00034179538544681134
563,OR52D1|390066,0.0003545889797293093
564,MGAT5|4249,0.0005495129782842384
565,P4HB|5034,0.0003440027618770619
566,PHF20L1|51105,0.0003074100915750061
567,S100G|795,0.0004677856118452326
568,CSDC2|27254,0.0002657217059638488
569,BRWD2|55717,0.00036324230615258966
570,MAGEB3|4114,0.0004466293888654713
571,XRN2|22803,0.0005231962139500327
572,TM9SF1|10548,0.00047156620513503583
573,GOLT1B|51026,0.0005816055406690215
574,ZNF124|7678,0.0004126344147771051
575,RASGRP4|115727,0.00032403928664027367
576,USH1G|124590,0.00041759573818292363
577,MARS2|92935,0.0004022056409915625
578,URP2|83706,0.0005001971719435409
579,CCNL1|57018,0.0004060267894605786
580,TBC1D3|84218,0.00040879387928763593
581,IQSEC1|9922,0.0004168338865159854
582,GRHL1|29841,0.0003985714197127098
583,VCY1B|353513,0.0005725943911531646
584,TAS2R45|259291,0.00025587175377747546
585,CCDC127|133957,0.0004058283137580932
586,LARP5|23185,0.0003872699649900541
587,DIRC1|116093,0.0004783357445852728
588,C18orf19|125228,0.0002681697108697761
589,"LOC646590,MEG8|646590",0.000368189950441872
590,PRMT2|3275,0.0002608458251708619
591,ITGA4|3676,0.0004543008968492624
592,UNQ6411|401027,0.0003179419748096606
593,RPS13|6207,0.00043879155484487735
594,RGL1|23179,0.00037159372949985666
595,ZBTB5|9925,0.0002703132783173541
596,GOLGA8G|283768,0.0003118270841356069
597,ATP5J|522,0.0003412777234020752
598,MTNR1B|4544,0.00037081023471144175
599,ANKDD1A|348094,0.0006538634408587978
600,PRKAG3|53632,0.0003105185807430571
601,TAL2|6887,0.0003338360718229003
602,MAST2|23139,0.0004644440347582615
603,PROM1|8842,0.00046616286769382044
604,HCN2|610,0.0003015656327542561
605,ABCB11|8647,0.000365028244103504
606,LAT|27040,0.0003810428150496021
607,SLMO1|10650,0.00032025542747046194
608,RNF10|9921,0.00040653303775612076
609,SUPT7L|9913,0.00043511513597344097
610,ZNF622|90441,0.00033431026070297444
611,ENPP7|339221,0.0003674995795954345
612,TMEM86B|255043,0.0003668657081421571
613,SNORD36A|26815,0.00038846755608513083
614,ACTL7A|10881,0.0004233897067577713
615,UBL4A|8266,0.0003642523259551207
616,LOC283713|283713,0.0003865074972570975
617,DEPDC2|80243,0.0004175302899975266
618,GLIPR1|11010,0.0004178667658636423
619,WDR45|11152,0.0004806587338107255
620,C5orf32|84418,0.00021354158681895295
621,MEIG1|644890,0.0004352813560978755
622,HNRPM|4670,0.0002692562340651277
623,CHMP4B|128866,0.00038108084645005507
624,C4orf21|55345,0.0005049270865766797
625,AUTS2|26053,0.0003496584170851729
626,CBY1|25776,0.0005359094412371059
627,PSMB6|5694,0.00034047976389710446
628,XRCC5|7520,0.0003064427532170353
629,CTAGE5|4253,0.0004624856097582604
630,COX19|90639,0.0006054845843758928
631,CLDN1|9076,0.00035718488983177887
632,FLJ25371|152940,0.0005625154526575802
633,HDGFL1|154150,0.0007679011044758315
634,IL12RB2|3595,0.00017685397229822472
635,CTSLL3|1518,0.00035350247217407453
636,RNF114|55905,0.00024512974463790306
637,RGS13|6003,0.0003044750332999766
638,PTCRA|171558,0.0003859801115109875
639,LOC646405|646405,0.00043642050373071206
640,EXOSC8|11340,0.0005543187814021004
641,LRRC17|10234,0.0005879143649734876
642,PS1TP4|414327,0.00033508722926161693
643,AKTIP|64400,0.0004798171917133406
644,LOC284242|284242,0.00044105498469409815
645,LOC285014|285014,0.0005542096776617347
646,NOSIP|51070,0.00049603274668271
647,TMEM99|147184,0.0005159937746896165
648,WNT2|7472,0.00046930380651890214
649,DHODH|1723,0.0003489861453862095
650,FGF7|2252,0.0004101217532849138
651,TEF|7008,0.0003001620025959686
652,ZNF114|163071,0.00027948770902694754
653,LRRC39|127495,0.0004887723949354456
654,ADAM15|8751,0.0004084697714051279
655,RASSF8|11228,0.00017914596517444736
656,ATP6V1E2|90423,0.00046784953609562964
657,PGPEP1|54858,0.0004150450285132981
658,"C4B,C4A|721",0.0002933675643358863
659,C14orf93|60686,0.00036419018677316174
660,BCAR3|8412,0.00037035825708794034
661,METT10D|79066,0.0003859903045196721
662,MGC42105|167359,0.00039805367432133954
663,SLITRK1|114798,0.0004912371103783724
664,LOXL2|4017,0.00026123928120959936
665,TTC17|55761,0.0006292259158018652
666,LSM1|27257,0.0002669523794681464
667,EFNA3|1944,0.00037523182091096785
668,ANKRD26|22852,0.000412092864814167
669,SLC4A2|6522,0.0003787469160013117
670,HLX|3142,0.00035659205230612615
671,LOC441179|441179,0.0005229757266014533
672,PLA2G2F|64600,0.0004886746726893536
673,DUSP9|1852,0.00030660859028039237
674,ZNF3|7551,0.0003849198977631811
675,BTN2A3|54718,0.0003063131293340913
676,EXOSC6|118460,0.0004664782933470244
677,OR1L3|26735,0.00035598474019236275
678,MOS|4342,0.00033932940505045355
679,DISP1|84976,0.00029470359801845225
680,LOC286170|286170,0.00028799162270586276
681,KRTAP20-2|337976,0.00029156224222543517
682,REST|5978,0.00038379127313704084
683,KLHL26|55295,0.0004021904693894483
684,SKAP1|8631,0.0006990123026922449
685,ZFP2|80108,0.00039079437803263745
686,USP7|7874,0.0003572348674999921
687,ZNF787|126208,0.0004718008161743745
688,PACSIN2|11252,0.0005187027692686356
689,CXorf23|256643,0.0003111642931349068
690,SLC25A27|9481,0.0004840845547998589
691,FLNA|2316,0.0003853336497712266
692,DDX17|10521,0.000532759857954225
693,LOC220077|220077,0.00032047687550298433
694,NSUN7|79730,0.00035925546959651126
695,POLR3E|55718,0.00044369390589948167
696,GPR18|2841,0.00045079613290669883
697,MS4A6E|245802,0.0004573289980385445
698,OR1L4|254973,0.0003976033397726761
699,TEX9|374618,0.0004806498094749024
700,KIAA1109|84162,0.00039282985215058304
701,EHBP1L1|254102,0.0002429580042174407
702,ADAMTS16|170690,0.0003916554731702795
703,HOXD11|3237,0.0004483472263793303
704,HOXA7|3204,0.00033028227999777236
705,SFRS5|6430,0.00039039986746574527
706,ZNF319|57567,0.0005202113342964831
707,NUTF2|10204,0.00038946043560307835
708,SNX15|29907,0.00043737830042526397
709,POM121L1|25812,0.0005899961888411157
710,KIF5B|3799,0.00046400750137305934
711,LOC202347|202347,0.00036503907625631967
712,LENG4|79143,0.0004577324552545234
713,LOC255480|255480,0.00045996397312524117
714,SNX11|29916,0.0004682572866442847
715,HAND2|9464,0.0005790606283943403
716,ZBTB9|221504,0.0005380679020168257
717,HOXC13|3229,0.00041560079788817097
718,ZFYVE1|53349,0.00044249147308121384
719,LOC390205|390205,0.000460888041195215
720,MTA2|9219,0.00041700313332808657
721,RPL36|25873,0.0004539918591027467
722,HNRNPL|3191,0.0004106707327448699
723,HCP5|10866,0.0004901926054732334
724,LAMP1|3916,0.00048175482382024253
725,EN1|2019,0.00042633855401226777
726,CBLL1|79872,0.0003978747979165412
727,ZNF428|126299,0.00033656624103529215
728,SPANXE|171489,0.0003698774186599768
729,SMARCD3|6604,0.0003614454269375574
730,PNN|5411,0.00048000575090993523
731,ARF6|382,0.0002730016653187245
732,EBF2|64641,0.0004860416885411116
733,TRPV4|59341,0.000314526079072933
734,RIC8A|60626,0.0004180991105635986
735,HSPA12A|259217,0.0006369365767862702
736,TBX5|6910,0.0006142587841908984
737,HOXC10|3226,0.0003855674579800655
738,SMARCB1|6598,0.0006560504239492362
739,MBP|4155,0.00029238016019617996
740,C2orf51|200523,0.00042049320214153417
741,HIST3H3|8290,0.0004631188897532176
742,"LOC51039,DMN|51039",0.0004959329212724968
743,AGPAT6|137964,0.000471956428031242
744,OPRM1|4988,0.0003036271105055771
745,WDR89|112840,0.00044570609266804005
746,MNT|4335,0.0004608638955309165
747,LRRC33|375387,0.0003995395398497831
748,IDI1|3422,0.0003167288376618447
749,PARS2|25973,0.0003759922897146386
750,TBC1D4|9882,0.00038640691491745674
751,PUS3|83480,0.00039683774527996744
752,BRD4|23476,0.00040760205023367634
753,DCTN5|84516,0.0002154645223922929
754,TP63|8626,0.0005856879091050435
755,ING4|51147,0.00033081376642732536
756,TRIM39|56658,0.0002797605376324318
757,ERMP1|79956,0.0003342224528851501
758,ATP5G2|517,0.0005774620150481476
759,C8orf42|157695,0.00028435575435073213
760,SHOX2|6474,0.0004305222008172373
761,UBE2R2|54926,0.000426699696018729
762,WDHD1|11169,0.0003945889864227293
763,CBFA2T3|863,0.0006188089814335794
764,UXT|8409,0.00045065271711018336
765,B4GALT2|8704,0.00029546696382984263
766,DIO3|1735,0.00044490678850753
767,RSAD2|91543,0.00044468243012540476
768,WDR60|55112,0.0006765539403746808
769,WWOX|51741,0.0003750613211901622
770,MLX|6945,0.00038664489763002153
771,POLR2J4|84820,0.0005378932839083931
772,NBPF14|25832,0.000410818265028646
773,C14orf72|145200,0.0002784834977334643
774,KLHL5|51088,0.0004140769458498223
775,ITM2A|9452,0.00037228019365205094
776,ETS1|2113,0.00029874357125414845
777,OPHN1|4983,0.000414248213386946
778,SNORD116@|692236,0.0005319308484350144
779,MYST2|11143,0.0004490436843191517
780,PTPRJ|5795,0.0002937322955754094
781,CCDC38|120935,0.00022178943956194258
782,ZNF775|285971,0.00043523565008900646
783,NIP30|80011,0.00039960326697411686
784,NONO|4841,0.0003357838791147689
785,MYH7|4625,0.0005074341147393974
786,C3orf64|285203,0.0005020954703516573
787,C19orf22|91300,0.0003065136373310904
788,EPC1|80314,0.00031739629448637036
789,SAMD14|201191,0.00034649475589732686
790,NUP62|23636,0.00043381850215545273
791,LOC51035|51035,0.00025264493002010883
792,PHF23|79142,0.00025343471792409254
793,ENTPD5|957,0.00034684769276063023
794,SLC16A6|9120,0.000549290425508953
795,MGC50559|254013,0.0005490125494206382
796,TXK|7294,0.00039890877953252074
797,UFM1|51569,0.0004248100577371746
798,TUT1|64852,0.0004646354300495507
799,DPY19L1P1|89231,0.0004302266115512182
800,ABCA9|10350,0.0003942278852157505
801,BZW1|9689,0.0004987348679860622
802,ZNF212|7988,0.0004189057547010084
803,RNF149|284996,0.0003792888479941714
804,SLIT3|6586,0.0004249134833526944
805,CAST|831,0.00034009648284517223
806,GALNT5|11227,0.00034284768588405655
807,BAHD1|22893,0.0003516026081119526
808,CANT1|124583,0.0002806824874167942
809,FAM135A|57579,0.00030582807658338727
810,WDR79|55135,0.00042884290537725323
811,KCNA3|3738,0.0005392548130520717
812,LRRFIP2|9209,0.0005854764439282992
813,C9orf166|642968,0.0002896263012788171
814,MRGPRX2|117194,0.0005162078161193399
815,DIRC1|116093,0.0005808228333483406
816,FLJ35530|400798,0.000412045279540246
817,ZNF662|389114,0.0005068036639141756
818,PRPF6|24148,0.0003061706516715449
819,MUM1L1|139221,0.0004222804324307965
820,ZMIZ1|57178,0.00044480338270225564
821,PRKAG3|53632,0.0005216306733747088
822,SNAI2|6591,0.0005289078372647494
823,LOC440934|440934,0.0004591337993140619
824,MAGEC2|51438,0.0004326137798860547
825,MRPL41|64975,0.0002841282937374724
826,GLI1|2735,0.0003096626906119163
827,BCORL1|63035,0.0005435378777199637
828,NUCKS1|64710,0.0002605083463272333
829,FAM53C|51307,0.00046181857380130266
830,ATG2A|23130,0.00036285411113176657
831,SOX3|6658,0.0002793772169953513
832,ZSCAN18|65982,0.0004210521894962322
833,ERH|2079,0.00034048883943353127
834,RPAP1|26015,0.0004970861963248573
835,MAPRE2|10982,0.0005846018634240084
836,CRYBA4|1413,0.0002800681703563142
837,KIAA1545|57666,0.00041965703584752084
838,LRRN2|10446,0.0004460008805336139
839,RNF7|9616,0.0004895524701804576
840,NISCH|11188,0.0004610311623006304
841,BTN2A3|54718,0.0005422379735917667
842,OR10H4|126541,0.0005068909639881398
843,ETNK2|55224,0.0003547698915227136
844,C20orf4|25980,0.00035336513815313977
845,LYPLA3|23659,0.00045874115724913253
846,DEFB105A|245908,0.00038491617838095813
847,LOC338579|338579,0.0004011247303515015
848,C14orf105|55195,0.0003261788813491242
849,ZBTB39|9880,0.00031025074853939993
850,NUB1|51667,0.0005948896096081707
851,PRG2|79948,0.0003923420124441248
852,B3GAT1|27087,0.0004172863175963458
853,SLC5A7|60482,0.00039386917488778257
854,OR2V2|285659,0.0004913685581652958
855,BET1L|51272,0.0002418861623691024
856,TSPAN14|81619,0.00042896019295155527
857,HOXA5|3202,0.00051240263351592
858,LAMA4|3910,0.00037679117885443914
859,SMCR2|140768,0.00038292896607335287
860,AZI2|64343,0.0004888536147135204
861,PNMT|5409,0.0004311018934349584
862,REXO4|57109,0.00025970206159669227
863,PCDHGA5|56110,0.00040813445266510255
864,NKAIN3|286183,0.000420568961637893
865,APEX2|27301,0.00028366376221005394
866,KBTBD2|25948,0.0003866713224168324
867,KCTD21|283219,0.0003624220197004332
868,MRPS14|63931,0.00036507674336264334
869,TBC1D10C|374403,0.00034023735463433705
870,SH3GLP3|727736,0.00046579375736458233
871,ARX|170302,0.0006407063376938269
872,KLHL26|55295,0.0004628497015960807
873,FAM33A|348235,0.00037648299012937967
874,SNORD44|26806,0.0005151496253220138
875,UBE3B|89910,0.00046183754975867016
876,KCND1|3750,0.0005172939105044272
877,ASB3|51130,0.00046330947635229254
878,ZNF503|84858,0.00040090469784293784
879,CALB2|794,0.00047322863942718136
880,SEMA3E|9723,0.0004752963761599165
881,SLC26A10|65012,0.00044124128688088974
882,NOX4|50507,0.00044925697793148816
883,THSD3|145501,0.0005321336388462478
884,KCNA5|3741,0.00048793446271756243
885,DNAJC8|22826,0.000462327940777919
886,ZNF114|163071,0.00042574874881568653
887,DMC1|11144,0.000451233115167454
888,PDE7A|5150,0.0004402694464750714
889,ASB6|140459,0.0006202832213693867
890,TAF1L|138474,0.0005169255568289997
891,TEX264|51368,0.0003061202060565017
892,HDC|3067,0.0003743191799545848
893,NTRK2|4915,0.0004810983685925468
894,GYS1|2997,0.0002741211573514575
895,TAF5L|27097,0.0003831857509717868
896,C2orf34|79823,0.00025650795722124053
897,DDX5|1655,0.0003598125658123454
898,LOC729652|729652,0.00046770545636191707
899,RND3|390,0.0004682937097507964
900,LOC144678|144678,0.0002660617187226822
901,ELL2|22936,0.0002375469273861525
902,SBNO1|55206,0.00035889606402437775
903,FKBP1A|2280,0.0004151471097098423
904,C10orf38|221061,0.00033106629171076837
905,UTP6|55813,0.00042934720002747316
906,LOC283713|283713,0.0005926397041675401
907,ZNF205|7755,0.0002124666075397489
908,PRKG1|5592,0.00045880112242271216
909,LOC728511|728511,0.0004391352247632436
910,WWP2|11060,0.00042426742160591824
911,TRPM3|80036,0.0004990551960481483
912,PTPN22|26191,0.00044953148967336796
913,CDCA4|55038,0.0004114545772071754
914,SNORD49A|26800,0.0005310849447884744
915,STIM2|57620,0.00041893466981092627
916,NOM1|64434,0.00048747184808477814
917,KRTAP9-2|83899,0.00033262484495662144
918,EEF2|1938,0.0003528048737439219
919,TAS2R44|259290,0.0004712679554978085
920,FASN|2194,0.0005543195833539986
921,SLC24A5|283652,0.00036916084096384717
922,WDR40A|25853,0.0005211738938080176
923,CNGB1|1258,0.00039802823821613034
924,ACD|65057,0.0003427772276740317
925,EXDL2|55218,0.00032382249836081966
926,NPAL1|152519,0.00048178064882266564
927,BAIAP3|8938,0.0003251533599437142
928,NUCB1|4924,0.00041384186022399324
929,HDAC2|3066,0.00031742412185853684
930,RAD23A|5886,0.00044198044462573057
931,CACNG4|27092,0.00036096268218180404
932,RNF10|9921,0.00047344624872836145
933,EMB|133418,0.00043640049676949174
934,FKBP6|8468,0.00042404600500713845
935,BRPF1|7862,0.00045929731802148437
936,CCDC66|285331,0.0004648076095860918
937,SLC35E1|79939,0.0004471530049248802
938,FAM91A1|157769,0.0004236876881274298
939,USF1|7391,0.0004580027714374771
940,AUTS2|26053,0.0004858698750866435
941,FLJ16165|390928,0.0002843431129536417
942,LOC387924|387924,0.000506371998076956
943,LRRC56|115399,0.000458949868717675
944,CCDC88A|55704,0.00041379365924760293
945,ERF|2077,0.00029493360062769324
946,ZC3H12D|340152,0.0005357725209267929
947,VAX2|25806,0.000341980669657984
948,KIAA1967|57805,0.00026713558033174674
949,N6AMT2|221143,0.0003795282709113555
950,BRI3|25798,0.0003361504174781542
951,KIF5A|3798,0.00047715275376925264
952,WBP2|23558,0.0005043913298112313
953,ALDH1A1|216,0.0004328507237194876
954,GPR172B|55065,0.0005289191748496056
955,PROX2|283571,0.00031647405327472173
956,MEA1|4201,0.0003375059901188944
957,ARID1B|57492,0.0005501766281122587
958,PPP1R3C|5507,0.0003901104368615511
959,PPP1R9B|84687,0.0003717860142998633
960,KRT84|3890,0.00040813267707019284
961,CLK2P|1197,0.00044422060468750986
962,TDGF3|6998,0.0003776036770547205
963,FLJ20294|55626,0.00037126937029514174
964,LOC145845|145845,0.00032368854349275865
965,ENTPD2|954,0.0004610365936362189
966,RASGEF1C|255426,0.0004706949754107961
967,"LOC441383,ZNF252|441383",0.0004244354884553581
968,MGC34761|283971,0.00037682708278357474
969,FSCN1|6624,0.00022835329448730128
970,CRTAP|10491,0.0006777930041397459
971,SLC25A40|55972,0.0004635652052045169
972,SDK2|54549,0.00041754173124431185
973,RNF185|91445,0.0003074345839594408
974,ACSS2|55902,0.00033211979192288493
975,XAF1|54739,0.0002670334648956157
976,HOXD13|3239,0.0002961718609562507
977,MTIF3|219402,0.0005205361626847316
978,C16orf55|124045,0.0004189978477628501
979,RAB3D|9545,0.0003003948877786276
980,ZNF263|10127,0.0004983407704543302
981,CNBD1|168975,0.0005234766008968487
982,LOC283624|283624,0.0005001678678338989
983,SLC35B3|51000,0.00040985585308900795
984,EIF4A1|1973,0.00035036644199012843
985,HSPC152|51504,0.00037737941797288564
986,BAGE|574,0.0004184920815393019
987,MUSK|4593,0.00028012998701089766
988,INCA|440068,0.0003181892604603177
989,DDX54|79039,0.0003883723779907255
990,PRPF39|55015,0.0003609347185614595
991,KLF10|7071,0.00043727478252992457
992,SCRN1|9805,0.00024930588220840394
993,GNAO1|2775,0.00017752769443887047
994,CCDC101|112869,0.00045500278233225744
995,ZNF16|7564,0.0004788551782912849
996,POR|5447,0.00021668950689840373
997,ENPEP|2028,0.0004344507914821722
998,KCTD19|146212,0.0003546734454679535
999,UPF3A|65110,0.0005230450740260873
1000,NET1|10276,0.00035506508442727724
1001,PDDC1|347862,0.0005009310319276418
1002,RBP3|5949,0.0002779402171503325
1003,CCNL2|81669,0.00030186896435037885
1004,PLCB4|5332,0.00034585924791699586
1005,NR2F2|7026,0.0003342948172503138
1006,TAL2|6887,0.000415234824117402
1007,DMRTA2|63950,0.0002715555614036381
1008,LOC151162|151162,0.0005979728196809939
1009,PLA2G2F|64600,0.0002554873586349394
1010,BHLHB2|8553,0.00034008768784078876
1011,DYNLL1|8655,0.0003880281263237002
1012,C10orf11|83938,0.0004254697265085548
1013,SLC16A10|117247,0.00040554461743220853
1014,PHF20|51230,0.00044116977295381406
1015,RNF180|285671,0.00045882480585197904
1016,ANKAR|150709,0.00048559655840208643
1017,PCCA|5095,0.0004983032253037193
1018,ERCC4|2072,0.00043537715660039934
1019,JHDM1D|80853,0.0005214415478636738
1020,FAM128A|653784,0.00040228590889294534
1021,ADAMTS3|9508,0.0005629955019167108
1022,GMPPB|29925,0.000504527820456073
1023,C12orf34|84915,0.00043181248754358255
1024,SELM|140606,0.0004881505331006404
1025,TMEM90A|646658,0.00027609895442063574
1026,FAM117A|81558,0.00028882658035942724
1027,VPS37B|79720,0.00043940991834449396
1028,IQSEC2|23096,0.00032117337560138155
1029,LOC149643|149643,0.0003353308625294746
1030,POSTN|10631,0.00046492288120424005
1031,PGD|5226,0.0003746528220472512
1032,ZNF33B|7582,0.0005987051295968948
1033,TRIO|7204,0.00046965283750578936
1034,RNF169|254225,0.0002786012324727681
1035,FAM47B|170062,0.00039411502624798166
1036,FLJ11171|55783,0.0002756747867687123
1037,ATXN2L|11273,0.0003177754808105037
1038,MED8|112950,0.0003238197068858933
1039,FAM75A7|26165,0.0004345967190226208
1040,TAS2R43|259289,0.00034672941017849506
1041,OSBPL2|9885,0.0004958200115907456
1042,TRIM26|7726,0.0003069382311015139
1043,OR13C8|138802,0.00036026141603642597
1044,FXYD6|53826,0.00048387154552548056
1045,SLC2A2|6514,0.00039698509984455226
1046,LRRC55|219527,0.0004618849654721441
1047,C1orf106|55765,0.0004216411431449494
1048,PLEKHH2|130271,0.0003588337555850139
1049,SLC35A4|113829,0.00045255611025465286
1050,ZBTB26|57684,0.0004059454950557654
1051,MRPL52|122704,0.0002684840942602891
1052,LOC728705|728705,0.00030259307867021117
1053,CDC25A|993,0.00027980423043362426
1054,OR4N2|390429,0.00025550382423262353
1055,CBX4|8535,0.00036590612914150266
1056,EIF2AK4|440275,0.0006638929539042084
1057,TIGD4|201798,0.0004081635991924329
1058,KIAA0406|9675,0.000435570026978127
1059,USP41|373856,0.0006378036850005877
1060,"LOC145663,GATM|145663",0.00043667093049284077
1061,ZNF490|57474,0.00031187135476015216
1062,PPT2|9374,0.00017971385849121295
1063,BCL9|607,0.0003008559905796954
1064,KLHL12|59349,0.00033127374030967824
1065,ZNF532|55205,0.0004178314499473973
1066,RGAG4|340526,0.000551068125804531
1067,PUSL1|126789,0.0004540705747796604
1068,MGEA5|10724,0.00042761505931983453
1069,KLF9|687,0.0003635202394793738
1070,RXRG|6258,0.00044479973064553085
1071,TRIM27|5987,0.0004331496871322545
1072,FGG|2266,0.000304687350114048
1073,ADAMTSL2|9719,0.0002475214958007786
1074,CTSZ|1522,0.00026397579443847676
1075,ATG4A|115201,0.00029164173871291835
1076,C4orf35|85438,0.00035571415389879066
1077,PLEKHA8|84725,0.000509584266470702
1078,NCBP2L|392517,0.0003920383508912585
1079,ZNF561|93134,0.0004646014066461496
1080,HDHD3|81932,0.0004269686822133895
1081,SLC38A6|145389,0.0005405691004952684
1082,CDK6|1021,0.00038010549974163267
1083,CDKAL1|54901,0.0004192644937971987
1084,CHAD|1101,0.00034744397856691095
1085,CSNK2A1P|283106,0.0003553008487521941
1086,TOPORS|10210,0.0003825070503589781
1087,NDUFA10|4705,0.0005094335763197217
1088,SDF4|51150,0.0003610273919048365
1089,DACT3|147906,0.0003523164685057654
1090,LOC285178|285178,0.0003951599873448355
1091,GORASP1|64689,0.0002870811018958081
1092,SNRPA|6626,0.00035837899813181626
1093,TTC24|164118,0.00029520067851484275
1094,KIAA0492|57238,0.00042414987666791043
1095,MRPL44|65080,0.000375456624421361
1096,CLCN6|1185,0.000298795379668912
1097,C2orf44|80304,0.00034540904277143697
1098,GRIP1|23426,0.0002487480210009473
1099,DKFZp666G057|283726,0.00029338534750360213
1100,PCDHGA9|56107,0.0003492522026711675
1101,COX4NB|10328,0.0003712222057883196
1102,DENND4C|55667,0.0003445629742693491
1103,DCDC2B|149069,0.00032091556555347185
1104,LRRC43|254050,0.00039086286529202094
1105,TMEM108|66000,0.0003924702072858451
1106,PPM1F|9647,0.00037471409834808445
1107,SLC1A4|6509,0.0004731641001748311
1108,ZNF639|51193,0.0002597830632888018
1109,DPF3|8110,0.000414037745127822
1110,SEMA3A|10371,0.00042783319254226747
1111,FAM24A|118670,0.0005262626574963514
1112,LOC390791|390791,0.0005396334826439494
1113,DMAP1|55929,0.00039618714346533607
1114,LOC286109|286109,0.00035611198582489686
1115,PFDN2|5202,0.00037264133733272593
1116,MAFG|4097,0.0003626570441026037
1117,SLC26A11|284129,0.00035557370834153954
1118,TDRD9|122402,0.0006837342663150651
1119,SDCCAG8|10806,0.00047988882515855133
1120,HS3ST5|222537,0.0002840386103090841
1121,BCDO2|83875,0.0003583404603118963
1122,RPL27A|6157,0.0003009201825647556
1123,BCAR3|8412,0.00041251767099266653
1124,MAST2|23139,0.0002577818702325518
1125,OR7A10|390892,0.0005120732025138107
1126,ISLR2|57611,0.0004158493362674291
1127,MMP12|4321,0.000519812972157631
1128,APOB|338,0.00048629036908091026
1129,RP5-1077B9.4|60672,0.00038725383791900084
1130,C19orf56|51398,0.00025682697949337284
1131,hCG_1644239|341356,0.0005984228613082163
1132,HRH2|3274,0.0003121963899331636
1133,LOC253573|253573,0.0004319969164420538
1134,RNF24|11237,0.0003600110202383611
1135,SPEG|10290,0.0003554841948967981
1136,POFUT1|23509,0.0003203779015033502
1137,LOC642924|642924,0.00039908506761120535
1138,PPWD1|23398,0.00042692519539531547
1139,CER1|9350,0.0003566722716240512
1140,ZXDB|158586,0.00029367241926270466
1141,C19orf24|55009,0.00038367938492255894
1142,AFAP1L2|84632,0.00026613172887476015
1143,JMJD1B|51780,0.0003608167584833814
1144,SENP2|59343,0.0005347643298289383
1145,LOC151657|151657,0.0003119718963553415
1146,PTPN1|5770,0.00037466844952832286
1147,LOC642826|642826,0.00043143155179064163
1148,ASPN|54829,0.0005019140622323237
1149,FOXJ1|2302,0.00046264231865235427
1150,NOSIP|51070,0.0004272750519350295
1151,KDELR2|11014,0.0003967115146393777
1152,KRT72|140807,0.00035577396515136723
1153,MLLT4|4301,0.0003825148120093541
1154,ANGPTL5|253935,0.000378796098848369
1155,PLA2G6|8398,0.0004250235579388417
1156,PHKB|5257,0.0003440310225398363
1157,CDC25B|994,0.0004133920507548485
1158,GUCY1A2|2977,0.0003396520969151584
1159,IRAK1BP1|134728,0.00030852247494276414
1160,LOC153910|153910,0.0004412140360543341
1161,MAGED4B|81557,0.0004400241133649812
1162,ZNF79|7633,0.0006510694942671558
1163,TRIP13|9319,0.0004284573783643366
1164,ZC3H10|84872,0.0004533542178582552
1165,PLAGL2|5326,0.0004805429691134051
1166,PTPRF|5792,0.0003618101067422776
1167,CCT7|10574,0.00042718460224577267
1168,LOC153811|153811,0.00032829525318159216
1169,OR2W1|26692,0.0003476515054787507
1170,PCGF6|84108,0.0004451759150263495
1171,ZNF341|84905,0.00027707285520497076
1172,NIPA1|123606,0.0004377091175631647
1173,PTPRV|148713,0.0003623954981084393
1174,TNNT1|7138,0.00037009099110471447
1175,C9orf18|254956,0.00038880456136458933
1176,STRN|6801,0.0003984747947702581
1177,EMD|2010,0.00044473418903298134
1178,KLRG1|10219,0.0003392604110569597
1179,LOC285679|285679,0.0005737135276971952
1180,PPA2|27068,0.00037350087856863866
1181,MORG1|84292,0.000256735953746613
1182,LOC56854|56854,0.0003359309290291546
1183,MEX3D|399664,0.0005174718655423423
1184,LOC646871|646871,0.0004179561320121272
1185,STARD7|56910,0.00034508829562531905
1186,PLCH2|9651,0.0004434390515117749
1187,LOC645030|645030,0.0004581389358304616
1188,MINA|84864,0.0004225474392544506
1189,LOC387654|387654,0.00042069230903948846
1190,CHRM5|1133,0.00030367424200215137
1191,CDR1|1038,0.0003779223479897024
1192,GPR27|2850,0.00023344917101736026
1193,C3orf10|55845,0.0003318354309951827
1194,KLK2|3817,0.0002843261952704463
1195,C4orf8|8603,0.0003121411512039806
1196,PPRC1|23082,0.00041817819188029036
1197,LOC284861|284861,0.0005561355013963449
1198,ZNF625|90589,0.00040061509923006665
1199,KLRA1|10748,0.00038949739446094957
1200,C6orf184|221261,0.0004958551451590292
1201,CLDN2|9075,0.0005204726733138541
1202,RPN1|6184,0.00041519815777904914
1203,SETD1B|23067,0.00035778988114719835
1204,PIP5K1A|8394,0.00041323908659404674
1205,EFCBP2|54550,0.000390060900857692
1206,PTGS2|5743,0.0004427660853533349
1207,KIR2DS3|3808,0.0007562036585946829
1208,LOC388931|388931,0.0003595291850742953
1209,SNORA67|26781,0.0003470027973304048
1210,hCG_1790950|256085,0.0005118091186139344
1211,KIAA0754|643314,0.00031222490017190137
1212,FMN1|342184,0.0005894348983283821
1213,TACC1|6867,0.00041852519696597434
1214,GPSN2|9524,0.00043575671974417
1215,LSM6|11157,0.00043753317642566996
1216,TRIM68|55128,0.0004474219166801334
1217,FLJ25801|205860,0.00044200980531172387
1218,RASD1|51655,0.00041274961996970525
1219,RAP2B|5912,0.0004121317538409209
1220,GABRR2|2570,0.0005078465087067852
1221,CPD|1362,0.0003212420737746281
1222,GJB4|127534,0.00047405926597043045
1223,ELMO2|63916,0.00037470767424490443
1224,NKX2-3|159296,0.00037700016742070377
1225,PIK3CD|5293,0.0004079536750258703
1226,BIRC8|112401,0.00029496605681477003
1227,CRIPT|9419,0.0003633952134065253
1228,SLC35F2|54733,0.0004019409045313095
1229,ONECUT2|9480,0.00045926057872540664
1230,WDR81|124997,0.00043496339223130935
1231,FAM98B|283742,0.00019546895714438281
1232,NUDT19|390916,0.0004724910270766543
1233,C16orf77|146433,0.0005708926302178372
1234,ACTR1A|10121,0.00045311742585050076
1235,OSBP|5007,0.0004268878323969702
1236,GINS2|51659,0.0003168021617249639
1237,CNDP1|84735,0.00032639308764842066
1238,HMX1|3166,0.000493468221226704
1239,"FLJ41757,ATP6V1E2|440862",0.00038609039227379424
1240,IL6R|3570,0.0003500492581963999
1241,ANKRD55|79722,0.0005057365810918003
1242,PLA2G4A|5321,0.00038767013752132094
1243,RHOBTB1|9886,0.000331389959393167
1244,ZNF681|148213,0.00020801122942798076
1245,C20orf42|55612,0.00038599395199415137
1246,STAT1|6772,0.00041528213810262363
1247,ZC3HC1|51530,0.00038387309162096924
1248,HSD11B1|3290,0.0004059884873640504
1249,BLOC1S1|2647,0.0004053698988469395
1250,C16orf44|79786,0.0002900634563726345
1251,TETRAN|10227,0.0002953038404332353
1252,C1orf77|26097,0.0004249896770678655
1253,VKORC1|79001,0.0003733333293498692
1254,ZNF34|80778,0.00047602121321860627
1255,TCF20|6942,0.0006025608316693694
1256,PPP6C|5537,0.0002822291972111268
1257,RPL23A|6147,0.0003699005576515449
1258,HEXA|3073,0.0003004579841296814
1259,ZNF674|641339,0.0003680252426994016
1260,SEC14L5|9717,0.0006431156840691627
1261,ABI1|10006,0.00034683563118021604
1262,NPDC1|56654,0.000355196337868549
1263,IL19|29949,0.00038073314813000085
1264,STIL|6491,0.000487296905655079
1265,KIF5C|3800,0.0005479931129278409
1266,DPY19L1|23333,0.00028677674198512225
1267,ANKRD20A1|84210,0.0005064525972207029
1268,USP32|84669,0.00038910565613538555
1269,TMSL3|7117,0.0003059365022159541
1270,DNAJB11|51726,0.0003473749409695897
1271,CNR2|1269,0.0003580543408721505
1272,OR2T5|401993,0.00042939023743428456
1273,MAP7D1|55700,0.0006353646716595034
1274,NUBP2|10101,0.0005657603076349193
1275,C1orf123|54987,0.00043230578562201917
1276,TARBP2|6895,0.00040842539579914456
1277,IL22RA2|116379,0.0003546043850324352
1278,RPS6KB2|6199,0.0004452159962992768
1279,DIAPH2|1730,0.0003731384743094338
1280,GALNT12|79695,0.0005228392261826715
1281,PTGES|9536,0.0003951083430931182
1282,DSCR3|10311,0.0003644180614162914
1283,CLK2|1196,0.00045025358459483734
1284,PLSCR2|57047,0.00032407346752395973
1285,HIST1H1E|3008,0.00040022048065798494
1286,LYST|1130,0.0003550140064904587
1287,"PTMAP7,PTMA|326626",0.00035954517347344564
1288,CBR4|84869,0.0005963397088568244
1289,ETV7|51513,0.0004854084504197128
1290,OPA3|80207,0.0004361638302421046
1291,EFNB2|1948,0.00042212648889052495
1292,LOC283331|283331,0.0004247950987705762
1293,AMY2B|280,0.00037811381111870027
1294,C8orf70|51101,0.000419120308725047
1295,IL17D|53342,0.0004968106497361812
1296,PRSS36|146547,0.00045553084564156816
1297,CDC20B|166979,0.000504694793021424
1298,TMEM184B|25829,0.0006624126029067126
1299,PDGFB|5155,0.0005131800287551914
1300,HMCN1|83872,0.00027799853418422333
1301,"CCDC42,IFI6|146849",0.00036939998683206037
1302,PATL1|219988,0.0004427670574382724
1303,FCRL3|115352,0.0001980556011687876
1304,CECR5|27440,0.000521667807630474
1305,SYAP1|94056,0.000375369532175032
1306,TBX10|347853,0.0004212315035435032
1307,SLC3A1|6519,0.00031434965921957114
1308,WDR34|89891,0.00031988552726257784
1309,RCAN1|1827,0.00037277972606765007
1310,SLC25A22|79751,0.0004568586926791782
1311,AFAP1|60312,0.0004775565326280261
1312,SFRS16|11129,0.000384681939729404
1313,USP48|84196,0.0004806260047234467
1314,LCE4A|199834,0.00044628008570283043
1315,RNF4|6047,0.00044355078694536
1316,DDX49|54555,0.0005762452844600265
1317,SERPINA4|5267,0.0005405170873764277
1318,LY6G6D|58530,0.0003718781769691993
1319,RBM10|8241,0.0003063506952402675
1320,CST8|10047,0.0004052093112207829
1321,GK3P|2713,0.0003976207814016879
1322,LUM|4060,0.0004148777864373867
1323,C20orf181|140843,0.0004903478144661201
1324,TRBV3-1|28619,0.0004957504588598561
1325,RAB3IP|117177,0.00021962693555338124
1326,NEK4|6787,0.0004212605434852439
1327,C22:CTA-250D10.9|440829,0.0004394720334788422
1328,SMYD4|114826,0.0002979917401811441
1329,RAB12|201475,0.00033304144484007576
1330,PRSS35|167681,0.0005642674291940775
1331,FBXL13|222235,0.0005569091694209115
1332,PCDHAC1|56135,0.0003747014381394562
1333,NCK1|4690,0.00036496295380665316
1334,HCFC1|3054,0.000388089735857326
1335,ATP8B1|5205,0.00041029970830120397
1336,ZFP14|57677,0.00044292032004309215
1337,PEF1|553115,0.0005716016861945531
1338,PC|5091,0.0005594191006759708
1339,LOC441925|441925,0.0005475198451069711
1340,KIR3DL1|3811,0.00035378771742973654
1341,TGIF2LY|90655,0.0002232487920038312
1342,MRS2L|57380,0.00042892477197957235
1343,LOC387761|387761,0.0003028145024627073
1344,PXDN|7837,0.00044715550311221186
1345,C7orf34|135927,0.0004701013407260082
1346,MAN2B2|23324,0.0004044118079530745
1347,HIST1H4E|8367,0.0003444548103201049
1348,GPR17|2840,0.00036460613602537636
1349,CSAD|51380,0.00037878296974722575
1350,ZKSCAN2|342357,0.00027288674554922697
1351,SKIP|51763,0.0002426928585837021
1352,RUFY2|55680,0.00022616029625556277
1353,ADRA2C|152,0.0005200983409944094
1354,VPS53|55275,0.0005055755397535454
1355,MUC15|143662,0.0002897399173779089
1356,C10orf76|79591,0.00035431475090959524
1357,DCP1B|196513,0.00038583573830929506
1358,CDY2A|9426,0.00039711267787769514
1359,CTAG1A|246100,0.0004679682129122987
1360,CYP20A1|57404,0.0003708011368718936
1361,PDE3A|5139,0.00029291343400220267
1362,PIAS3|10401,0.00023495902001405448
1363,DDX46|9879,0.0003591510516642151
1364,SAMD9|54809,0.0002849059707224958
1365,FPGS|2356,0.0003599747687928334
1366,QTRT1|81890,0.0004741448584778392
1367,ZBTB3|79842,0.0003046556533118912
1368,FLJ10490|55150,0.0003031592869700702
1369,PSKH1|5681,0.0003509859500088544
1370,HOXD3|3232,0.0003499568089403908
1371,CMYA5|202333,0.00031249298950677853
1372,C1orf89|79363,0.00040238189954094374
1373,NTSR1|4923,0.00041689235544565683
1374,HBS1L|10767,0.00044677790252269816
1375,C4orf21|55345,0.00041505373401055283
1376,BARHL2|343472,0.00023920938296139756
1377,RANBP10|57610,0.0003833508724803014
1378,"TSSK2,DGCR14|23617",0.0002759174260452767
1379,OR56A3|390083,0.0005436507779447079
1380,MEIG1|644890,0.00035756021795641305
1381,ISOC2|79763,0.0005229603466874153
1382,C10orf49|221044,0.0005179595588349831
1383,LOC123855|123855,0.0004318476039804446
1384,TRH|7200,0.0003648461529588443
1385,C6orf206|221421,0.00022352667827455435
1386,LOC391556|391556,0.00044570419322484433
1387,LRRC42|115353,0.00046052073796007934
1388,HLA-B|3106,0.0004562547697487795
1389,MAGEA10|4109,0.0004408653272526559
1390,ISL2|64843,0.0003634535818767905
1391,OTOR|56914,0.0004184691034235318
1392,LIPC|3990,0.00042053962164807866
1393,SSR2|6746,0.0005266121309557307
1394,TM4SF4|7104,0.000491568158532798
1395,LOC441242|441242,0.0004772962186578361
1396,C1orf58|148362,0.0004163255611106363
1397,PPP2R5B|5526,0.00025090267471266774
1398,TNNT2|7139,0.00027646001259675515
1399,TEX13A|56157,0.0003960441033856671
1400,LOC441009|441009,0.0002883204224648608
1401,DVL2|1856,0.00028590901180254575
1402,SHANK1|50944,0.00031439226606955043
1403,KIAA1841|84542,0.00042499454810444
1404,MAPK14|1432,0.0003692814206534787
1405,C9orf90|203245,0.000431702557086334
1406,DTWD2|285605,0.0003967223867438059
1407,LOC442497|442497,0.00034038268564796925
1408,LOC401152|401152,0.0005100358847976343
1409,SRRM1|10250,0.000414783574850301
1410,HOXA7|3204,0.00032144211860122196
1411,HAND2|9464,0.00033018483185160374
1412,OTP|23440,0.00046356159226702007
1413,CBX4|8535,0.0004197253687395676
1414,KCNG1|3755,0.0004602497605844398
1415,EN1|2019,0.00046710470922012943
1416,ZNF703|80139,0.0005840866969042701
1417,ING4|51147,0.0003805176369888162
1418,STIM2|57620,0.00046171390049412175
1419,TBX5|6910,0.000300304974644853
1420,PITX2|5308,0.0004257094128126791
1421,DKFZP564M1462|26101,0.00040401659758600183
1422,RPS15|6209,0.00036248296570481566
1423,ADRM1|11047,0.0002782823482547103
1424,HOXB13|10481,0.0002089222976011209
1425,ITM2A|9452,0.0004291230748849
1426,RXRG|6258,0.00033871869496501485
1427,NFE2L1|4779,0.0002743399724512175
1428,MORG1|84292,0.0004035820741008631
1429,FAM120A|23196,0.0004156337833273481
1430,SHOX2|6474,0.0002645997654300619
1431,CCDC107|203260,0.0005329981343670003
1432,LRRC61|65999,0.00033483519359240016
1433,SENP3|26168,0.0004194785229591704
1434,BAHD1|22893,0.0002951655747095076
1435,FKBP1A|2280,0.0003235431417159025
1436,NTSR1|4923,0.0002026514115834386
1437,TRIM27|5987,0.0005374148397968108
1438,NFATC2IP|84901,0.0004946547679796444
1439,BGLAP|632,0.0004447159649975347
1440,LOC285300|285300,0.000256341700461464
1441,SNX15|29907,0.00034124739092691576
1442,SNX11|29916,0.0003398799638937162
1443,HOXA13|3209,0.000455904102358418
1444,MRPL41|64975,0.0004238679015628946
1445,PAPD4|167153,0.00042994503722183243
1446,ANKAR|150709,0.00035844033582937973
1447,ZNF581|51545,0.0003969438273943698
1448,ZNF317|57693,0.000488734006956338
1449,PPT2|9374,0.00048824162458097477
1450,SMPD2|6610,0.0003220448326353955
1451,RCN1|5954,0.0004931313108188471
1452,HAX1|10456,0.00038340129799073334
1453,TRPV4|59341,0.00043039239693804193
1454,SIX6|4990,0.0003942403221052864
1455,C2orf51|200523,0.0004913810797569308
1456,SLC6A18|348932,0.00033817354017615363
1457,C6orf206|221421,0.0002832681290173857
1458,KIAA1975|119385,0.0006402137844774552
1459,CRTAP|10491,0.00039223361854894587
1460,ZNF514|84874,0.00029546534707118556
1461,CST2|1470,0.0006104865380757619
1462,HDHD3|81932,0.000390708680056234
1463,ANXA4|307,0.0003863328046721747
1464,INADL|10207,0.0004594444749632244
1465,EXOC3L|283849,0.000473320474278732
1466,PUF60|22827,0.00040543169000745134
1467,MRPS34|65993,0.00046363098310001614
1468,DPP4|1803,0.0004294242227184295
1469,POU4F2|5458,0.0003635493575311283
1470,WDR60|55112,0.00031915944737395305
1471,POLR1D|51082,0.0004070862191228445
1472,TBRG4|9238,0.0003084130219439628
1473,SUPV3L1|6832,0.00046789380375407224
1474,LOC143381|143381,0.0004734494743446157
1475,LOC391526|391526,0.0004758436512428729
1476,SF3B3|23450,0.00038316227372966756
1477,CAST|831,0.00043117230599396645
1478,DDI1|414301,0.0004836488666126726
1479,FLJ45909|126432,0.00028766960053365714
1480,INSIG1|3638,0.0002861836083787948
1481,TRPM3|80036,0.0004296682776722601
1482,LOC440934|440934,0.0004546621249686464
1483,CCNF|899,0.00038285960132226817
1484,ATXN1L|342371,0.0004895838724726129
1485,LOC645030|645030,0.00040254595482584234
1486,EBF2|64641,0.000447472140008096
1487,PPIL1|51645,0.00033725171524341734
1488,PMP2|5375,0.00038053312546527474
1489,PPIB|5479,0.00035376093913399155
1490,LGALS1|3956,0.00037997900710274517
1491,ASGR1|432,0.0003141895285066367
1492,IFRG15|64163,0.0006497155795764477
1493,USF1|7391,0.00030315788287391446
1494,DYNC1H1|1778,0.00045112005864306925
1495,EIF2AK4|440275,0.00031455404614369703
1496,LOC442245|442245,0.0003652624337261072
1497,KCTD21|283219,0.0002706762307535605
1498,ADH7|131,0.0002546673033096769
1499,LOC115110|115110,0.00023558597424739474
1500,hCG_2023776|402562,0.0003655737775726648
1501,HECTD1|25831,0.00030415569404231214
1502,RNF7|9616,0.0005678309987414087
1503,IGFALS|3483,0.0002771770848537859
1504,ZNF593|51042,0.00031735163340524287
1505,RASGRF2|5924,0.0004395822753438249
1506,SLC38A6|145389,0.0005516328309960805
1507,ZSWIM1|90204,0.0002151968247474097
1508,STXBP2|6813,0.00037555922847785266
1509,DTX1|1840,0.0003115635365574616
1510,SHANK1|50944,0.000312799915201236
1511,TSPAN31|6302,0.00017337481262309095
1512,"SNORA62,RPSA|6044",0.0002972173598459429
1513,FARSB|10056,0.0004332364701501084
1514,BCL9L|283149,0.0003490026884141825
1515,PRPF6|24148,0.000358425163910308
1516,PTER|9317,0.0005466895777368414
1517,RASA2|5922,0.0003321185827020027
1518,BRAF|673,0.0005709574589935341
1519,SETD1B|23067,0.0007308764540175234
1520,THAP8|199745,0.00042834795410517305
1521,LCN6|158062,0.00043925182608545285
1522,ATP5I|521,0.00043039751297761287
1523,PRR3|80742,0.00038730022653505236
1524,AOF2|23028,0.0005250083078704171
1525,ENTPD5|957,0.00030705849240794046
1526,PRDM16|63976,0.0005427766835539326
1527,COL4A3BP|10087,0.0005255939464249993
1528,DAAM1|23002,0.00024116397395923254
1529,PCNXL3|399909,0.0002259102124459319
1530,MYH9|481280,0.0004576730824141812
1531,FLJ10490|55150,0.0005372221831421282
1532,CCDC140|151278,0.0005644438760161767
1533,HOXA5|3202,0.0004551005627314906
1534,HHLA3|11147,0.0004449155140601747
1535,ZNF628|89887,0.00029360372050783474
1536,C1orf184|149281,0.0005375697053157029
1537,KPNA6|23633,0.0004288854597707609
1538,ZNF137|7696,0.0003534648124472521
1539,C16orf14|84331,0.000513010479513083
1540,CTTN|2017,0.0003544231392346958
1541,TDRD3|81550,0.0003262539543942754
1542,KIAA1545|57666,0.0003212796084826555
1543,NCL|4691,0.000366023991241975
1544,MINA|84864,0.00021820511404007308
1545,MYST1|84148,0.00048503735638643394
1546,FOXP1|27086,0.00035116965197085835
1547,ZBTB9|221504,0.00030504595765142256
1548,ENTPD7|57089,0.0004228109557395242
1549,TNNC2|7125,0.0004224096495936408
1550,TCF7|6932,0.000486443240628129
1551,PRELID2|153768,0.000258965729735366
1552,SDAD1|55153,0.00043201856894384814
1553,DDX49|54555,0.0003783421569497055
1554,ZNF490|57474,0.0003824126116606528
1555,CALB2|794,0.0002975046157610667
1556,NUDT16L1|84309,0.00038966014911388693
1557,JMJD2C|23081,0.0002600167864925248
1558,ISY1|57461,0.00046052786628894614
1559,LOC643327|643327,0.0003174398457515293
1560,LOC642826|642826,0.0004177498951158396
1561,GPSM2|29899,0.00033498880429834964
1562,ZNF280B|140883,0.0005242238318091171
1563,RAPGEF6|51735,0.0003270626789501124
1564,PLEKHG6|55200,0.0004888924721815027
1565,PRICKLE2|166336,0.0003476461172670733
1566,NFASC|23114,0.0003416981922721474
1567,FBXO43|286151,0.00031082451318203866
1568,UPP2|151531,0.0003889122589373036
1569,HCN4|10021,0.00038855503286998105
1570,PPA2|27068,0.0004484817383100933
1571,CEP290|80184,0.00041108284122218615
1572,METTL8|79828,0.0004829094101264568
1573,NDUFA2|4695,0.00035889412820277555
1574,FGF8|2253,0.00031817835037786357
1575,PAR4|347745,0.00037287349364536565
1576,ATP13A1|57130,0.0003195975524582418
1577,GRB14|2888,0.0004247338748924388
1578,JMJD2A|9682,0.0005171619726510137
1579,P2RX3|5024,0.0004096961398246658
1580,LOC92270|92270,0.0004436727825504977
1581,ZNF662|389114,0.00047294177669449864
1582,DYNC1LI2|1783,0.00036507166715909247
1583,LOC285084|285084,0.00040041839282001235
1584,C10orf76|79591,0.0002848768878936887
1585,MUSK|4593,0.0003353724134995471
1586,DGCR14|8220,0.0003134026932239332
1587,DEFB105A|245908,0.0003968139834979726
1588,IL9|3578,0.00043617140198704116
1589,KIAA0484|57240,0.00041354406347113943
1590,MBL1P1|8512,0.00041939115800339224
1591,C15orf45|641318,0.0005242828323408031
1592,LOC728640|728640,0.0004305293751474175
1593,D21S2090E|266918,0.0003374751582882687
1594,PNMT|5409,0.0003728015316278731
1595,PMPCA|23203,0.00032165237571637025
1596,GNB4|59345,0.0004483442385393177
1597,HCP5|10866,0.00036926969735028427
1598,CD276|80381,0.0002788906555577312
1599,PLEKHH2|130271,0.0003260905851261927
1600,CHAD|1101,0.00040422012637897917
1601,PARS2|25973,0.0002964416165653636
1602,C14orf65|317762,0.0003856331806347763
1603,VPS53|55275,0.00030595186224777546
1604,KCND1|3750,0.0003767665075949318
1605,PI4K2A|55361,0.0004495909208855106
1606,VGLL2|245806,0.00033250332583029834
1607,TXNDC2|84203,0.0003262405570856246
1608,TRIM26|7726,0.0004995569459722547
1609,LOC390791|390791,0.0003760528952812673
1610,TUFM|7284,0.00056294807419501
1611,PUS3|83480,0.00040855907088952197
1612,RPN1|6184,0.0003842107437171814
1613,CDR1|1038,0.0004280501517172566
1614,PMVK|10654,0.0004530845064197147
1615,UBE1L2|55236,0.0003296974488975176
1616,IPP|3652,0.00035625218315032394
1617,EPM2A|7957,0.0005385467203216028
1618,C10orf132|401647,0.00024920172350292337
1619,RHOT1|55288,0.00043096201488055015
1620,ABLIM1|3983,0.0004361321590118498
1621,ZNF611|81856,0.0004342453591482723
1622,ATP1A4|480,0.00033792858445322164
1623,SEMA3A|10371,0.0006223925935093369
1624,NCBP2L|392517,0.0005184668887925309
1625,VPS13D|55187,0.000242778610125086
1626,XAF1|54739,0.00029920963360446397
1627,MTMR8|55613,0.000485133466393555
1628,MBD3L1|85509,0.0004901412149613505
1629,SLC9A3R2|9351,0.00036447968821150777
1630,DACH1|1602,0.00036181654880435975
1631,MPP3|4356,0.00038005340676633957
1632,ALDH1A1|216,0.00041617250421366043
1633,LOC441377|441377,0.0005507607575923653
1634,C14orf124|56948,0.000302086920283622
1635,HOXC6|3223,0.00038872910466491604
1636,MN1|4330,0.0004730074737086666
1637,LAMA4|3910,0.0003368555823787577
1638,NOSIP|51070,0.0002499289771770399
1639,LIPC|3990,0.0002800659618539021
1640,NCAN|1463,0.00026252429794852803
1641,C2orf3|6936,0.00044027216170851216
1642,CD7|924,0.00028338259933853094
1643,FAM33A|348235,0.0004220774463799215
1644,IQSEC2|23096,0.00020869630970310802
1645,CLUAP1|23059,0.0003579914353624055
1646,TOP2B|7155,0.00033329880593586405
1647,C8orf44|56260,0.000385481053183803
1648,KRIT1|889,0.00039700830722323434
1649,HNRNPU|3192,0.0004284842896743091
1650,C1orf58|148362,0.0003657139417867536
1651,FAM26B|51063,0.0004823798896835814
1652,C3orf52|79669,0.0003058513413094941
1653,CBX8|57332,0.000516610486103165
1654,ST3GAL6|10402,0.00029272194893394414
1655,ZBTB39|9880,0.000527318274674055
1656,GLI1|2735,0.0003254236620274754
1657,ERCC4|2072,0.0004165982291583684
1658,NBPF3|84224,0.00035504911825356533
1659,EIF2B5|8893,0.00042149648073174173
1660,LPIN3|64900,0.00034874234630549207
1661,GCM1|8521,0.0005426924738070677
1662,DTX3|196403,0.0002562736386819876
1663,KCNA5|3741,0.00030090260025063097
1664,NUDC|10726,0.0002532892533207932
1665,TIMM9|26520,0.00028176012203820966
1666,PDGFB|5155,0.0004512019206971445
1667,DUSP26|78986,0.000354920949403519
1668,MRPL49|740,0.0002504398591215582
1669,SAMD14|201191,0.0004748161910217595
1670,FCRL3|115352,0.0003210389941027509
1671,AMY2A|279,0.0004123910037049719
1672,CACNG4|27092,0.0002809147315155369
1673,SLC30A4|7782,0.0002727734634888843
1674,NKX3-2|579,0.00037739822462583647
1675,THOC4|10189,0.0004269288838616609
1676,RNF24|11237,0.0002751542409023188
1677,SPOP|8405,0.0002970637908523222
1678,LOC645652|645652,0.00047317293443141127
1679,PDIA3|2923,0.00033576348427008735
1680,SLC39A8|64116,0.000340168754709439
1681,THBS2|7058,0.00039008036688454163
1682,DIO3|1735,0.00047699848681294517
1683,ZNF691|51058,0.0004083656261076198
1684,AOF1|221656,0.00031673604089671025
1685,USP7|7874,0.00045711626757343545
1686,ARD1B|84779,0.0003021968786366194
1687,RPL22|6146,0.00019763778069938585
1688,RCP9|27297,0.0004059780360456065
1689,PNN|5411,0.0004793998172401545
1690,SMEK3P|139420,0.0003291994176540209
1691,RNF169|254225,0.0003661549517363542
1692,MYCL1|4610,0.00025600949760878715
1693,LRRC55|219527,0.00045614712654062277
1694,OR2Z1|284383,0.0004864090202959939
1695,KDELR1|10945,0.00033380331248141686
1696,UCP1|7350,0.00039926157361775116
1697,BCL2L14|79370,0.0004036447754826555
1698,DPY19L1P1|89231,0.00047479423476263767
1699,TGIF2LY|90655,0.00027078296385882805
1700,NXF5|55998,0.00038895157853880666
1701,CREB3L3|84699,0.00029445196222970926
1702,C6orf72|116254,0.000467407282975295
1703,HDLBP|3069,0.00029197204312580695
1704,C6orf81|221481,0.0003762799196624591
1705,ITPR1|3708,0.00038184379735078206
1706,SF3A1|10291,0.0005690170490112266
1707,SPANXA1|30014,0.00038719616529764994
1708,GPR150|285601,0.000287409330494813
1709,GNPTG|84572,0.0002119832204232754
1710,LOC154860|154860,0.0004026672697513507
1711,NKX2-6|137814,0.00034471557211921864
1712,CACNA1B|774,0.0004736310925404628
1713,ZNF497|162968,0.00046662988000752506
1714,EPS15|2060,0.00030462818519510874
1715,CXorf34|79979,0.00028771383013862645
1716,CCNB1IP1|57820,0.0005053070867516062
1717,"SNORA59A,VPS13D|677885",0.00040832708326459335
1718,OR8K3|219473,0.00021634685760234907
1719,3.8-1|352961,0.00030033575913073255
1720,CCDC109A|90550,0.00031772747952945576
1721,POLD3|10714,0.000367107752277502
1722,FRMD3|257019,0.0005122176343976531
1723,TADA3L|10474,0.0002701572510601249
1724,PTGES|9536,0.0005079488008225405
1725,CANX|821,0.00022633058938134132
1726,TRGV7|6981,0.0002860690694584333
1727,SLC27A5|10998,0.0005133300500934779
1728,KCNK7|10089,0.0005259838128006186
1729,HOXD13|3239,0.00031330102195103386
1730,TMEM81|388730,0.000333229402021575
1731,TMCO3|55002,0.0003399089879043365
1732,"LOC145663,GATM|145663",0.00032893949835601107
1733,TMEM190|147744,0.0005404363887985028
1734,RAB11FIP4|84440,0.00047384462320682855
1735,LOC147645|147645,0.0004829155468661578
1736,VPS13C|54832,0.0003509638519101734
1737,IGSF2|9398,0.0003049435143345717
1738,TRIM65|201292,0.00046651631571463325
1739,GNL2|29889,0.00044277079816949343
1740,ITSN2|50618,0.00046501338781767263
1741,MED8|112950,0.0003235331700621898
1742,TNFRSF13C|115650,0.00019541630111873738
1743,SF1|7536,0.00047207448714056173
1744,CAPRIN2|65981,0.0002659066136463942
1745,SEMA4G|57715,0.0003374930381708161
1746,LOC728573|728573,0.0003782669196484001
1747,TAF1B|9014,0.0003418516417755871
1748,MGC15885|197003,0.000362153689252073
1749,PPP6C|5537,0.0003158842112538272
1750,C9orf114|51490,0.0002997691532170421
1751,LOC283143|283143,0.00032077883217391503
1752,NOTCH2NL|388677,0.00022503615861682645
1753,IPO13|9670,0.0003719722000187325
1754,SHH|6469,0.00028547498487164883
1755,HIST2H3C|126961,0.00030888371677915684
1756,YEATS2|55689,0.000397748907673635
1757,FAM128A|653784,0.00023374111247617668
1758,KLK2|3817,0.0003933886772183306
1759,AFAP1L2|84632,0.00047828710345610743
1760,MAGEB2|4113,0.00048081115973683155
1761,SFRS2IP|9169,0.00038897170117373176
1762,NUCB2|4925,0.0003724521838303625
1763,FMN2|56776,0.00039128945211926636
1764,A1BG|1,0.0003073101482274212
1765,TRIM39|56658,0.0004033322729857207
1766,BAG5|9529,0.000372071784131173
1767,ZNF518B|85460,0.00042158993734760306
1768,NET1|10276,0.00042684205977009185
1769,ZDHHC12|84885,0.0003801126664044326
1770,MED20|9477,0.00034446480795925305
1771,IQCC|55721,0.00039681407259006666
1772,SPOCK1|6695,0.00046712149912104075
1773,PSMB10|5699,0.0002886110668886827
1774,SLC11A2|4891,0.0003320767373582681
1775,BIRC8|112401,0.00037989382093263076
1776,BAGE3|85318,0.00031945448234625836
1777,hCG_2041321|391124,0.0005303170730477148
1778,MRPS5|64969,0.00023215949161749748
1779,APOL4|80832,0.0004140019873418731
1780,PRPSAP1|5635,0.0005090281341027009
1781,SLC25A42|284439,0.00027296312118631
1782,NDUFA11|126328,0.00026937508079938777
1783,PTCRA|171558,0.00026139442903605546
1784,OR2G2|81470,0.0005032234015255072
1785,GALNT1|2589,0.00035587488258249195
1786,LOC400590|400590,0.0003147090928766894
1787,NANOGP8|388112,0.0004654797093556288
1788,LOC283624|283624,0.0003647838059289278
1789,VGLL4|9686,0.0004718979931098489
1790,RAB3IP|117177,0.00040544452377131053
1791,RBBP4|5928,0.0003527272525312511
1792,ARID1B|57492,0.0006076779139365508
1793,CDC6|990,0.0003604697251244262
1794,TAF1L|138474,0.0005453676305416176
1795,LOC642032|642032,0.00040176978588430247
1796,WWP1|11059,0.00038401124608359737
1797,FAM58B|339521,0.0003174078718480638
1798,ATP13A3|79572,0.00041329169326699105
1799,HS3ST5|222537,0.00039179417595654875
1800,DKFZP761C1711|57796,0.0004452169825584013
1801,LOC728540|728540,0.00037097346535120513
1802,PABPC3|5042,0.0003596019518308288
1803,KLF10|7071,0.00033347746593301905
1804,ZNF26|7574,0.0002617112257834415
1805,PSCA|8000,0.00032288872345110096
1806,LOC729062|729062,0.000303458126871624
1807,TTC22|55001,0.00048076966744429377
1808,WDR45|11152,0.00046733446168732804
1809,CDC25A|993,0.00043160471442068655
1810,WDHD1|11169,0.00028667089969790444
1811,LOC339298|339298,0.00032484475438846773
1812,OR52B6|340980,0.0004059666845714809
1813,RFFL|117584,0.00034561648277357397
1814,FKBP11|51303,0.00038644460760451987
1815,RAB5B|5869,0.000472702477010281
1816,LOC128977|128977,0.00034943194602899796
1817,LOC286109|286109,0.00027467051929471267
1818,WIZ|58525,0.0004980953032343908
1819,MYO5C|55930,0.00033613302374927307
1820,MRPL52|122704,0.00042053764134606416
1821,FUT1|2523,0.00035298740016422015
1822,SLC35A1|10559,0.0002746745704590046
1823,CD160|11126,0.0002937589955618654
1824,FLJ46838|440865,0.0003953919941283191
1825,LOC152742|152742,0.00043136431748062425
1826,METT10D|79066,0.0002332040303033945
1827,C22orf33|339669,0.000328833976109356
1828,SH3GLP3|727736,0.0003729774567821608
1829,HIST1H1E|3008,0.0005124665364963294
1830,NTRK3|4916,0.00040417406069892373
1831,HOXA3|3200,0.0005176579231248731
1832,C9orf18|254956,0.0002767134931150717
1833,CNDP1|84735,0.00031483125011613766
1834,UFC1|51506,0.0003633312357596957
1835,BLOC1S3|388552,0.00042260025000861925
1836,OR13G1|441933,0.0003569440277780538
1837,LOC442497|442497,0.0003504105529901568
1838,ID2|3398,0.0004154591583632538
1839,MGC21881|389741,0.0003939127482301489
1840,GOLM1|51280,0.0003138080939877996
1841,MIST|116449,0.0003744989158179417
1842,STC2|8614,0.0002793254387138148
1843,TLR9|54106,0.0004740618104742889
1844,MRGPRD|116512,0.0003846239993088102
1845,C9orf142|286257,0.00038222504355570264
1846,SLC16A6|9120,0.00030189597773101274
1847,NRF1|4899,0.00041018302045926227
1848,LDLRAD3|143458,0.0005764721293823974
1849,LOC124220|124220,0.00040057408989213714
1850,GREB1|9687,0.0005764036465770088
1851,LOC400604|400604,0.0005755767723203895
1852,FOXQ1|94234,0.0004704235378337644
1853,hCG_1654703|646268,0.0003810822919176189
1854,LOC283299|283299,0.0003412048408129349
1855,TMEM147|10430,0.00029545709563229765
1856,C9orf82|79886,0.00036664101019576493
1857,ZC3HC1|51530,0.00027354098223903746
1858,C7orf34|135927,0.00038987083410746686
1859,SNORA68|26780,0.0005578165194016467
1860,OVCA2|124641,0.00025951170140350627
1861,MUM1L1|139221,0.0005840202361427356
1862,HOXD4|3233,0.0003564939820773185
1863,ZNF557|79230,0.00025733912768661387
1864,PER3|8863,0.0004548580335018641
1865,FLJ30428|150519,0.0003242995154599166
1866,ANKRD43|134548,0.0005359869998011401
1867,C20orf108|116151,0.000368072290927616
1868,CSAD|51380,0.0003093795847953326
1869,RASAL2|9462,0.000384056916038642
1870,TIGD5|84948,0.00023477602870670313
1871,RBM33|155435,0.00036467548435159736
1872,FLJ36208|283948,0.00038736379902526473
1873,BARHL2|343472,0.0006144519267924391
1874,PTPMT1|114971,0.00016699725579816713
1875,EML4|27436,0.0006041248887828336
1876,NOTCH3|4854,0.0003481392620034179
1877,LY6G5C|80741,0.0003586556747452677
1878,CMBL|134147,0.00030720744266482145
1879,SLC10A7|84068,0.0004396343318490099
1880,TRH|7200,0.00028785720668469673
1881,SCAMP3|10067,0.0005462352163090195
1882,C7orf54|27099,0.0003147744880628539
1883,COMMD6|170622,0.0003011296069400263
1884,C4orf21|55345,0.0003628068478272675
1885,LOC151234|151234,0.0002968441177158052
1886,BCAR3|8412,0.0005512669321526011
1887,TNFSF10|8743,0.00047168861439268403
1888,UBE2H|7328,0.00047541659905881974
1889,ZNF160|90338,0.00031599940471237296
1890,PTPRB|5787,0.0004071525359725834
1891,RAC1|5879,0.0004181362245070586
1892,TDRD9|122402,0.00045805719210567067
1893,FLJ13137|400793,0.0002968814203132275
1894,DNASE2|1777,0.000400601360005492
1895,LOC285141|285141,0.0003244929866442821
1896,LARS|51520,0.0003763112199745324
1897,HKR1|284459,0.00036261536074700177
1898,MRPL43|84545,0.0004547925332058387
1899,IL17F|112744,0.0002524531755247857
1900,NEK1|4750,0.000392721145838646
1901,PBX2|5089,0.00035009580773726675
1902,PXDN|7837,0.0004415594067418877
1903,AP1G1|164,0.00041965099758765445
1904,SBF1|6305,0.0003265596389265689
1905,LOC100009676|100009676,0.0005067375668622253
1906,UTS2|10911,0.000376148311898346
1907,LRP1B|53353,0.0004340005527670149
1908,BTN2A3|54718,0.0003573666281257397
1909,BCAN|63827,0.00045721776068332297
1910,LHFPL3|375612,0.00037027315289208805
1911,RCAN1|1827,0.00024411649996188695
1912,TFAP2D|83741,0.00038690281985623103
1913,TUBGCP3|10426,0.0005502911958256381
1914,YBX2|51087,0.00024937140351858093
1915,USP4|7375,0.00035648528222861014
1916,BAIAP3|8938,0.0005579245164573335
1917,LOC389203|389203,0.00035154480329987396
1918,ANKS4B|257629,0.00035014173475413394
1919,PRKD1|5587,0.0003441980437647271
1920,TMED3|23423,0.0002732729337500506
1921,FAM135A|57579,0.0003912449747723296
1922,HSPG2|3339,0.0005487981778415567
1923,ACTR8|93973,0.00032541464638590937
1924,LMAN1L|79748,0.00030001736548340274
1925,TPRKB|51002,0.0002998914142625337
1926,HSPA1L|3305,0.00032702405554483255
1927,IL13|3596,0.000278085082029129
1928,PPP1R12C|54776,0.00036020886644609466
1929,C6orf129|154467,0.0004792622313275984
1930,ZNRF4|148066,0.000456256840293044
1931,ZNF79|7633,0.0003890911743538471
1932,"LOC401015,FAM133B|401015",0.0004030612181794059
1933,SERPINI2|5276,0.00037996232561161153
1934,TSHZ1|10194,0.00039761831539588874
1935,MTIF3|219402,0.0003641467620733563
1936,OR5K1|26339,0.0004116909527712941
1937,LOC400756|400756,0.000243326819174635
1938,C16orf3|750,0.0005092063708945061
1939,MAGEC2|51438,0.0001646853258711362
1940,RBM25|58517,0.0005134562895401847
1941,OR9A2|135924,0.0003828748083780365
1942,SPINK5L3|153218,0.00025723188002086566
1943,FBXO17|115290,0.0003847284893582377
1944,EIF2C4|192670,0.0004931589542416059
1945,ISLR2|57611,0.0004689146837081196
1946,MDGA2|161357,0.0005274189460946833
1947,MYH7|4625,0.00032013022521272126
1948,KLHL12|59349,0.0002987547262096467
1949,HIST1H3F|8968,0.00041946694603154993
1950,C22orf32|91689,0.00047888762168823865
1951,ZNF90|7643,0.0005121970278716948
1952,LOC340512|340512,0.0003925416299855604
1953,LOC285463|285463,0.0004986207345104735
1954,TFIP11|24144,0.00025407310352556714
1955,KIAA1303|57521,0.00026074036937843883
1956,CYSLTR2|57105,0.0002774286857009133
1957,CATSPER2|117155,0.00022257478924852858
1958,SNHG8|100093630,0.0002703350621676878
1959,BMS1|9790,0.00033965758201490474
1960,KIF21B|23046,0.0003357010055648898
1961,CNTD2|79935,0.0004282646664362517
1962,SAP130|79595,0.0004182080642763939
1963,CACNA1G|8913,0.000327400132231427
1964,SFRS10|6434,0.00044252679794613885
1965,EPS15L1|58513,0.0003214203969022563
1966,XAGE2|9502,0.000282686969482295
1967,KIF5C|3800,0.00032127569522278244
1968,ST7|7982,0.0004761937116395552
1969,GSG1L|146395,0.00034364635012733996
1970,SMCR2|140768,0.000502853066600809
1971,PHKB|5257,0.00036314381569776933
1972,AQP5|362,0.0003115407092887821
1973,C4orf30|54876,0.0003911169663953753
1974,NAALAD2|10003,0.00043112135068037235
1975,NSUN5C|260294,0.0002680921302658138
1976,LOC340900|340900,0.0003348658024128539
1977,ZNF101|94039,0.0005193007129180062
1978,ATXN7|6314,0.00032337997798931003
1979,AJAP1|55966,0.00042449867028559606
1980,SNORD117|692233,0.00040986694518890706
1981,NUBP2|10101,0.00042792418247150713
1982,C1orf53|388722,0.0002935044566520563
1983,DEPDC4|120863,0.00033609390264781
1984,SLITRK2|84631,0.00039675265753031763
1985,ChGn|55790,0.0003310796537421129
1986,DBX1|120237,0.00037990005147246395
1987,RPL35A|6165,0.00033264370300500597
1988,LRP5|4041,0.000376118975618159
1989,BDP1|55814,0.0003574884615971451
1990,ZNF576|79177,0.0004246769019913071
1991,FNBP4|23360,0.0004983172805381186
1992,EPYC|1833,0.0003341667675773149
1993,RRBP1|6238,0.0003861654384483301
1994,THEG|51298,0.00042297561133104494
1995,NPM3|10360,0.0003496220832179118
1996,LRGUK|136332,0.0004155239821663078
1997,LUZPP1|83598,0.00030351380052743974
1998,COPB2|9276,0.00037261250676523674
1999,SLC9A3|6550,0.00039179170724838047
2000,OR6C4|341418,0.00035609645675727716
2001,PFKFB2|5208,0.0003446211361162924
2002,ETF1|2107,0.00031518634120023686
2003,LIAS|11019,0.00029407044619488265
2004,PICK1|9463,0.00038305693785607226
2005,STAT1|6772,0.0002211785767169648
2006,SIM2|6493,0.0003554706618781217
2007,DDX26B|203522,0.00039133314047092136
2008,KCTD19|146212,0.00044137110931118237
2009,BCKDHA|593,0.00028125884173327314
2010,CYP1A2|1544,0.00029180556867812804
2011,UBE3B|89910,0.000370105603305307
2012,ZMYM2|7750,0.0003131228751188105
2013,AGPAT6|137964,0.00032539792926754426
2014,ZNF717|377064,0.0003150097038307763
2015,IRAK1|3654,0.0003363572865851892
2016,CNGB1|1258,0.00039589244868283493
2017,RALGPS2|55103,0.00028827038318505056
2018,THSD1P|374500,0.0004429680516159719
2019,NSMAF|8439,0.0002665946547025803
2020,GPR172B|55065,0.0002899572858930373
2021,CEP135|9662,0.000370934809372861
2022,LRRC41|10489,0.0004559725397003381
2023,ELA2B|51032,0.0004899986720448352
2024,DTWD2|285605,0.00048233991496947836
2025,OCEL1|79629,0.0003415374354568179
2026,ELA1|1990,0.00039703345459818253
2027,NAB1|4664,0.00040054993645615
2028,MS4A8B|83661,0.00038645532749887206
2029,C2orf44|80304,0.00043098578941192005
2030,HIST1H2BA|255626,0.000257539407515651
2031,TRIM13|10206,0.0003461696167749253
2032,GOLIM4|27333,0.0004083938236432925
2033,hCG_1811337|643486,0.0004742005405335628
2034,BCORL1|63035,0.00039699956707951305
2035,C6orf97|80129,0.000450248071989245
2036,SGPL1|8879,0.0004899398128247564
2037,ZNF282|8427,0.0004566221092853222
2038,BNIP3L|665,0.00031752110249845495
2039,ETS1|2113,0.00031123668688479037
2040,PLVAP|83483,0.00022374288094409743
2041,DCDC2B|149069,0.00036488933527557225
2042,IL17RD|54756,0.0003710668383480932
2043,TTC29|83894,0.0003562211539920034
2044,STK16|8576,0.0003333381823343248
2045,DARS|1615,0.0004452967150118999
2046,FAM112A|149699,0.0003807477528833563
2047,ZXDC|79364,0.0002879064861990827
2048,OR6K6|128371,0.00042382106531895896
2049,ODF4|146852,0.0003912974282993908
2050,LOC642513|642513,0.000380006552498279
2051,NKX2-3|159296,0.0004076637574890792
2052,TMSL3|7117,0.00044497623867467353
2053,TAAR1|134864,0.0003587608072244351
2054,LRIG2|9860,0.0004544843623526857
2055,OR6K3|391114,0.00035228533962521275
2056,FAM78B|149297,0.0002141723424731013
2057,SLC22A12|116085,0.0003468454891615973
2058,FLJ21511|80157,0.0003042600845677065
2059,QTRTD1|79691,0.00029353420510612373
2060,EFR3B|22979,0.0002671203688118502
2061,PPP2CB|5516,0.00037987599870900363
2062,EFHC1|114327,0.0004119724296394257
2063,"LOC729358,LOC440416,LOC339260|729358",0.0003142681141666208
2064,SPINK4|27290,0.0003956941686735157
2065,ACADM|34,0.0002818659752655534
2066,ABL2|27,0.00034908916171313455
2067,SQLE|6713,0.00029722103847832314
2068,PDCD4|27250,0.0005771236073291558
2069,PCCA|5095,0.0002965461236445981
2070,BHLHB2|8553,0.00031386346181226676
2071,ANAPC13|25847,0.00039766511834405847
2072,PTN|5764,0.00025685072108081743
2073,SNORD61|26787,0.0003401731437932931
2074,CTCFL|140690,0.00024080659717104844
2075,C9orf148|401550,0.00037084154516798867
2076,AMFR|267,0.0003633200842915514
2077,STT3B|201595,0.0004960404914156446
2078,TPSG1|25823,0.0003329655982573861
2079,LOC728511|728511,0.00029332272559118994
2080,FAM27A|548321,0.0003523755657378508
2081,C16orf63|123811,0.0003385333411318358
2082,ACAD8|27034,0.0005199746462696286
2083,C1orf172|126695,0.00028601432746052356
2084,C3orf58|205428,0.00032825308647718915
2085,IMP5|162540,0.0002885564945279849
2086,C8orf8|83647,0.00044104842734358303
2087,IL27RA|9466,0.0002945337502926511
2088,SSU72|29101,0.000274519153173389
2089,BMP2KL|347359,0.00039987865701208666
2090,PURB|5814,0.00041405659027426154
2091,NR2C1|7181,0.0003991050479820698
2092,TEX2|55852,0.00030937539279150855
2093,NOC3L|64318,0.0002480649512428768
2094,PTPN22|26191,0.0003536552189880072
2095,hCG_1790950|256085,0.0002319102233362065
2096,GALNS|2588,0.00027771757377822266
2097,TXK|7294,0.0003760470463493019
2098,FOXI1|2299,0.0003099019077621279
2099,AYTL2|79888,0.0004250018672461174
2100,PNPLA5|150379,0.00023456134620140104
2101,NPHP4|261734,0.0004017958293874131
2102,B3GAT2|135152,0.00030183568423799653
2103,C1orf112|55732,0.00019956778097645454
2104,CLPB|81570,0.0002696372371302565
2105,OPRM1|4988,0.0001793845853837971
2106,SFTPA1B|6435,0.00036635580057847305
2107,UBL5|59286,0.0002444789403084145
2108,VN1R1|57191,0.00047617027092580066
2109,NOX4|50507,0.000394487066689752
2110,OTUD7A|161725,0.0005720426360008093
2111,ACBD7|414149,0.00025397635582775094
2112,NPY6R|4888,0.0003535720637748491
2113,NUFIP1|26747,0.000495778749089065
2114,C14orf148|122945,0.0005614709850997339
2115,FAM113B|91523,0.0005124761657193332
2116,NPB|256933,0.000341372080163345
2117,KCTD7|154881,0.0005378735702499463
2118,DIABLO|56616,0.00037519532159868436
2119,ENPEP|2028,0.0004501786126686719
2120,ZNF549|256051,0.00024304633361956182
2121,OR9A1P|26495,0.00042293560837158666
2122,GCAT|23464,0.000310280937509485
2123,LRRC37B2|147172,0.0004147934269861743
2124,FAM36A|116228,0.0003303994216160518
2125,GPR157|80045,0.00037094728882265394
2126,NIN|51199,0.00038559955586195356
2127,TACC1|6867,0.0003922210712261099
2128,MGC2752|65996,0.000420319759149034
2129,EXPH5|23086,0.0003820707643010135
2130,MMP23A|8511,0.0003033050400823666
2131,KLHL20|27252,0.00028776943295542954
2132,ZNF16|7564,0.0003524865109403358
2133,EI24|9538,0.0004817910995197457
2134,FKBP6|8468,0.00031875433295215454
2135,GPR160|26996,0.0006502732135664011
2136,ASCL2|430,0.0003971554594160339
2137,IL17C|27189,0.0005429191683403781
2138,MGC16211|84854,0.00035117876963369884
2139,ZNF23|7571,0.00042843897500122543
2140,ZNF552|79818,0.00038110764645277927
2141,RAP2B|5912,0.00034474766372705624
2142,PTPRJ|5795,0.00028830303018675686
2143,KLHL25|64410,0.0005296194179046302
2144,LOC401312|401312,0.00041254902234923597
2145,MGC3032|65998,0.0002104539472773621
2146,SF3A3|10946,0.0002613950306524398
2147,SESTD1|91404,0.00027833261878582933
2148,FTH1|2495,0.00027195537576074234
2149,MUC15|143662,0.0003141632075173232
2150,SERPINB12|89777,0.00030066225411180044
2151,KIAA1257|57501,0.0004508030376748697
2152,DKFZp434G179|150992,0.00032213160825812325
2153,RMND5B|64777,0.0003614179005029395
2154,KIAA0280|23201,0.0005685489336025784
2155,SLC17A5|26503,0.0004037698274850226
2156,SLC4A8|9498,0.0004549484396130667
2157,GARNL4|23108,0.0004914381871553741
2158,CDY2A|9426,0.00031518342269984303
2159,ZSWIM4|65249,0.00024303787696192044
2160,SSX5|6758,0.00036241319786110826
2161,NUP62|23636,0.0004434599917970402
2162,TOM1L1|10040,0.000266078505805429
2163,LOC440498|440498,0.0004416281860183544
2164,CBLC|23624,0.0004900236958390656
2165,QTRT1|81890,0.0003921428534594631
2166,SCD|6319,0.0003707338329881471
2167,PTCD1|26024,0.00031926378678249194
2168,RPS19BP1|91582,0.00031606294535523814
2169,PDCL3|79031,0.000263356937247285
2170,HKDC1|80201,0.0004381100500169717
2171,CITED2|10370,0.00041634637389549795
2172,UNQ846|131920,0.00036842364880645127
2173,OR6X1|390260,0.00025943569450865124
2174,LRRC37B|114659,0.0006690552479100091
2175,VKORC1|79001,0.0002670529247998474
2176,C20orf96|140680,0.0005406112661570555
2177,LOC150381|150381,0.00034225829803178525
2178,RERG|85004,0.0003591937462179589
2179,METTL1|4234,0.0002989498839639447
2180,PIP5K1A|8394,0.00035309318539022993
2181,SLC26A11|284129,0.0005101554861642265
2182,NAGPA|51172,0.0005403051165101595
2183,EBPL|84650,0.0002895901358067687
2184,UNC119|9094,0.00032187891731287887
2185,PSPN|5623,0.00037589544954871976
2186,RASSF6|166824,0.00043089399323453684
2187,EXDL2|55218,0.00048672959467010806
2188,C1orf32|387597,0.00041711515355935893
2189,LOC400027|400027,0.00028706509501832706
2190,LOC283713|283713,0.0004178022082548076
2191,RBM5|10181,0.0005871620180839992
2192,C14orf172|115708,0.00038966666987427535
2193,PHACTR2|9749,0.0004411557918754588
2194,DHRS13|147015,0.0003380825176783795
2195,"PTMAP7,PTMA|326626",0.00036965991402962395
2196,ZNF18|7566,0.0003167183248718306
2197,ZNF486|90649,0.00038343925244202726
2198,DUSP23|54935,0.00026036336750572236
2199,LOC441925|441925,0.0004040720281640867
2200,DCUN1D4|23142,0.00025825174592982483
2201,C20orf4|25980,0.00038460178987646625
2202,OR2T5|401993,0.00039753905502815253
2203,LOC728705|728705,0.0002897919518686029
2204,GPX1|2876,0.00024604319791380475
2205,RPL37|6167,0.0003391985028529476
2206,LOC389247|389247,0.0002514693766665961
2207,CNKSR1|10256,0.0003958755276333903
2208,FAM40A|85369,0.00037285797061384785
2209,ANKS6|203286,0.000458252858622782
2210,"LOC284167,POLRMT|284167",0.00047334054825480976
2211,SAG|6295,0.00033394551637401466
2212,LOC645249|645249,0.000369052120994729
2213,KLHDC8B|200942,0.00048108535815226774
2214,RBM43|375287,0.0005284782747688823
2215,UBR5|51366,0.00035784757943955976
2216,ALOX15|246,0.0002370669245780502
2217,C17orf77|146723,0.0005675006843559405
2218,FLJ36157|375337,0.00038748387550161835
2219,MAFG|4097,0.000400363843911942
2220,LEFTY1|10637,0.0003107791908030793
2221,RAD9B|144715,0.0004276487643051863
2222,FUT11|170384,0.00038255418408016453
2223,KPNA1|3836,0.00033551177723873093
2224,CCBL2|56267,0.000498682464658165
2225,FVT1|2531,0.0003357896112304448
2226,CATSPER4|378807,0.0003690653967554544
2227,RASEF|158158,0.0005045947180714828
2228,MGAT2|4247,0.00034846427464765053
2229,MDFIC|29969,0.00045016022916813847
2230,ARD1A|8260,0.0003457732625825854
2231,C11orf55|399879,0.0003471491955957283
2232,FAM26D|221301,0.0003981341424366218
2233,NPAL1|152519,0.0004293801460882689
2234,BCOR|54880,0.00041374979143040064
2235,TRIP11|9321,0.00029069014627405864
2236,NUP210|23225,0.0003554426994568443
2237,IL17RE|132014,0.0005196165961232605
2238,EPHB3|2049,0.0003590926532070173
2239,AKR1C4|1109,0.00046429831478227943
2240,LOC286121|286121,0.00036397513951157243
2241,MYOG|4656,0.00031364609208357763
2242,SPG7|6687,0.00043987336209066943
2243,UTP15|84135,0.0005206706460041264
2244,TXNL1|9352,0.0002723533645969239
2245,SNAI1|6615,0.00033716362635095165
2246,ATXN3L|92552,0.0005116916914857563
2247,FUBP3|8939,0.00036063476750840885
2248,LIG1|3978,0.0003861778404250036
2249,LOC285941|285941,0.0003791569906217414
2250,NBLA00301|79804,0.00034852975263628574
2251,RNF216L|441191,0.0003165732155166558
2252,GH1|2688,0.0004615560167954443
2253,C20orf181|140843,0.00036496582055938387
2254,C21orf70|85395,0.0005133914730881324
2255,PRPF31|26121,0.0004241970479330155
2256,GABARAP|11337,0.00046892581844042565
2257,STIL|6491,0.0005005328882560101
2258,KRT74|121391,0.0004048869857178384
2259,LOC401152|401152,0.0003704034675729152
2260,ZKSCAN2|342357,0.0003105446188347426
2261,C10orf49|221044,0.0003465572165517463
2262,SENP5|205564,0.0003044516345509096
2263,CD24|934,0.00039125849957437635
2264,GK5|256356,0.0004608380134147606
2265,FBXL13|222235,0.00036183161164094716
2266,RRP1B|23076,0.0005115537960126046
2267,LMO1|4004,0.00028819820877544803
2268,C6orf185|221262,0.00034259385202739317
2269,SLC35E4|339665,0.0004931076065871479
2270,BSCL2|26580,0.00047124356416909695
2271,ARL14|80117,0.0004616246391334481
2272,RBM32A|340529,0.0003773859197845746
2273,PDYN|5173,0.0003888553749640801
2274,C1orf108|79647,0.0004254987811443059
2275,ERN1|2081,0.00042558215528859663
2276,PPIL6|285755,0.00035511935090676067
2277,OTOR|56914,0.0005018683574124787
2278,LOC388969|388969,0.0003724478990724404
2279,ETNK2|55224,0.0005278932159939759
2280,GBX2|2637,0.00027462123499339937
2281,COL9A3|1299,0.0002841593823368995
2282,GLP1R|2740,0.00020111505079116826
2283,CCIN|881,0.0004358043750187056
2284,HOXB2|3212,0.00044060967584841755
2285,PIP4K2C|79837,0.00033414827363785493
2286,OR4M1|441670,0.0004608298296610696
2287,VCP|7415,0.0004895318623107199
2288,MRPL39|54148,0.0003907469880518903
2289,AGTR2|186,0.00045010636714661083
2290,UGT1A4|54657,0.0004471626352967501
2291,LOC286154|286154,0.0003720374549510603
2292,CPS1|1373,0.0005574603000612242
2293,ARHGEF12|23365,0.0005589063188552389
2294,PCSK9|255738,0.00037875710260343705
2295,LOC131909|131909,0.000574255832320718
2296,TFAP2B|7021,0.00023029067003512674
2297,COG4|25839,0.00040713394224465443
2298,CNBD1|168975,0.0006647014839574192
2299,INCA|440068,0.0004754750971041511
2300,LOC646543|646543,0.00045889985476524044
2301,FAM137A|84691,0.00048136341270490015
2302,TMED9|54732,0.0005175740719114701
2303,NME2|4831,0.0003675446012097527
2304,MGC70924|284338,0.00035273853230109677
2305,EDNRA|1909,0.0004921000190529982
2306,ENTPD2|954,0.0003797145950789064
2307,MYOM1|8736,0.00042745496505575326
2308,CEP63|80254,0.00045170073842815855
2309,SCARB1|949,0.00033635551310914565
2310,MAGEA9|4108,0.00045636029742231795
2311,TTC30A|92104,0.00047593395587153654
2312,LOC645478|645478,0.0002452638373774664
2313,ABT1|29777,0.0004215036238247683
2314,IFIT3|3437,0.0003130848093977208
2315,FAM63B|54629,0.00037253037303319736
2316,TUBB1|81027,0.00044397716513699893
2317,MRGPRG|386746,0.0003626223786676523
2318,BCL7C|9274,0.0003227381104419655
2319,SPAG1|6674,0.000428227308131349
2320,LRRC75A-AS1|125144,0.0002466074578885243
2321,MFSD11|79157,0.0005232796517823245
2322,SNORA67|26781,0.000398461622200097
2323,ZNF555|148254,0.0005123058549220841
2324,NOL9|79707,0.0003710684149835905
2325,PPP1R3C|5507,0.00024782026701779714
2326,LOC441150|441150,0.0003352139890950703
2327,APPL1|26060,0.0003339255095158709
2328,CPA6|57094,0.000509958734493092
2329,SPRY4|81848,0.0004035731837774238
2330,LOC644661|644661,0.0006309298389499283
2331,HIST1H1A|3024,0.00022593280903356804
2332,ANKRD29|147463,0.0003143149227361448
2333,MEIG1|644890,0.0004857769412068986
2334,IPMK|253430,0.0004948725508717458
2335,PROM1|8842,0.0002678335686479898
2336,SNORD49A|26800,0.0003536717371240895
2337,PARVB|29780,0.00028389113641481064
2338,PWWP2B|170394,0.0004809973682114737
2339,FER|2241,0.00028338411455217143
2340,KCNC4|3749,0.00040990688508076565
2341,CCDC38|120935,0.0003309200399305097
2342,ZNF28|7576,0.00044159103423485016
2343,ANKRD38|163782,0.0004033417790605424
2344,SLAMF9|89886,0.0002811817344591043
