patient_id,RBM32A|340529_DACH1|1602,INSR|3643_SEMA3F|6405,HLA-E|3133_SEMA3F|6405,SHMT1|6470_ARFGEF1|10565,BCL2L10|10017_BHMT2|23743,RGMB|285704_PSMB6|5694,APOL3|80833_PMS2|5395
HB_029_N,-1.0502984888197446,0.08218045537331153,0.03587273019516743,-1.9455829099986102,-0.06622032001664714,-1.0761567818699729,0.10422781863075738
HB_058_N,-1.3967039340597922,-1.1936044985705276,-1.3337571442379406,-1.0847754242317875,-0.1336848528854899,0.6548402033574064,0.7627225050906171
HB_064_N,-0.7274950501960726,0.07273446464428826,0.018624447111063768,-0.42678044282949745,-0.4847272823877917,-0.9612273070024676,1.092699201763612
HB_086_N,-0.1109800660261991,-1.1216149621390812,-0.5014575518893749,-0.22286736630151388,-0.16756844996048087,-0.3792976173195716,0.09571528542947691
HB_091_N,-0.1477811441330431,-0.11013865225632503,-0.12966217208824748,-0.14056324680317367,0.0553955715978173,-0.09854830351253475,-0.3002123940730923
HB_092_N,-0.9908528723836179,-0.03413208049959729,-0.14708403718413862,-0.6338414080097265,-0.340660590879915,0.6865774058267006,1.054076775157064
HB_102_N,-0.21481661646026357,-0.30676790412688554,-0.10242536203328395,-0.1873479495442549,-0.14536858032688613,-0.6058659776945515,-0.62855885669379
HB_119_N,-0.784112256103618,0.13859469870714206,0.17975248204571365,-0.7841292199293953,0.20451431290766836,2.146596673230149,0.9015052085178804
HB_147_N,-0.6636770221084944,-0.014938242345881213,-0.10454601630911502,-1.804239977538971,-0.12491983839604286,0.8044730475116468,1.8286146263991527
HB_161_N,0.023440884902387864,-2.1280435799438746,-0.9206589213920048,-0.24994734559158463,0.14266532380434116,-1.1743366935333526,-1.63546908677469
HB_162_N,-0.1630621038474853,-0.39088276835607705,0.3435668220591838,-0.15163251769112046,-0.05622083541754987,-0.647247852047469,0.07851689207128675
HB_166_N,-0.2068716040717557,0.5288782527539718,-0.06337191038719327,-5.955093693842062e-5,-0.26201461529238734,-0.9608897251190176,-0.7289824440807355
HB_183_N,-0.40781598087482535,-0.22442073766354229,-0.33428274130710095,-0.5662340194868599,-0.20002570443584633,1.4186163244691847,0.06769465641861261
HB_206_N,-2.1597760505315424,0.031240269699572182,-0.06066556304329059,-2.676557338772612,-0.04172657986109915,2.0041525985211552,1.2911744826641411
HB_215_N,-0.7821833184257795,-0.04261020235129357,-0.24966518775607258,-0.22072274001840977,0.07306741927906697,0.9781897117656578,0.6619823150001749
HB_223_N,0.41423003336333547,0.018090990428969212,-0.004076667584895609,-0.725357324567163,0.343165025355791,-0.2409208705716184,0.6379472288843885
HB_226_N,-0.6134486383206242,0.3029885078849414,0.35149754977392395,-1.0323066057504533,0.1346433999839984,1.1022817336000112,0.8276426169796592
HB_243_N,-0.3616487570416645,-0.1301569255975372,-0.2616783946318645,-0.9985528813833957,-0.9982021733486638,0.09258491294940836,0.1738424087252655
HB_247_N,0.05534857301949125,0.4873645197489988,1.3625641608104768,0.0561956544388468,-0.24776800731656254,0.4753859887125302,0.5778350698745236
HB_264_N,-0.12195619371585983,-1.9367681975204531,-1.0953005102293882,-1.3371473291458285,-0.058561938232814297,0.5121143409813638,0.7270192881374539
HB_295_N,-0.18736114713811308,0.08283075601494401,0.04033874756745796,-0.09740251538148338,-0.41855996905290677,-1.171600058952893,-1.3176189044513062
HB_300_N,-0.06628385339674944,-0.11701670073540338,-0.002816721347277089,0.35053990900081583,0.24878355208074182,-0.24288275816001648,-0.49627818484677205
HB_311_N,-0.3461332873679141,-2.8993873754448125,-2.4973212031499163,-0.2686917453582019,-1.5939159377107006,1.697363239361853,0.48518290498922534
HB_324_N,-0.7679565130607375,0.03214533549682852,0.05146739435599799,0.3089956580398269,0.025148780617975243,0.5398394833323836,0.2055506070188542
HB_332_N,-1.581545899064068,0.10608690913864537,0.15979704218564003,-1.4616870661029593,-0.6583505299097306,1.9266653885664302,1.0701167782898662
HB_340_N,-1.466639306107443,-0.40691400020873963,-1.2165672605335294,-2.145597583338305,-1.0634607893088026,1.655145943386353,1.686316605851956
HB_365_N,-0.40785546023530517,0.09984530220242586,0.1097049527038069,-0.44332310786229556,-0.4298351671776862,0.16794031107351978,0.13735626186021083
HB_396_N,-0.36978790470873074,1.1145712248403028,1.085923350663582,-0.4972059509057435,-0.69947350272365,4.228288953543966,1.9772905438620942
HB_398_N,-0.9008183362173199,0.03112866454888854,-0.07382221995627812,-1.0281109058436404,-0.3374859834044539,1.0822160137212486,1.0159963997997992
HB_400_N,0.23935429610124012,0.006398089826859146,-0.317884910425447,0.3224392235009247,-0.22798614960369115,-0.5661709044576697,0.26862007806530946
HB_403_N,-0.10865109072483742,0.574269938477334,0.8145781648098555,0.09584958347715274,-0.07047008432945051,1.526659772506768,0.8431561377259851
HB_414_N,-0.12166767036368782,0.16410601786480136,0.26123920689327185,-0.6205537636476206,-1.8313694485231908,1.8837829285342345,1.3454889316116192
HB_421_N,0.22817458110902716,-0.036516795783418994,-0.1461517548213377,0.040731555493567224,0.23713189439192453,-0.6400799597749747,-0.38385553009082557
HB_423_N,-2.192063972640482,-0.11479458975436242,-0.2602293791776221,-2.8374415056410833,-0.14177466007506523,-0.007773457803845417,0.5243786495458103
HB_427_N,-0.19991472682130568,-0.9092817497945779,-0.33476359955668467,0.011969184861706575,0.015848513212876173,0.4950128949193459,0.08482176365325271
HB_431_N,0.4262028997925064,-0.19524687100123572,-0.03788265935360438,0.4827555262636002,-0.16444682653696738,0.4963629099622022,0.08233434518311145
HB_432_N,-0.17660019901678684,0.8188424073642334,0.7397495250109305,-0.15253573292479852,-1.4766132472598705,1.6128544606719146,1.2622006863266249
HB_433_N,-0.36459791216723814,1.2315164137476289,0.8879964023788584,-0.4128505967636265,-0.6946310309954414,2.927070950702503,1.591028869143332
HB_443_N,-1.3102825950096533,0.3771666060912371,1.0040697627607795,-2.063243815985725,-0.7056862069491734,1.0131773117041987,1.2041660940567438
HB_446_N,-0.27549275254870287,0.16314055893498464,0.12898303906635633,-0.30222964916104395,-0.20636849760481138,-0.930763085697382,-0.2917920702806728
HB_449_N,-0.5136556782468268,-0.28477581281941367,-0.66680126139991025,-0.6331447815230431,-0.3921311384604574,1.110198747218317,1.0286633004468784
HB_450_N,-0.05122810083766651,-0.6581148612037212,-0.5700660339810635,-0.3958288970291064,-0.21997945576149278,-0.5050832622944788,-0.3934019143400539
HB_453_N,-0.4462304730060487,-0.09906901070816906,-0.6550172954158391,-0.5093448781041237,-1.9040095830592716,2.292040584614156,1.1593683435802973
HB_462_N,-0.504149248624481,-0.2763852498598048,-0.48179219826098374,-0.7261208280553416,0.18792863176514493,-0.4417245915018827,1.1016719338999394
HB_464_N,0.02376960387125592,-0.06709820610005399,-0.2889438331335478,0.013129871183806008,-0.24499134801021127,1.5202427043085167,0.28685770620648365
HB_468_N,-0.47673739418977196,-1.0845420959221588,-1.4559287920109951,-1.1548098682366896,-0.48840867331397475,-0.12039337043643783,0.4982422476766488
HB_472_N,-0.24635591439367543,-1.01097238655742,-1.4863829116890621,-0.6695178730064519,-0.2843424028198328,0.6268356191046903,0.3923884316696146
HB_475_N,-1.0478931426993465,0.10993860331223815,0.07944568855891852,-1.1987802085593071,-0.17349228494335012,0.6181095900429878,0.807342211247958
HB_476_N,-0.10954583116843832,0.15116416893431803,0.06797684559893814,-0.08997315679964034,0.2728264100494413,-0.7365906517572485,-0.4605129699343508
HB_480_N,-0.18464100641076145,0.3326012738837255,-0.01966575607397666,0.1101650726054183,1.2915767511280547,-0.20063397004161135,-0.021984559171380313
HB_485_N,-1.0920221187765538,0.13872644503848997,0.10686237216897645,-1.6387684562854283,-0.21131505354017593,1.5793679602866482,1.891690514935938
HB_486_N,-0.8145130519913301,0.13295843713512884,0.12232506789422933,-0.527756878777434,-0.4203513416629103,3.796249274173673,0.7579877338787234
HB_495_N,-0.03319730560691575,-0.86415308792183,-0.2501435011597912,-0.09996547180074669,0.427122341068817,-0.039691193930113174,-0.054056283669621966
HB_497_N,-0.47304408722659197,-0.01706556966054262,-0.046858508217584346,-0.785938602431328,-0.04497254264481848,0.6854847999907209,0.7799100723536714
HB_500_N,-0.5285967019084461,0.23245597604946938,0.23567603450287852,-0.9442263207064313,-1.5949891018812836,1.4534234615820334,1.6498729895166016
HB_501_N,-1.8710699208580157,-0.34411017257284815,0.02910249603471004,0.18819384093673752,-0.1118743320632554,-0.806782920343619,0.06455492467897972
HB_504_N,0.03965417998491385,-0.4958304048319708,-0.9030123651183242,-0.35356123657682254,-0.40334882334967304,1.0728779857287785,0.18233103071714457
HB_505_N,-0.23802266555548976,0.13303138936323175,0.005086709153139088,0.18504106800910206,0.06778794006771004,-0.7825790301124026,-0.2745702073552291
HB_507_N,-1.363566864626148,0.331743730426806,0.4810950535043875,-2.252972366373925,-0.44510770485538265,1.3201389450376135,1.2409541658634597
HB_508_N,-0.9743201952436118,0.0954538608783503,0.04616932038136848,-1.4824409963157914,-0.6572483633011214,0.6095207014513608,0.5916454934307827
HB_509_N,-0.24356328256845788,-0.10485879429918091,-0.3149048280191767,-0.2361005322073455,0.4314163095175859,0.912745838902796,0.8004182296785322
HB_512_N,-0.26426007296737075,-0.016670614487867177,0.38522896953931196,-0.1971242292877219,-0.41776440555094696,1.7161933450490576,1.0358347872653035
HB_516_N,-0.9030253220001708,0.06482521457686619,0.08038730024112001,-0.1662253370495034,0.1515888009845431,4.6807261334557015,1.1837602062017116
HB_519_N,-0.1350630642722312,0.42930811131999985,0.4755673756232597,-0.13211017630357788,-0.19437265894297306,0.7360042137018808,0.7518710643852702
HB_532_N,-0.47152961035548435,-0.19877297898548252,-0.46591502466586593,-1.385168129274098,0.10580666873184764,-0.4194684406579722,0.8065172901569544
HB_541_N,-0.5155865259412414,-0.08238931545040913,-0.08956072618332052,-1.5380031713197408,-0.23981001851374073,0.13735263501285364,0.2661825026245075
HB_542_N,-0.7980279035673745,0.13109646759501126,-0.19035060145204244,-0.11901296500833022,-0.6562043364433887,-0.2083160418574844,-0.04855565221027963
HB_547_N,-0.5754704869181602,-0.38178374164731116,-0.6871139612645077,-0.37816284865658395,-0.23802862664073568,-0.1283711184057561,0.9262987583522179
HB_551_N,-0.904510773440809,-0.012290779430455208,-0.12880708463082907,-1.0123094698563078,-0.7463208741633005,0.2960661604508769,1.155376359744864
HB_560_N,-0.5438349164751376,-0.15701924460427052,-0.20114746823796756,-0.25082667618187154,-0.34972394195452206,3.708238980291951,0.9445600710192135
HB_569_N,-0.7833766567063054,1.6843711176590583,1.592447735711405,-1.4207613468957678,-0.16022242086653363,0.24765610227667517,1.0156863181575784
HB_570_N,0.05570839797259914,-1.141237157692742,-1.0469833272386133,0.2618703441819807,-0.5576229612079218,-0.7237188206198174,-0.37003407329753785
HB_572_N,-0.21677264823484607,-0.3993702132328947,-0.31432108742528564,-0.354286793002355,-0.18452619418284977,-0.7205514040790937,0.011438578575185295
HB_577_N,-1.3002836070724477,0.7907903978762144,1.1987434495936087,-0.53649806785169,-0.31918569300555955,1.9202074090538004,1.1217640799545932
HB_581_N,-0.9437077754880663,0.13587360441962498,-0.10536866927827714,-0.07404934556077546,-0.32386294524939574,-0.18504185107220922,0.6661042432439412
HB_586_N,-3.911666835189647,0.0587512396362354,0.03771477410412588,-0.025875898408226083,-0.054267365022736394,4.663651701888574,1.7397809229767782
HB_589_N,-0.9081367821636895,0.1166109269135254,0.1099211967041448,-0.4291820571408194,-0.19885193452333413,0.9406493427515173,1.5017384627938892
HB_601_N,-0.6361986880120185,-0.13217056978364072,-0.8757024623853569,-0.6774551425555101,-0.6577886218130754,1.432656727296639,1.0861131897793104
HB_604_N,-0.7784639277987315,-0.04824095474782065,-0.22747958077619257,-0.6372127388427302,-0.17689073676834785,0.1749725989425341,0.19067470810100337
HB_609_N,-0.7113461798021223,-0.6444961413901278,-0.8345662618356703,-0.6245888728734755,-0.3960228362195374,1.7164822380657474,0.7954408093270998
HB_618_N,-0.9900026677283079,0.15474177529217564,0.15117790746743837,-0.30500874818465845,-0.2372018048105432,2.8797697631707013,0.6421979661644173
HB_625_N,-0.5586516227855438,0.07778967545438865,0.031038762861825078,-0.48548707139091263,0.577253496317904,1.7704048712062188,-0.04405322580585695
HB_637_N,-0.601591809661883,-0.21092103276563778,-0.3070265000708415,-0.3476016691739099,-0.18504586035469311,1.109321587916414,1.858189495746131
HB_638_N,-0.22737149222613284,0.1963498662314758,0.15972083100218853,-0.2101504307330673,-0.07817176745808628,0.9468052157414997,0.8744583711311534
HB_640_N,-1.0497980474230784,0.09380860669168328,0.050517584634616655,-0.12114368989224708,0.1474849081450255,0.9926813029064394,0.18776700459349646
HB_641_N,-1.152206625977843,0.1383087284057332,0.13965623275881367,-1.1044295337081511,-0.18882572077962026,1.0113314568642509,1.135782911704728
HB_643_N,-0.9490021026850297,-0.28980501596253394,-0.9535757611236433,-0.5325070244510579,-0.21104282175972008,2.020061761080323,-0.6469136392085207
HB_644_N,-0.8614319781963747,-0.8190306219709147,-1.3691258894974874,-1.246042604168212,0.9589454856564265,-0.10492931858894834,2.6083373857730456
HB_645_N,-0.9146283955772273,0.4004154761559011,0.6482401342990842,-1.5817002069139359,-0.5175658606224713,1.6558430912383695,1.0555688455670673
HB_650_N,-0.6513758843705906,-0.010728428958613359,-0.09072510543923094,-0.6773341628112322,-0.1447048112822756,0.1059306178538462,0.5430843421514397
HB_651_N,-0.10972044420167942,0.1053692896162447,0.024942651420832317,-0.01532645397251193,-0.2788691432923568,-0.76339148756159525,-1.1993271675259956
HB_653_N,0.18733436366268735,0.11260659006035154,-2.392276759246676e-4,0.07569158853526925,-0.5050771001612089,-0.7197461329716293,-0.041355179206086744
HB_659_N,-0.45814069686032427,-0.31965147338035366,-0.4154985138491673,-0.6331917993828422,-0.22759186915964222,-0.19125406687380614,0.7273067952217298
HB_662_N,-0.7976147132627411,-0.28360683622976735,-0.5187520971704439,-1.284300542891998,-1.0149204712498847,1.8173781599072876,1.358625778587705
HB_663_N,0.07423346968044194,-0.22482642229758318,-0.4860182676768182,-0.2463508550304325,-0.14040614831946074,0.8206437705462759,0.6827105039149162
HB_670_N,-0.5450803879759604,-0.0031057801883205153,-0.1484849721597374,-0.5408774379825135,-0.0669259546418018,1.6647452040860042,0.021884337746587632
HB_687_N,-2.9927759245652186,0.00919648742541828,-0.03938177138181737,0.5833824413176865,0.16304478793430055,0.9767035631679897,1.054087591481356
HB_689_N,-1.599574234295791,-0.16317260590205643,-0.1705297930269697,0.03416070223990831,-0.11419602378082197,1.6089430712472874,0.41517723295585585
HB_694_N,-0.4087099411107623,0.23979354906248707,0.20667357670490155,-0.38120387365716235,-0.9046594561503578,0.24018637847356458,0.9273132220915296
HB_697_N,-1.0202195861496985,0.2830273637305554,-0.028950277098558564,-0.11487007968375743,0.04078754260086479,1.089383792108154,0.3133535871967195
HB_700_N,-1.602034723617965,-0.08328445003389809,-0.25186822660510394,-2.097764317915673,-0.27051600823613003,-1.7639714057558926,0.9165919915614723
HB_714_N,-0.2632827285702821,-0.059932418504254195,-0.0034537197911054408,-0.011377168442797575,0.157535231851284,-0.6984643594455494,-0.08959024810909838
HB_717_N,0.540572223845357,0.5323389652540439,0.5692084345541446,0.8626682064851784,0.5317915764767108,6.182107629948058,-0.9174776618217356
HB_726_N,1.6058907991971816,0.6264256525133419,-0.7057946199325374,-0.6566188237413172,1.1655944502317674,0.19896839103782546,-0.46232690562442136
HB_730_N,-0.180377414542991,0.15708645909248542,-0.6297871128991096,-1.0914405815718249,-0.03386214850293637,1.7325193677497255,1.6627075715256554
HB_735_N,-0.9599902745640381,0.07068840907158488,0.018971365738787348,0.20337218293501796,0.7972735572273035,-0.23767233971494342,0.009135584785272259
HB_737_N,-0.8741753956208294,-1.0118397091809452,-0.8794211435334637,-0.7480240121654591,0.25740460074764643,-0.42360116255721225,1.2553082254998962
HB_738_N,-0.7323614569382455,-0.011403335899220405,-0.10011822562258144,-0.22889885600137974,0.008641289891741526,1.5519064575175023,0.44719994299232807
HB_759_N,-0.17251116902109936,-0.8081968005020554,-0.8790390162147119,-0.4892438842662433,-0.1790541702827964,-0.3807482113920642,1.5917487614781654
HB_764_N,-0.09668108932053053,-0.5030110651742876,-0.26700006830947265,-0.1525364306784257,-0.1870031833836008,0.039398082096292454,0.46096364432681697
HB_765_N,-0.13952627845278642,0.11192701527188546,-0.6455405978964467,0.09583010004894817,0.39529547629444717,-0.6472958923219152,0.29334024690714633
HB_767_N,-1.0999249402631925,0.18540277976375308,-0.2794714688023356,1.2456692516072696,1.1942350408583737,2.911587174426633,-0.23813992626774652
HB_770_N,-0.19088676061471055,-0.05841572272678162,-0.1443055439945908,-0.5799172901555644,0.6287462438594467,-0.023859720786150514,1.079647466655316
HB_772_N,-0.28977037799764543,0.9326338213764718,0.684318684117987,-0.7950699431298772,-0.28544482177488756,-0.4358432286120767,0.06678783611332144
HB_003_HD,-0.1951373575482754,-0.6238604526742031,4.149562492555299,-1.224605519481036,-1.1229489686447143,0.653603593361374,1.7471151666518097
HB_004_HD,-0.2953189804147365,-0.9140866301579325,-0.847531290251119,-0.6578935122714231,0.049838306808803655,0.5013521042628567,0.011352130055938265
HB_009_HD,-0.04347670785270424,-0.2735677019212508,0.4694311962256783,-0.0608532679438951,1.2906428104071592,0.3543312621898503,-2.293901841717031
HB_010_HD,-1.0102965810594124,-7.286437093478524,-3.9533682980130433,0.01914531255024714,-0.7341901280461519,-0.27908843668719086,1.1959820058218704
HB_011_HD,-1.071479037814291,-1.786209983159218,-0.16100282838616328,-0.7238489422453149,-0.018634060781449874,0.5882008123632141,-0.2784684555759709
HB_012_HD,-0.3907487080015656,-0.6047313080535994,-0.19349891313967973,-0.10794444554736654,0.6839146349193367,0.5249349458255695,0.07158256317808
HB_015_HD,-0.08320442164861498,-1.952841721291096,4.679161129789425,0.172352579319301,-0.06984053433300622,-0.6294904541617837,0.16034718282513827
HB_016_HD,-2.175367635218538,-0.4379160008494843,-4.892291818895204,1.3738318327433172,-0.0239799005817649,-0.5085219390295623,-1.1994863736578971
HB_017_HD,-0.7565616824516375,0.4912359851218296,0.3106488248503819,-0.626264179332282,-0.4672074973693437,-0.40265325296677423,0.5269746455426572
HB_018_HD,-2.2470542792950083,-0.09504962625424228,-1.610182207057147,2.9983497711493112,-2.5804671769030674,2.511675976464042,0.19838171533659127
HB_020_HD,0.08827172059660886,0.3379168021049651,-0.06953617237274919,-0.012222362778709698,-0.2314336153749211,-0.970560186533031,0.39973758956090527
HB_024_HD,1.3131691836930073,0.6854036238566237,0.917045124512327,-0.05604263239813202,-0.09440237104702513,-0.3383609231207652,-0.4195689732093047
HB_027_HD,0.8138976167554882,0.09150623001406973,0.12178267249154287,0.4369749983387112,-1.551687820165035,-0.5570973313012249,-0.14026408840421542
HB_031_HD,0.4664476354637983,-0.08480924739096098,0.3886822451835761,-0.1374982298124922,-0.1452819732864796,-0.18605910214754656,-0.03226256272239384
HB_034_HD,-0.3221457302626706,-4.154989690531705,1.1929079057761571,0.013779909197537564,-1.0834789020304472,-0.4391771861597291,0.01848280405903562
HB_036_HD,-0.32245240303574585,-2.2454659384582363,-1.6100023650453101,-0.28407581732978204,-1.419139590930774,0.8834851021648384,0.0016998161787244392
HB_037_HD,-0.5162329983373842,-1.7826327771922186,-0.46744375527830745,-1.3302815944746613,-0.726095439258097,-0.43493430495293633,0.9129725035654712
HB_038_HD,-0.37662161573402914,0.5426730533170965,-0.030992164652443307,0.8991809023673746,-1.656496424774443,0.20500547024826257,-0.2544069354188659
HB_039_HD,-1.4499454201576678,1.348965618722478,0.921097967446311,-1.1438139151529503,0.6163655224832529,-0.8215958618937986,0.7196688150905626
HB_042_HD,-0.03486232844971931,0.2113648249929377,0.15955710706033957,-0.23332073543010384,-1.3135659328099045,-0.0019559319529133513,0.08665433234280377
HB_043_HD,-0.11134021499997611,0.15226849507088108,-0.3482732811235777,-1.1713942374670498,-1.3068884434136276,0.22464169840714793,-0.020846158138617808
HB_046_HD,-0.010685833186913707,-5.199985739866533,-4.719211605268694,-0.3617548500738273,0.2504172429687315,-0.1521175968928915,-0.40138478767639385
HB_054_HD,-0.48903123719918984,0.3250021569457991,-0.4696961176241835,0.675230434928294,0.2619552533902697,-0.563123506660992,0.0061102579036979065
HB_056_HD,0.21415203240502503,-1.0667499628117687,-0.021711569426850482,1.6465555470875233,-1.1373289699971763,-0.679008424672823,-0.0585259933800433
HB_057_HD,-0.12371593717980602,0.09820315738021218,-0.758795575699147,-0.9184718586145371,-0.34374500625512366,-0.3198376293753988,0.15362356218248102
HB_060_HD,-0.6283291042245484,-0.37734792535914263,1.5726825621078486,0.411991124617979,0.0709874863332651,-0.7143229026383481,1.29541682092668
HB_061_HD,-1.5726075203090675,-1.7163167538873607,-1.056170624993149,-2.8157192007404666,-1.985627192564085,-0.5015844414690542,0.30383577875781154
HB_063_HD,-0.26650890005084266,-0.914963486138486,-2.398395755206506,-0.2524726769883373,-1.4200184004795349,-0.31018539521093236,0.24410422538788673
HB_066_HD,-0.12742394018570474,0.5248667519453705,-0.3413817257135519,-0.2986096496699922,0.031050332974629204,-0.17672539069664797,-0.017408456694968547
HB_067_HD,-0.35020492256978325,-0.8022608666452601,-0.7390497840907897,-0.6786665501989684,-2.679306820023873,-0.7346018830034294,0.021590901714180794
HB_072_HD,0.09317494205560067,-0.30911542614087717,-0.6299007087237303,2.103403239993173,-0.9072674827691218,-0.42100244759091476,0.2787321375104091
HB_073_HD,-0.14482294200931206,-0.5776402594335349,-1.5190337209326525,-0.006196025721013592,-1.6779437646766329,-0.06018986792841203,-0.03810361038619456
HB_074_HD,-0.15466398266058887,-0.02408857736930604,-0.8858973207542055,-0.27311475192740076,-0.30676108075105657,-0.12850618115826676,-0.017560580919149207
HB_075_HD,-0.19131569150237762,-0.012474926281905654,-0.21080301870095064,0.028947409177919128,-0.7608500579484453,-0.4856496504859376,-0.038794838973112054
HB_079_HD,-0.11630986922300661,0.10248656412778069,-0.03593629814943476,0.00870101421881028,-0.3834734190691447,0.24233068855308604,-0.007908306125311347
HB_084_HD,-0.2863030285534796,-0.68295263170875,-3.7639843566655817,-0.8663496626658326,-0.13622400632784284,-0.09953387078385495,0.3141809392737069
HB_098_HD,-1.5425624394280806,0.20443121594691624,-0.29521637510287624,1.03762284361207,0.1839049611658834,-0.07268866959856278,-0.09110173709443845
HB_101_HD,-0.23535568127160061,-1.256427223134478,-2.852938162692009,-0.08604587734585935,-2.6412865794564637,0.5222913168831134,-0.23219106124890201
HB_106_HD,-0.022440122094153643,0.012228657534832509,-0.15692613500703423,-0.22298807767901221,0.19342374971575987,-1.099467014666296,0.23123911926222182
HB_109_HD,-0.13969529360262473,-2.777880067206354,1.3140448427442342,-0.19471397356609435,0.21976361730917812,1.2725045921610356,-0.1121090360301348
HB_121_HD,-0.4047596772300746,-0.02454252937477516,0.025797275352753887,-0.30066711042305755,-0.536079100965739,-0.6856682247255262,0.08369308265608696
HB_129_HD,-0.49490563813569677,-0.3022659954717184,0.15242168003339468,0.2418113765817977,-0.6081268108884659,0.9491866425604235,-0.2304135043651587
HB_153_HD,-0.08574439409362121,-0.06803682363762159,-0.2235644674666607,-0.40475542020140703,0.13859290465769522,0.772768157994803,-0.30967689669555254
HB_159_HD,-0.12416769873435977,-0.5465633628951394,0.365329881441575,-0.3874691644954821,1.3205310584205925,0.21425504524856956,-0.409467304079699
HB_172_HD,-0.2006625835794582,1.4233069040790072,0.08132746146810459,-0.5054850123853973,-3.09225942829173,0.1342122371335665,-0.4497601639448699
HB_180_HD,0.07895794684266079,0.11037191238141,0.020507658178942605,0.07959949190755757,-0.21662057446962568,-0.18950379259723973,0.07900560232908332
HB_188_HD,0.3626872938384356,-1.521726948606216,-0.5318904509745676,0.7097787396566169,-0.8829364603874953,0.30119853671318997,0.4945831818999996
HB_191_HD,-0.8688802882162018,-0.3586213306669329,-0.23974620992573864,-0.6071694535714753,-2.8391170146927145,0.5379075309875649,0.4903600374833861
HB_196_HD,-0.14951316251262642,-1.1818866749045234,-0.45672886300323434,-0.2914146289601624,-0.03629587334069121,-1.1380709653575447,-0.03521008437331077
HB_207_HD,-0.15020866008869976,0.14278459898448792,0.12434231000595211,-0.09555765479127758,-0.17261622074988425,-0.6029161117935943,0.14994718442445795
HB_233_HD,-0.20154240628198797,0.5065958806080617,-1.6596540732272336,-0.20596965201920422,-1.4982823822844273,1.3644934471318446,-0.022098557562329146
HB_235_HD,-0.5257576839663795,-1.1692469183428098,-0.24845034891141354,-0.10108740595986088,-1.3073132316727738,0.11437446759318402,0.2975831323369484
HB_266_HD,-0.3940591930709866,-1.1123925440904936,-0.9741189903418385,-0.10870408455391782,0.39140063290640015,0.2623449627005384,0.7921749535791318
HB_272_HD,-0.15573551475008807,-1.332533776036391,-1.099478543006361,-0.13286375022090857,-0.22144245603312399,-0.0883772316063523,0.8083764374963152
HB_279_HD,-0.07734010798715091,-0.13191687656050569,-0.2217287723065779,-0.23429447745348086,-2.9352760185050735,0.6355086108145412,0.1857923776032388
HB_294_HD,-0.08097669427950756,-1.5358198655048358,-0.9232141818784525,-0.09981631354460264,-0.9981761881909814,1.031899351078751,0.055630575807900366
HB_301_HD,0.12594255118465936,-1.886868303321198,-2.0965072897167127,0.0844980444103426,0.47191630204424495,2.7085079333304627,0.21724507028077267
HB_304_HD,0.03985843664595372,0.16205324687579703,2.4257342027128943,0.39507059915939696,-1.1327249308535332,-0.667760182594442,-1.4520120992097507
HB_321_HD,-0.20771676082611457,-1.0198539427451663,-3.291913683330081,-0.193037754660237,0.248353666858477,0.8499162388886934,-0.12438089754653843
HB_361_HD,-0.24204325044824598,0.8278282070859262,0.4051401809405862,-1.1086616241502885,-0.17287631379615273,-0.7369130007488187,0.8628833036744012
HB_370_HD,-0.95812292213049,-0.11730651276176034,0.16796413582589156,-0.1442546318576193,-0.0735720595366234,-0.5572904604265115,0.6039538959495236
HB_393_HD,-0.28359780983062904,-0.4944978584400681,-1.8275339884234858,-0.28769163029907086,-0.08721116519897684,0.21172249086492026,0.14311870699248502
HB_402_HD,-0.13053045850731634,0.08391109417765603,0.04177219562214123,-0.27351268618830454,-0.2228710588737568,-0.5629120183455374,0.03881369677814078
HB_408_HD,-0.457408653163513,-0.8658413410457784,-3.2679478716611348,-0.4697719958332799,-0.17738659318290065,-0.24770423787664167,0.04823372447294719
HB_424_HD,-0.05707828122915324,-1.3420956520436944,-1.5372436333709916,-0.29320334722006,-0.6066124820445852,-1.449206423565691,-0.2510618068594738
HB_457_HD,-0.695644935435764,-0.1336420746105867,-1.034518128470968,-0.5187059944394316,0.29887430845464713,0.7249913800790752,0.454081061823358
HB_487_HD,0.6258080693259075,-0.8920134799745288,-2.66583631294337,-0.21263829812737714,0.18344878622988123,-0.6711283974826405,-0.2335267922926291
HB_513_HD,0.3393066786076968,0.2118114914052501,-0.5827771001449589,-0.20730874857643236,-1.798894314432003,-0.04317528740456246,0.5352773498693469
HB_518_HD,-0.059070765329016846,-0.05777339949289088,-0.49981857064150964,0.16775073312812613,-0.26826303089074566,0.17611941154092076,0.0846171387301687
HB_530_HD,-0.17608379107530497,0.12410901864909146,0.0049175239506783035,-0.22114359280229798,-0.39991679204422453,-0.6765527263951956,0.009802173257826851
HB_610_HD,0.1263307492634684,-0.5573714959960575,-1.7729656428418068,-0.14422484314507522,-0.24603978222913808,-0.10680090323879521,0.03290550778280853
HB_683_HD,-0.1604174556726193,0.1481154991737583,-0.6470724448758105,0.20840819290235318,-0.46479627052244293,-0.9029975542390714,0.36712560383199894
HB_691_HD,-0.07615617483289026,0.4494802513204434,0.34139000367666705,-0.041771155421733326,-0.37394773232462536,-0.24528933425010743,0.4317260684225585
HB_748_HD,1.4900912393837762,-1.576486954300252,-1.4828438939858761,0.23153668605511604,0.041687964752519936,-0.39901239181327314,0.22734970974694954
HB_750_HD,0.7619689387696038,-0.17656813061899876,0.048208278689350965,0.9785221989447341,-0.15431527773087222,-0.006861818945614623,-0.6765235018561495
HB_758_HD,0.8196998335610787,-0.0597121781907755,-8.202416492460042e-4,2.617421859400217,1.883524088162585,-0.8725476061314555,-0.8900210235132396
HB_762_HD,-0.009904167429991704,0.11589120660617623,-0.023438193883195412,0.034807734545707444,-0.10804402845403842,-0.6813427278574027,0.1063336485140538
HB_766_HD,-0.09485513052746859,-1.5335153981787517,-1.269621988465564,-0.5704792599012011,-0.3224541516047325,-0.6417364923237576,-0.04658078681142868
HB_768_HD,-0.1184840777571136,-1.8755070606584179,-2.424355604911496,-0.22558039342397204,-0.4954695030657294,-0.574841000418107,-0.14054022613443012
HB_769_HD,0.2955766785599779,0.4598269618320226,-3.53480805056688,-0.9336147225245444,-0.18181877787097597,1.0403285123548753,0.04429631275534239
HB_774_HD,0.3229673693288746,0.3130048934039736,-0.6053079732066443,3.7961109228339303,0.6616489920548898,-0.682181532715272,-0.8588076774299774
HB_778_HD,0.21050364493882306,-2.09338382381819,-1.4226222347974227,-0.2457015147703281,2.071703059354451,-0.4920615049463953,0.39674079940627544
HB_780_HD,-0.8212115909729985,1.8374428641934848,0.9378675676963403,-0.3536674561482184,1.9211374222620703,0.24838986573422897,1.763747312242671
HB_790_HD,-0.12722005017963264,-0.642782977872882,-0.7200305042756727,0.037580822153457205,2.0338775932611393,0.0010941602101257164,1.495169825324363
HB_048_AD,-0.18830385116761014,0.038410826508005314,-0.16743288348338772,-0.22860096887593917,-0.05938208158380333,-0.5098477603291156,-0.0422556269669304
HB_055_AD,-0.3109620886515588,0.45949828908529755,0.4728378696473528,-0.10605664627241253,-1.4424126834707625,-0.5716039011745851,-1.4299747793969488
HB_068_AD,-0.25989303323753965,-0.5540174014997709,0.21787584759514064,-0.0339396223838676,-1.345903749102147,-0.329134925214965,0.07717176147564539
HB_085_AD,1.6457016541387413,-0.3389657354201224,0.14130106180585394,2.2641518279645503,1.6235100981197184,-0.0012858472054885013,-0.24518386058044586
HB_087_AD,-0.7855269687160618,0.2575248252964746,0.42675176425380174,-1.8959465418566896,-0.40923014230728105,-0.46068719612700904,2.4097590771851944
HB_089_AD,4.123646425947711,0.557012451335157,0.2895028392656631,3.193698565984201,-0.149922411229482,-0.15027548777772454,-0.4297617476424003
HB_093_AD,-0.6315927981512843,2.76900988365263,-0.5721562484787062,-0.8772743375328896,-1.4406221288113064,-0.33990986017658426,-0.006858348818137556
HB_099_AD,1.6308473699575718,1.0366042532793207,0.5709430153962386,1.3030376423851515,-0.14722695961976429,0.02644461721351886,0.02100938993437784
HB_103_AD,-0.22284796330338444,-0.9146896745417609,-0.07512267682535444,-0.17596710482510408,0.15745834667522945,-0.12449194610302261,0.99302709780427445
HB_112_AD,-0.04926827034708109,-0.03908706182081598,-0.10547659373211261,3.311658593583944,-0.05135144093408977,0.7693476154564074,0.6471669093316077
HB_117_AD,-0.4321586390528946,0.1363895181775376,-0.3482469478498199,0.26489628696954126,0.33540638154329083,-0.9097315299199222,-0.6881688353603395
HB_123_AD,-0.20451349675417815,0.020597378919687295,-0.02167117534505636,-0.1722331567994018,2.544567802039014,-0.6544846201017019,-0.04679270078412608
HB_124_AD,-1.0019678301397268,1.234355985717531,0.40789859123305877,-0.8370301089260082,-0.4949768379635516,-0.6735487634508747,-0.30177381793370506
HB_126_AD,0.761022099213145,0.1364694595068323,0.0975159108791528,1.067440539768329,-0.22200788827841436,-0.8825126284534566,-0.6744887450920043
HB_130_AD,-0.15085701692083947,0.2766528422339636,0.12565069278678273,-0.14214967018455135,0.21108613222990372,-0.6534469848948802,-1.1721193242179049
HB_135_AD,0.011653737741236611,0.018027865515739934,0.24916567166616324,0.6617768325496367,-0.3439845069612815,-0.697621704699251,0.4504930574408472
HB_136_AD,-0.2677123895578593,-0.5042934233322881,-0.4561789234156734,-0.5210291919777321,0.3692037718515475,0.40209114059533013,1.1519701380063676
HB_137_AD,-0.08638996264263418,0.07044101566917597,0.07868209739908687,1.0289210507810698,2.050305871132899,-0.22088081244917082,-0.021414164657863815
HB_138_AD,-0.20912708636923494,0.07666999508863027,0.03853398083874037,-0.14680792707281423,-0.16987092854178526,-0.8923457865413642,-0.427369292004955
HB_148_AD,-0.32192395516834654,0.008440947340931622,0.16085750137753213,0.39259078276847725,0.43040723046715074,-0.6953849195219056,-0.6958015314190793
HB_150_AD,-0.10445265259214838,0.017589696005637798,0.009759825119597545,-0.1395481226223706,-0.8471456702102301,-0.6560828862835049,-0.39501339228023613
HB_155_AD,0.5213651397900796,0.7001407873857284,0.5168518407107964,-0.993476025992194,-0.4807666092084822,-0.4049006503365751,0.01194916575266591
HB_156_AD,-0.7005328170741288,0.08279435339035396,0.009043496452238496,0.05253212585613157,-0.4817113225121187,-0.13768978168164384,-1.1517452267808639
HB_157_AD,-0.11005626178126009,0.039810706985392436,0.23284718918551056,-0.061929418730396486,0.23216388900869486,-0.1278264883559528,-0.2140902210151886
HB_158_AD,3.3171636957491524,1.271125041432758,0.2567643905560133,1.4205654384495483,0.023951029091541565,-0.45236382484061693,1.03025660070891
HB_168_AD,-0.14516175251665264,-0.3923847662412682,0.18787850369144896,-0.8060257485433768,-0.06977873990947094,-1.2242591925988202,-0.3269514322867537
HB_170_AD,0.6406012798743695,0.027694654064500862,-0.5426595703864592,-0.22428015637644105,0.7377088842874074,-0.6953031302255155,-0.5588244350144734
HB_174_AD,-0.5419401373973168,0.49608493128671544,1.125651029282277,-0.1033389495679879,0.16226969930083035,1.0986132399139756,-0.05460085970499086
HB_179_AD,-2.2515817049926463,0.32182392273065946,1.3548675717464849,-0.11389252685210895,-0.14075794319385385,2.2418335396282414,1.7710281465303077
HB_184_AD,0.527865535869124,0.0922011007469859,0.42283544160785236,1.875103674196016,-0.1148992524131431,0.14773551189198084,-3.3714300650363587
HB_194_AD,-0.32250162433345,-0.542526822453153,0.30324524912544865,-0.06617235119043259,-0.047602804030989064,-0.8602413211043414,-0.24809870852907503
HB_199_AD,1.3480117316553726,-0.17267785701228663,0.7061226150080879,-0.7445470521679749,-1.9584805690336897,-0.379450626774204,-0.00680958253580536
HB_200_AD,0.36913255097913356,-0.02535933939712036,0.11279632079205427,1.0175074116414429,0.30249711149747266,-0.40651128421551436,0.5773556849102268
HB_205_AD,1.348453179973101,0.11408360659690307,-0.35671008832817225,-0.054503978303536704,-0.09431061700929118,-1.6210683512927033,-0.04694525101710435
HB_208_AD,-0.35939043103647045,-0.4987356890509676,0.001846435503892277,0.05211658673448104,0.3565054528951229,-0.9203463681323009,-2.0992800175342445
HB_209_AD,-0.1928138351737014,0.0642778600000681,0.1282864308159262,-0.15706860885359675,-0.40423262109153263,-0.7607176233842539,-1.3437289230875378
HB_211_AD,-0.8327918978346163,0.1910165687652919,0.04177950670768868,0.6011468729516382,-0.9952148373913492,-0.5457525531315975,-1.7017371647582977
HB_216_AD,-0.1826316007577937,0.4007855842882629,0.37106799562122705,-0.16966536977810434,-0.13573436503220995,-1.2822524494381562,-0.1602319317358539
HB_222_AD,1.7863432434059874,0.2526142316099458,0.5956338076738545,3.9910471842551027,0.056510107533055576,-0.735087799476991,-1.413535549349739
HB_224_AD,-0.3254814249928389,-0.19577795399763057,-0.12317460614762835,-0.12602071937930198,-0.2546963203780378,-0.40949742267639366,-0.8093206663787528
HB_230_AD,0.4276402895883617,-0.70868200930312,0.05924979979268814,-0.2929206496543491,-0.9622660359696069,-0.9736084065281035,-0.020919075993113444
HB_231_AD,-0.1833411932329757,0.036195669150485076,0.045515932274758336,-0.15516642511925213,0.22664268148117872,-0.3927843056382708,-0.1526020848552201
HB_236_AD,2.0063073179952395,0.43517345221381554,0.7773583521311592,1.346768814233721,4.616254414066911,-0.7382282265220999,-0.7705587003950779
HB_240_AD,1.3403809596279364,0.38918488001666685,0.046391617479371323,0.2829055227799138,1.0011078865316498,-0.6441661871883044,-1.021121414536004
HB_244_AD,-0.09251070455630349,0.32904848922498803,0.635482975416404,-0.3308115162968944,-0.17876135703923177,0.8875287488677245,0.5434866351566902
HB_245_AD,-0.3491250512114831,-0.2248619253098009,0.300730984181215,0.17669314361378335,0.5590243154070236,0.17369495402459392,-0.694233023696577
HB_250_AD,-0.4360566844446886,0.3628563656505198,0.4285771880738086,-0.2867308235544743,-0.024237402726166615,0.26591275097171146,0.5265364114648902
HB_251_AD,0.949209479567664,0.15635376662813824,0.09842341253802626,2.7678411173685724,0.058222038871543924,-0.7371076506633657,-4.038513178751073
HB_252_AD,0.7527273662002913,-0.3937420278992781,-0.3740052190307167,2.939330065902726,0.9431066194684781,-1.1248480791160103,-1.1453596597525897
HB_259_AD,-0.8688947071359797,-0.0019497478803592963,0.9839054316871712,-0.5363641528286317,-0.12085475905031957,-0.39031712297124194,-1.1814742175125343
HB_260_AD,1.3185831896294993,0.08180191875996212,0.03677173228270396,1.3938350874000394,1.5430889349011037,0.2603253878950425,-0.3793479153682463
HB_263_AD,0.2820864190736767,0.27537520514032865,0.19699128825212708,0.5394848820657172,1.3279937216065567,-1.8421023067784938,-0.425384698753832
HB_265_AD,-1.2040729513020623,0.7014401545528656,1.486700322665118,0.03387526733304472,-0.5629961697205685,1.5213278659157885,1.0741222771567003
HB_267_AD,0.0026118088018583403,0.09763069221468712,0.02066635551557645,0.1591582192498106,-0.3625041147014966,-1.0293766945143203,-0.5629683515655453
HB_273_AD,2.5496653162434204,0.5781512413015156,0.5068691930823689,0.5526237975585268,1.0318026468372155,0.6928727497747765,-1.970514137135753
HB_274_AD,-0.28061814560099557,0.5256811824296378,0.7281495818569029,-0.4947813107247254,-0.6790995728122879,-0.6700803223005942,0.13261570044617105
HB_275_AD,-0.18483333399506038,0.4639917464524028,0.5888396337847945,-0.1689962777230158,1.8380800762174179,-0.46979718906133205,1.039451385045654
HB_276_AD,-0.499285566213987,-0.3850842978039031,0.7184487037327888,0.01905728824651346,0.31358617148771056,-0.5901827683094193,-0.13411952510535233
HB_277_AD,0.928904587904676,0.825976571684554,1.1295410362973075,0.6452233791722953,2.0157364399271214,-0.6695931711405921,-1.3868804661359397
HB_280_AD,0.19571487262084253,0.2753197307334438,0.39594755879109894,1.4548074830089042,2.7856513969594414,-0.5814206527935122,-1.4758447862007134
HB_281_AD,1.342988882618011,1.9041514276552691,1.2537067135523008,1.5063814056267304,0.11786809354010457,0.19926518660327414,0.8058077197417071
HB_283_AD,-0.08626023499893204,0.04103696987726517,0.011816945928363697,-0.5420535285577662,-0.37110588497012725,0.24183733201736232,-0.30377680772988436
HB_284_AD,0.5355630689446971,-0.18703320224347228,0.26790057511384996,1.6933019807258232,-0.165143720403347,-0.4030667895934791,-0.20879424379146225
HB_286_AD,2.320918073063125,0.4877168358293422,0.21550691847748604,2.149425244346414,1.8875603391023135,0.37025536598268427,1.4415955803421958
HB_288_AD,3.039258125723755,1.5453139381209149,0.48486353183283354,2.553316764698837,-3.8702021326912424,-2.8011427774086117,-3.4219141027787177
HB_289_AD,-0.7919131602995145,0.07351345546932184,0.07043456257108027,-0.6198543998197845,0.798205052798158,1.3574066066771122,-0.11694852528536011
HB_290_AD,-0.5691293342077212,0.10592236876867445,0.17357755041962616,-0.2134577829257963,-0.5649134697330641,-0.6875925564578591,-0.3761383142774411
HB_299_AD,1.9852982867838584,0.16028797933041364,0.6555521517091784,-0.0727341873202945,-0.5918173425091156,-0.22879533308416816,0.06817049652071153
HB_302_AD,0.7206503943372685,-0.03128176639773315,-0.25287708904708056,1.0029712713469277,2.2377072824364497,-0.6216871428039107,-2.2852536286219975
HB_303_AD,-0.8646595566087882,0.2445767145570555,0.13719784001247545,-0.6606764221033088,-0.2222263354595783,0.5105890560178783,0.17481477771451864
HB_306_AD,2.0560869843174747,-0.05015398679301929,-0.037214131552622536,1.1135810012181195,0.0808783031565806,0.8991250266932664,1.884487935337781
HB_307_AD,1.2102426367814334,0.6821423744254071,1.4068763680279497,-1.0307179280881262,-0.1699248806469074,-0.11711828618262102,1.7955324989243595
HB_308_AD,0.28337881814694055,0.06558483966175935,-0.07807391800157414,0.41074257501221384,-0.4358437361812246,-0.7091291573211942,-1.6108743403945893
HB_312_AD,0.6121436785739391,-0.17456482310576005,0.7810586852613572,0.5698108649026832,1.8582723971778545,-0.3397399248235801,0.3386382118330985
HB_313_AD,2.073425539232564,1.2819517394920992,0.9970854343531824,0.5359018635169047,1.3803359978075838,-0.6009833539165647,-1.3600028460878613
HB_316_AD,1.9938023542027117,0.5975323432734939,0.0799672178294053,2.4366168801497423,1.2284952780556355,-0.5932583680665744,-1.163881224711648
HB_322_AD,-1.0156493726700115,-0.008834450956874042,-0.08657638917969836,0.0239580413568918,-0.8033445423951097,-0.6381525211882348,-1.210000348953669
HB_325_AD,1.3909433064034002,0.536210073316045,0.5621183031104416,0.6181410919279197,-0.1342187287726938,0.057515779262626805,-1.1338785174649024
HB_328_AD,1.464752656781299,1.9627402799027587,1.2091884807460491,1.0813161220713494,-0.8396230225338563,0.3350877670938963,-1.7164305599438474
HB_330_AD,-1.3766436993191737,0.023636337934863916,0.06598306418600813,-0.3958971695378561,0.008128689420371512,0.2140810308471106,0.3636745339196088
HB_334_AD,0.6007912989359299,0.003169763674352823,-0.08662887074472046,-0.015290439150679395,-0.5539533087422539,-0.1367370634583488,-0.11190470814070776
HB_335_AD,-0.19008907715181422,0.08650578659155306,0.04379589501293111,-0.29555402551659943,0.6714124587638568,-0.9719643055634943,-1.7169384288725313
HB_337_AD,-0.3540028711553842,0.5861998045806913,0.38585476798817625,-0.48250294014762546,-0.19235029579314528,-0.4052148203985063,0.04928492072313835
HB_345_AD,0.6968567337585112,1.950414865642796,1.3952658600211612,0.47006000636417167,1.2021032922196249,-0.695712510028242,-2.7191333180418873
HB_347_AD,1.6342539612628393,0.05214334095140852,0.020441453158350786,1.2949836332869347,2.46933518411997,0.1506828028675598,-0.9640812577294324
HB_349_AD,0.8825807555025624,0.6821395235411284,-0.14777682763113967,0.5793621459380696,-0.05439254626289398,-0.2814902893030583,-2.3218312520826143
HB_352_AD,1.275157666688479,0.884746618534441,-0.3953465985225182,-0.27807325756876533,0.050657553894831175,-0.9041164634794382,-1.725046540978741
HB_353_AD,2.884043796392836,1.0936257780445477,0.7026531999085768,1.2101172014496022,-0.12802957325641406,-0.7384825885950609,-0.6157279153012054
HB_356_AD,-0.5242190632919893,0.13394097856354364,0.04056525916545128,0.029605444521685034,0.32512274614498987,-0.6243385909642076,-0.6674851819524845
HB_363_AD,3.571340515915369,1.2648029660704172,0.561135014230884,0.8967016227100145,-0.07712988119433938,-0.5189521909246368,-0.8835731204545059
HB_364_AD,-2.6002469727017687,0.17024281869257707,0.31501584504536145,-1.3047508429303047,1.6010895819751636,-0.976701068290797,1.0234052595020104
HB_369_AD,-1.3105948187684024,0.3186985375747489,0.07862836586565458,0.40579362322820556,0.1545740202772765,-0.3956275774061334,1.0422457135420582
HB_373_AD,1.9566647038892029,0.6152528824437578,1.1069087260002162,-1.8132914522838888,-0.5532443065972923,-0.28584792968409833,0.11813884670503025
HB_376_AD,0.3209836465773679,-0.08408987425796399,-0.13001320523987406,-0.5697156490663106,0.22128399159074802,-1.5584213057103444,-0.4799117319539045
HB_377_AD,1.3361761135601722,-0.8856422300260289,-0.3339491660119618,0.5258617792290161,1.0339079166713832,-0.6609725168028788,-0.5850192430806432
HB_378_AD,-0.7513470813930078,0.2587744223594038,0.34140797210622204,-0.44287182228559213,0.0056245512227281755,-0.30215808201136135,0.6750842233923371
HB_386_AD,-0.4410989235610418,0.03953919130080649,-0.51138986824061,0.5719251120663278,-0.1367412491036495,-0.7017418714067885,-1.259076415894378
HB_389_AD,0.6772951327202988,0.6432289899887401,1.458175113284943,0.09097287603023337,-0.3773539155226164,-0.7591279722305628,-2.7508978589302346
HB_392_AD,-0.2718916806270586,0.4234412474204496,-0.5329959256028041,-0.27626677342805317,1.7899249780599171,-1.4348340275817117,-0.6041537057245552
HB_394_AD,-0.4044488518763183,0.12620533847927784,0.5202103021344822,-0.25072673639312015,-0.03329517389876809,-0.32672030352470455,-0.45794062915079303
HB_413_AD,-1.255382668804674,-0.0401502313248717,-0.31423826498889956,0.42555642125033794,-0.15478437454520302,-0.63036542463823,-0.6048498138709592
HB_419_AD,-0.17202147999453396,-0.02817535419346236,-0.05360640707852336,-0.16826658844907624,-0.18477113991618876,1.2850767847598525,0.45006650929248676
HB_429_AD,2.001948630324499,0.07336736602240279,0.24140303850565595,1.2930987860465568,4.035451827272655,-0.2946812820244316,-0.6460500470711901
HB_451_AD,1.916134237412295,1.8818323563928043,1.2817728824591337,1.9685315967119332,0.8945860910269265,-0.6608911483276263,-2.523593976433813
HB_460_AD,0.8861615846592434,0.32123563705797703,-0.03957547318025236,2.0285662651192538,-0.5127528525171721,-0.6357010325108344,-1.074114470176219
HB_469_AD,1.9140085040756671,2.235924096704924,0.479813576053003,0.23528974179553125,0.18500314461637493,-0.5932536820912642,1.5412526547893153
HB_471_AD,4.346185032344393,0.18342082220611275,0.32327358438450815,-0.13985395340448942,-0.8136678636227621,-0.19809224370154535,2.8909067447287624
HB_473_AD,2.547619347415994,1.0321759557232895,0.40252628046904926,1.4444498671473027,0.13631255424917832,-0.5260276192100966,0.04303660864866739
HB_474_AD,-0.3080413876568538,-0.017125947588386908,0.688425004100817,-0.29014085287710745,-0.39623988679364963,0.23731688940993087,-1.729557636075948
HB_479_AD,0.00213859366826208,0.007284387936143718,0.25466410467047,2.1501916998691692,-0.15972847662892536,-0.4981395357478217,-1.1942939322053794
HB_489_AD,-1.5537835651144989,-0.6625887044869889,0.09264779342512106,-0.13452193487917163,-0.5361915887446093,2.425320402683626,-1.4682151660036593
HB_492_AD,0.4304239895280281,0.3418830460759365,0.36396928173830717,-0.30092425947134327,-0.7753229510730464,-0.6952589315064066,1.264210816655589
HB_498_AD,0.521429099764801,0.7008158337029001,0.23547011049408162,-0.01101455125009906,1.5920911252696504,-0.21590607606285514,-0.5181134182017573
HB_514_AD,1.62886739049748,0.6731221410898662,0.5601375095001592,-0.163610210128271,-1.7707748910035104,0.5049709118888085,-0.3089258236433919
HB_517_AD,0.19894551217589368,0.27289948202797215,0.13851940413255073,0.17229064026655191,0.8233196587517855,-0.4854443189365029,-0.9285034163379547
HB_523_AD,0.07617043113327213,-0.1322431089502881,-0.04356703665350922,-0.2745263075151414,-0.2230198258049645,1.0849754476409768,1.1161276650305525
HB_524_AD,1.514111160185067,0.31407909139547907,-0.02576916470009824,0.7761797658314833,1.8414627455125725,-0.4559942071311315,-0.16069531401187112
HB_525_AD,-0.06244023921394548,0.07134746509560223,1.325904735487807,-0.48894057613185327,-1.000445587633925,-0.500449338253549,-0.3448082730502897
HB_534_AD,-0.05469637970954127,0.5038037524207963,0.4577129428666017,0.008122683808608143,-0.6379917407850969,-0.5601217658744945,-1.124884955843367
HB_536_AD,-0.2782437349276432,0.43590495871030266,-0.11797189332158549,-0.36410976856548566,-0.021399088221905144,-0.520517878883899,-1.436365575780924
HB_550_AD,1.0341036111451412,0.32696329164466764,0.671326735403411,-0.5979970527556357,-0.48908769409073366,-0.7131701874332433,-0.5234479120924748
HB_552_AD,-0.3661324271586757,-0.23851160699372098,1.0968813719524428,-0.9793752302876695,-0.35996609029194715,-0.3603650409908832,-0.09757488215152443
HB_553_AD,0.37634670916776036,-0.239697161792213,-0.19322594955054395,-0.4339856078035991,-0.08475321292705632,0.342206348295439,-0.017092295633620004
HB_554_AD,-0.1498328089027578,-0.017790294853625547,0.5833902435958032,-0.13876433060564838,-0.289960309070174,-0.5011271977756587,0.08102298653262206
HB_558_AD,-0.22523004388705045,1.075800858497892,0.5129965462487767,0.18320962575788002,0.11155222312639093,-1.1871469806210142,-0.18353201392949842
HB_564_AD,-0.5731175426141402,0.1765644809934624,0.06968090058717452,-0.7951270515805923,-0.13827752338668461,-0.11931881546622758,0.07609138753114449
HB_565_AD,-0.35638763769986037,0.08986369493747476,0.04513652141857811,-0.48361601820301026,-0.41327443135145797,0.10985683184885381,0.6809845703082864
HB_566_AD,0.3443319151657785,0.7003291484776726,0.5304513398324157,-0.8276833233767348,-0.0062053065646005615,-0.4631000039809461,-0.5310556964073891
HB_573_AD,0.37701932491578893,1.2815978319847985,1.3588649520102904,-1.0105138277334946,-0.943937156458761,-0.9082222722697387,0.08178956786835674
HB_583_AD,0.7350950524411656,1.8982371199730828,2.1370124083184208,1.174786285518388,-0.15361915613163188,-0.6334905257386003,-1.692839990558511
HB_590_AD,1.7064599422571038,-0.09475371460258862,1.1718902370939788,-0.3525001680033389,-1.2332864795236254,-0.1326277506029303,0.435441019518468
HB_591_AD,-0.6074664365601722,0.12805724503142138,0.5405451052685339,-0.48398802823299747,-0.13660270655428425,-0.32306230953438436,0.5207750567588049
HB_594_AD,-0.3178385064537393,-0.10321410522113088,-0.694027123271339,-0.05335354359242094,-0.19860078019727637,-0.768808756956515,-0.015117269992927687
HB_597_AD,2.379586035629827,-0.38545490008954003,-0.12808030712574153,1.1030019827632853,3.207292713197193,0.8379278154831945,-0.6551725916500112
HB_598_AD,-1.4464763738684188,0.016644005740939546,0.3714248407517193,-1.113771810695526,-0.2976132697562299,-0.7209211822517085,-0.07175586465337865
HB_605_AD,2.651179064822556,0.5860199327885994,1.379384836544725,-2.9468612972111905,-1.3753178729509434,-2.5069335272853723,-2.5959558933568174
HB_611_AD,2.321946621252802,1.3306253302535722,3.0192524964607172,-0.8138196565587319,1.4251524981064732,-0.3938140091305115,-0.2892380361504063
HB_612_AD,-1.4131570342815096,0.15920179242022134,0.3439735199716898,-0.7106838878281654,0.19820537114420328,-0.7727729309625418,-0.6527434679892566
HB_621_AD,-0.18900988794229107,0.4193855845137814,0.5313245807018825,-0.20023036006904976,-0.17685299792234732,-3.0789320867196213,-0.15393142576698055
HB_633_AD,-0.4872851921353758,0.15084914242034045,0.21103358841575362,-0.25350771398419236,2.416491259345176e-4,0.07356105037733213,-0.16664767699286223
HB_634_AD,-0.4311813969781225,0.2209790102920474,0.27004314714201033,0.4460309279721714,0.0755519962763853,0.20748089850966522,0.5695977481274482
HB_636_AD,-0.2090025558465291,-0.06120716670182007,-0.7258631584099513,-0.18978257296947706,0.4309469494798077,-0.6222500764899365,-0.8678525867908262
HB_642_AD,-0.403280437606739,0.5185826376910253,0.7727341522723541,0.6990351586924852,0.18168916793939957,0.08801077884241666,1.3632184582780227
HB_652_AD,-0.20345838739648978,0.826744245132531,0.7508248305470218,0.3646147804744238,2.447472960556619,-0.6855280635096594,0.19204899098676026
HB_657_AD,-0.17888517572201987,0.18552896370310826,0.4028128547065116,-0.17476176227086654,-0.5161165544963079,-1.6085370950075408,0.014769283414685733
HB_664_AD,-1.6787790276365837,-0.06475426479671632,1.5833424215564573,-0.5605193099337238,0.3312335024065422,0.6211924395900418,-1.8797653463380326
HB_669_AD,0.423563137508257,-0.19071822992095205,0.45014180294186784,0.37729124633249506,-1.6985972465907697,-2.3048572349012484,-0.06893876618215021
HB_674_AD,-0.6206014244364532,0.2799059951538287,0.5536188852127242,-0.08792524990393155,0.16462645847271604,0.4769140388736575,0.16503872000656467
HB_685_AD,0.45858380730663595,0.5608612363397255,-0.19102846926505446,0.9665081696456157,1.5445549698562813,-0.16811862484533116,0.2638037613436805
HB_696_AD,-1.095466820881317,0.3289584164864966,0.3867192708406641,-0.05647803066147862,-0.01943738176120756,0.726574021713682,-0.2533041256624051
HB_699_AD,1.1155535778100176,0.2807076815518403,0.35665177633602674,1.119150685363519,1.665495930446724,-1.7095671907384629,0.056291290049050986
HB_703_AD,0.4428808703586241,0.6187906347064585,1.0094442558905077,0.43040661405942526,0.04520417317613733,0.434317166398389,-0.11177499627846127
HB_706_AD,-0.1798898614947843,-0.17800408428545925,-0.2480131187294723,-0.2684186553232034,-0.1827029019228943,0.15706864419299632,1.526791270248372
HB_715_AD,0.4018231412478176,0.07661140624905338,0.0019530832577433494,-0.27530258526203266,-0.0809151692432446,-0.997303957324471,-0.2508997867245045
HB_722_AD,2.1455174180535534,0.2792718469889896,0.3509316231010887,1.727296054380758,2.22204810214548,0.1536815117974767,-1.593665113124588
HB_728_AD,0.8168343695636063,1.5593385833098887,0.6691120699234914,2.219655649773835,3.091884872626814,1.5190619440828312,-2.6587789710763183
HB_731_AD,-0.4276143514901705,0.3002245743096628,0.5935993525668641,-0.5079544698186215,1.8434678272816858,-0.5644384393872102,0.04245044008462063
HB_733_AD,-0.6350722429459557,-0.14811739772281765,0.463540988477486,1.1882449868658598,0.23340442195923777,0.05328575184999442,-0.9230899310361202
HB_746_AD,0.5529932790748608,0.8867948559839123,-0.5931390292487471,0.739263338965942,0.1722104981235527,-0.411711525177756,-1.186691426100386
HB_749_AD,1.2869830610788815,0.29987340365126974,0.1896266123139894,0.7595117198392204,1.0451012153222048,0.17048646784074642,-0.5969180342319884
HB_751_AD,1.354952919483947,0.9810550619980699,0.7891674944464564,1.1938921753372287,1.0621790111906066,-0.7450439095572712,-2.517393062723517
HB_752_AD,-0.8148045085832442,0.49073784567710005,0.8547812639413078,-0.7871577927113966,1.0563194353599168,-0.24425198097955939,0.20908252675688765
HB_754_AD,-0.3596477034477875,0.011575987491599469,0.09202731402489378,-0.23287905738411283,0.31928134143377435,-0.6414304789698873,-0.80918068145114
HB_755_AD,2.5361698511092627,-0.08595181085452996,0.04488446245510886,3.0068635998878257,0.178783698825037,-0.5129034717737506,-1.1824513566278214
HB_756_AD,1.738675377531607,0.10397551129827372,-0.03994552745082635,0.7705591456713019,0.9163678117233717,-0.9011041827206143,-0.10380418407193713
HB_757_AD,-0.17868303798561913,-4.020221814636879,-2.0202857344144527,-0.1502118376328708,0.6470619643733216,-0.16686184737820176,1.1152422878194723
HB_763_AD,0.30340442531025696,0.08360694156984733,0.5365698282741824,0.732127305274285,-0.18057640670710193,-0.8919797457604386,-0.2916203242476003
HB_773_AD,0.31482779531882255,0.0406914680438779,0.13399699543519375,0.5167517468527733,-1.0745266899864672,-1.9871230720920574,0.19542289077335187
HB_775_AD,-0.126169941825167,0.33199997043989665,0.07821345387502426,-0.1474684313909532,2.1884740928264765,-0.36544200913671654,-0.10036216977775263
HB_776_AD,0.89258356773635,1.3950245710165805,1.6470031068562239,1.1806225115493612,1.5039055120948894,0.26347818819268276,-3.3943504541868914
HB_777_AD,-0.5311605580875136,2.0581035956761875,2.329329800979463,-0.518761063302621,-0.6927337664205563,0.34483864284414656,2.178714825719321
HB_781_AD,0.08709350043835706,1.389270219482444,0.8078329813422251,0.08043502503940127,0.5960778406712327,-0.631667750785346,-1.9779030310953651
HB_782_AD,3.187874076830649,0.6971499867748476,0.09915955197503501,2.2791890090367213,-0.3812527116131755,-0.7314730209009431,0.2361761059070732
HB_783_AD,-0.4042146446205299,2.0560133602665815,0.8810245912982029,-0.4678307378958143,0.13550209142993377,-0.3865037834828778,-1.9642965152822411
HB_784_AD,3.2499089253803533,0.7110994598471598,0.9030943730401726,3.269258735655991,0.843784218018879,-0.077712794831353793,-1.1048778024522052
HB_786_AD,0.5511545299922269,4.796767287484961,1.5710756940347181,-0.037700675454317184,0.7801903446119249,-0.5590260712391399,0.14021645561592216
HB_787_AD,2.0650219395383007,0.2467063808638852,0.4610722474041382,4.208409247253134,0.22891019920278313,-0.6860019956083092,2.015918516399689
HB_789_AD,-1.2358042655893933,0.6106351924092037,0.790308686734894,-0.8313429874778229,0.4749631112728768,-0.07138995306906117,1.2717237553879348
HB_791_AD,1.2771624294663322,-1.138872347916484,-0.9447316577539117,2.572131691255153,2.834526248090642,-0.17859502540300487,-0.8882118970325789
HB_792_AD,1.5545883039447483,2.368868592629229,3.29008537917948,1.1550279960581538,3.933196329123715,-0.1683021320272421,-2.567795193434914
HB_793_AD,1.6619853768190826,0.9855436994701545,1.338708514770548,1.2328501219691228,2.4555407178878212,0.15821398044527873,1.2816214229743021
HB_794_AD,0.009504858243912676,0.8949248202451333,0.5111315538179874,0.19280255731747226,1.7892947080059434,-0.4356389831422781,-1.7101209885859248
HB_795_AD,-0.32268440183486813,0.3892417785986314,0.5521421148996073,-0.5124220252732464,1.2192941479972006,-0.45528465824961034,0.20300433289288114
HB_797_AD,-6.393416142583346,0.08023257411868984,0.5248348136834425,-6.951529357207251,1.6114059266937586,-0.72806130727335,-2.3174092573117133
HB_798_AD,0.8390683822319164,1.9967933678539318,1.642153727166453,3.561661356567003,0.9778797138343559,-0.14541483697406585,2.5838314153272295
HB_799_AD,1.0817169733322252,-0.06266935610600288,1.3435434642219266,1.7333715025591352,1.4195973173510354,-0.4812378255640695,-1.760424853919358
