,cerebellum,visualCortex,prefrontalCortex_csv,VCDN
0,0.22213251888751984,0.23386098444461823,0.23448213934898376,0.36607441306114197
1,0.19911594688892365,0.21573476493358612,0.14870280027389526,0.36615291237831116
2,0.1714581847190857,0.1803373247385025,0.16340728104114532,0.3653491735458374
3,0.17922605574131012,0.17514516413211823,0.17688998579978943,0.36556145548820496
4,0.17928490042686462,0.17062890529632568,0.15519331395626068,0.36612555384635925
5,0.1622040569782257,0.16550923883914948,0.12909677624702454,0.3662954270839691
6,0.1542673408985138,0.16474248468875885,0.12465061992406845,0.36620765924453735
7,0.14484499394893646,0.16011719405651093,0.12184152752161026,0.36591723561286926
8,0.14565983414649963,0.15924318134784698,0.12592697143554688,0.36585837602615356
9,0.13124282658100128,0.15519694983959198,0.12476876378059387,0.36597108840942383
10,0.1364756077528,0.14789338409900665,0.11859798431396484,0.365378201007843
11,0.13099195063114166,0.14182795584201813,0.10692483186721802,0.3661029636859894
12,0.12197969853878021,0.1439201980829239,0.09985066205263138,0.36569327116012573
13,0.12158830463886261,0.1432870626449585,0.09966910630464554,0.36588674783706665
14,0.11613550037145615,0.13218729197978973,0.10527538508176804,0.36471086740493774
15,0.10939560830593109,0.12486980855464935,0.0972425565123558,0.365639328956604
16,0.11021938920021057,0.12952888011932373,0.09499634057283401,0.36570537090301514
17,0.10593666881322861,0.12814034521579742,0.08748144656419754,0.3652842342853546
18,0.09687383472919464,0.12399616092443466,0.08211177587509155,0.3655736446380615
19,0.09683942049741745,0.12507566809654236,0.08165071159601212,0.36584144830703735
20,0.1056203842163086,0.10941334813833237,0.08225013315677643,0.36593812704086304
21,0.1010485589504242,0.11373670399188995,0.07821086049079895,0.3656168282032013
22,0.09429651498794556,0.11059752106666565,0.07891882956027985,0.36555030941963196
23,0.0938870906829834,0.10772884637117386,0.07968073338270187,0.3657623827457428
24,0.08769424259662628,0.11173870414495468,0.07455050945281982,0.3656975328922272
25,0.08956757932901382,0.10443902015686035,0.07327941060066223,0.36559394001960754
26,0.08881742507219315,0.1014050617814064,0.07109042257070541,0.36581918597221375
27,0.09006135910749435,0.09609336405992508,0.07444877177476883,0.36540231108665466
28,0.0868854895234108,0.10335823148488998,0.07319273799657822,0.3657313585281372
29,0.08338486403226852,0.09690279513597488,0.07457312941551208,0.36573418974876404
30,0.08430039137601852,0.10545316338539124,0.06728498637676239,0.36580875515937805
31,0.081314317882061,0.09985009580850601,0.06723000109195709,0.3656362295150757
32,0.07945815473794937,0.09906329959630966,0.06656409054994583,0.3656543791294098
33,0.08165708184242249,0.09129638224840164,0.06518644094467163,0.3656609356403351
34,0.0782986730337143,0.09723667800426483,0.06366698443889618,0.3657844066619873
35,0.07892303913831711,0.09616908431053162,0.06480167806148529,0.36528196930885315
36,0.07766064256429672,0.09378568083047867,0.06324867904186249,0.3655136823654175
37,0.08146636188030243,0.09257637709379196,0.062390439212322235,0.36554282903671265
38,0.07761193811893463,0.09419959038496017,0.06541755795478821,0.3654770255088806
39,0.07669918984174728,0.08742327988147736,0.062029361724853516,0.36547693610191345
40,0.07299984246492386,0.0871858075261116,0.05977616086602211,0.3656747341156006
41,0.07748360186815262,0.08546702563762665,0.05968884006142616,0.36553338170051575
42,0.07649823278188705,0.0871335044503212,0.058783963322639465,0.3655797243118286
43,0.07500796020030975,0.08674035966396332,0.057246606796979904,0.36544686555862427
44,0.0724753886461258,0.09162730723619461,0.05871797353029251,0.36566653847694397
45,0.07526522129774094,0.08878668397665024,0.05911481752991676,0.36523303389549255
46,0.07471095025539398,0.08540461957454681,0.056408725678920746,0.36561012268066406
47,0.07350832223892212,0.08149845898151398,0.05779040977358818,0.36567214131355286
48,0.06886792182922363,0.08753801137208939,0.05620076134800911,0.365085631608963
49,0.07401838898658752,0.0825573056936264,0.05494781956076622,0.36524856090545654
50,0.07203787565231323,0.08227244764566422,0.052030738443136215,0.36505815386772156
51,0.07104432582855225,0.086238332092762,0.05522539094090462,0.36540687084198
52,0.07172960788011551,0.08244089782238007,0.052928052842617035,0.36547595262527466
53,0.06664755940437317,0.0791601911187172,0.052083928138017654,0.36504194140434265
54,0.07134724408388138,0.07963352650403976,0.05194166302680969,0.36526745557785034
55,0.06964503973722458,0.08016729354858398,0.052777547389268875,0.36552029848098755
56,0.06780978292226791,0.07725432515144348,0.05181990563869476,0.3653920590877533
57,0.07010998576879501,0.07714809477329254,0.05013739690184593,0.3650176227092743
58,0.0677633211016655,0.07962213456630707,0.04908527433872223,0.3649730682373047
59,0.06912389397621155,0.07887496054172516,0.04878644645214081,0.36493271589279175
60,0.06842001527547836,0.07962244004011154,0.04897750914096832,0.36530277132987976
61,0.06758379936218262,0.07693074643611908,0.04887378588318825,0.36482521891593933
62,0.06620752066373825,0.07997479289770126,0.04975457116961479,0.36483997106552124
63,0.06759843975305557,0.07423483580350876,0.0464247465133667,0.36496198177337646
64,0.06754933297634125,0.0757279247045517,0.047556862235069275,0.36474958062171936
65,0.06812216341495514,0.07562173902988434,0.04652808979153633,0.36497563123703003
66,0.06777293235063553,0.07624808698892593,0.0468234121799469,0.3646566569805145
67,0.06502112746238708,0.07522875815629959,0.045239176601171494,0.36456701159477234
68,0.06683278828859329,0.07844625413417816,0.046907272189855576,0.3648422062397003
69,0.06534604728221893,0.07679374516010284,0.04449443519115448,0.3647303879261017
70,0.06789178401231766,0.07675789296627045,0.04425234720110893,0.36448442935943604
71,0.06613173335790634,0.07378453761339188,0.044420331716537476,0.3645339608192444
72,0.06313064694404602,0.07684727758169174,0.04398290067911148,0.36440509557724
73,0.06432170420885086,0.07270408421754837,0.044420093297958374,0.36461296677589417
74,0.06298912316560745,0.0721789076924324,0.04154246300458908,0.364395409822464
75,0.06712395697832108,0.07279009371995926,0.041433338075876236,0.3644232749938965
76,0.061078619211912155,0.07449115812778473,0.03969001770019531,0.3642274737358093
77,0.06490033119916916,0.07292240858078003,0.04164106398820877,0.36437150835990906
78,0.0624348483979702,0.07165592908859253,0.04043964296579361,0.3642212450504303
79,0.0644092857837677,0.0723167285323143,0.038037143647670746,0.36407485604286194
80,0.06387580186128616,0.0714077576994896,0.04047722369432449,0.36398598551750183
81,0.0636649876832962,0.07630302757024765,0.04223041236400604,0.36397048830986023
82,0.0642489641904831,0.07251457124948502,0.038040198385715485,0.3637439012527466
83,0.06114305928349495,0.07248151302337646,0.03939751908183098,0.3637898564338684
84,0.05981774255633354,0.07260555773973465,0.03764645382761955,0.3635334074497223
85,0.06131523475050926,0.07100552320480347,0.040533799678087234,0.3639441728591919
86,0.06223796308040619,0.0700400173664093,0.03912471979856491,0.3637254536151886
87,0.06280773133039474,0.071623295545578,0.03831447660923004,0.3636709451675415
88,0.0615631602704525,0.07223469018936157,0.03724638372659683,0.3633570373058319
89,0.06595400720834732,0.06745947152376175,0.035651661455631256,0.36359575390815735
90,0.06090416759252548,0.07019390910863876,0.03508193418383598,0.3636941909790039
91,0.061036985367536545,0.06927138566970825,0.03588666766881943,0.3635091483592987
92,0.06190681457519531,0.06971453875303268,0.035763826221227646,0.363159716129303
93,0.05854297801852226,0.06735970824956894,0.03722842037677765,0.36353281140327454
94,0.060525067150592804,0.06858924776315689,0.03456897288560867,0.36349985003471375
95,0.060897622257471085,0.06817612797021866,0.03611799702048302,0.36318644881248474
96,0.062121253460645676,0.06930995732545853,0.036408208310604095,0.3630591630935669
97,0.060036275535821915,0.067283995449543,0.036060839891433716,0.36277908086776733
98,0.05908793583512306,0.06823990494012833,0.03459393233060837,0.3626098036766052
99,0.0591130368411541,0.0701770931482315,0.032776571810245514,0.36284148693084717
100,0.06185079738497734,0.06549514830112457,0.03438238427042961,0.362949937582016
101,0.0560959056019783,0.06929005682468414,0.03336404636502266,0.3627810478210449
102,0.058828216046094894,0.06431789696216583,0.033117134124040604,0.3626837730407715
103,0.05840570852160454,0.0665009543299675,0.03210385888814926,0.36288127303123474
104,0.056573107838630676,0.0667823851108551,0.03326810151338577,0.36241862177848816
105,0.05900062993168831,0.06561928242444992,0.033459655940532684,0.3623768389225006
106,0.05840426683425903,0.06710948795080185,0.031319763511419296,0.36237409710884094
107,0.05743962526321411,0.06617382168769836,0.033060912042856216,0.3626171350479126
108,0.05686729773879051,0.06895262748003006,0.031527478247880936,0.3622044324874878
109,0.05741307511925697,0.06654294580221176,0.031263332813978195,0.3624502122402191
110,0.057371512055397034,0.06856448948383331,0.030609598383307457,0.3623189628124237
111,0.05868442356586456,0.06564133614301682,0.03181641548871994,0.3622608780860901
112,0.05574428662657738,0.06517836451530457,0.03107425756752491,0.3619844615459442
113,0.05876772478222847,0.06735016405582428,0.029283203184604645,0.36192548274993896
114,0.055222202092409134,0.0661582499742508,0.030103124678134918,0.3617800176143646
115,0.05595105513930321,0.06361938267946243,0.03179050609469414,0.36201101541519165
116,0.056688133627176285,0.06324867904186249,0.03041079454123974,0.3618668019771576
117,0.05454786494374275,0.06541825830936432,0.02904539927840233,0.3618251383304596
118,0.05588111653923988,0.06514867395162582,0.031545333564281464,0.36154088377952576
119,0.05616798251867294,0.06596561521291733,0.030166037380695343,0.3616475462913513
120,0.05716678127646446,0.06455253809690475,0.03000529296696186,0.3616156280040741
121,0.0558871291577816,0.063886858522892,0.029581895098090172,0.3614293336868286
122,0.05584276467561722,0.06656445562839508,0.028513027355074883,0.3613666892051697
123,0.05520857498049736,0.06564703583717346,0.029544997960329056,0.3610842227935791
124,0.054991528391838074,0.06565546989440918,0.030095703899860382,0.36156606674194336
125,0.055135708302259445,0.06232938915491104,0.028362754732370377,0.36119621992111206
126,0.05510799214243889,0.06381942331790924,0.028036190196871758,0.3608434200286865
127,0.053455475717782974,0.06200022250413895,0.02878725714981556,0.360996276140213
128,0.05616036057472229,0.06217549368739128,0.027730507776141167,0.3608940541744232
129,0.05427690967917442,0.06266111880540848,0.027326200157403946,0.3606152832508087
130,0.05445292592048645,0.061193350702524185,0.027888355776667595,0.36091727018356323
131,0.053664229810237885,0.0638180673122406,0.028224751353263855,0.360639750957489
132,0.05258861929178238,0.0633668527007103,0.027846943587064743,0.36009660363197327
133,0.053065814077854156,0.06250237673521042,0.027272362262010574,0.36036357283592224
134,0.05250999331474304,0.06460976600646973,0.027280515059828758,0.3603566884994507
135,0.05359315872192383,0.06285310536623001,0.028821105137467384,0.3604390621185303
136,0.053861524909734726,0.061246372759342194,0.02634650282561779,0.36017557978630066
137,0.05064089596271515,0.06295277178287506,0.026244739070534706,0.36023569107055664
138,0.04980466514825821,0.06314078718423843,0.026335790753364563,0.3601152300834656
139,0.051730927079916,0.061481766402721405,0.025843201205134392,0.3600313067436218
140,0.05355136841535568,0.062449511140584946,0.026941785588860512,0.3602222204208374
141,0.05061652511358261,0.061033010482788086,0.02524561993777752,0.35977405309677124
142,0.05240774154663086,0.06169234588742256,0.025565732270479202,0.35989028215408325
143,0.05008266121149063,0.05991337448358536,0.026479803025722504,0.359916627407074
144,0.05228273198008537,0.061411209404468536,0.026217829436063766,0.35971125960350037
145,0.0487130805850029,0.06222466006875038,0.02608572132885456,0.35985586047172546
146,0.05006071925163269,0.06302352249622345,0.025474926456809044,0.35966140031814575
147,0.051978614181280136,0.06185179203748703,0.025661904364824295,0.3596194386482239
148,0.05063126981258392,0.06126444414258003,0.025783011689782143,0.35959213972091675
149,0.048382215201854706,0.05930337682366371,0.025256063789129257,0.3591368794441223
150,0.05049123987555504,0.06074744462966919,0.025063861161470413,0.35913771390914917
151,0.048950523138046265,0.06117108464241028,0.025159867480397224,0.35913851857185364
152,0.048752058297395706,0.05897307023406029,0.024287020787596703,0.35923248529434204
153,0.0485842265188694,0.060587260872125626,0.024202730506658554,0.3589822053909302
154,0.04947543889284134,0.05978555232286453,0.024766722694039345,0.3587322533130646
155,0.04921479523181915,0.05970870330929756,0.024300314486026764,0.3587580919265747
156,0.049227721989154816,0.06020273640751839,0.023761387914419174,0.35859453678131104
157,0.04941130056977272,0.059008415788412094,0.023165682330727577,0.3586299419403076
158,0.04730914533138275,0.05939975753426552,0.02442234754562378,0.35850366950035095
159,0.04805004224181175,0.060403063893318176,0.02398599311709404,0.35820716619491577
160,0.048288069665431976,0.05811919644474983,0.02401972934603691,0.3583196997642517
161,0.046973224729299545,0.05823179706931114,0.024134323000907898,0.3582928776741028
162,0.04811680316925049,0.05692034214735031,0.023844338953495026,0.35813507437705994
163,0.04788876324892044,0.059745676815509796,0.023761965334415436,0.35806605219841003
164,0.04810869321227074,0.06123737618327141,0.023752614855766296,0.35815849900245667
165,0.04757719859480858,0.056327465921640396,0.02330366149544716,0.35818594694137573
166,0.046010829508304596,0.058812204748392105,0.023049984127283096,0.35798099637031555
167,0.047547534108161926,0.057730868458747864,0.02362653613090515,0.3579501211643219
168,0.04825281724333763,0.05782446637749672,0.023748628795146942,0.3576726019382477
169,0.04486832767724991,0.05711054801940918,0.02346346341073513,0.35767677426338196
170,0.04744865000247955,0.05499149113893509,0.02283509634435177,0.35744789242744446
171,0.04599219188094139,0.058446187525987625,0.022330842912197113,0.35760757327079773
172,0.047288138419389725,0.056576646864414215,0.02296782098710537,0.3575878441333771
173,0.04718686640262604,0.059075772762298584,0.02390352450311184,0.35709530115127563
174,0.04585334658622742,0.05834406241774559,0.022265389561653137,0.3575196862220764
175,0.047016777098178864,0.05753626301884651,0.02258881740272045,0.3571462631225586
176,0.04460683837532997,0.05832119286060333,0.022170018404722214,0.356815904378891
177,0.04401395469903946,0.056805986911058426,0.02157028205692768,0.35725152492523193
178,0.045242875814437866,0.05666876211762428,0.022775253280997276,0.3568921983242035
179,0.04624828323721886,0.05509611964225769,0.022915879264473915,0.3566344380378723
180,0.04435877501964569,0.056275732815265656,0.02248534746468067,0.3569001257419586
181,0.044098272919654846,0.05654291808605194,0.022174188867211342,0.35661637783050537
182,0.043648611754179,0.055355265736579895,0.021829795092344284,0.35668617486953735
183,0.04380226135253906,0.05653577670454979,0.022220229730010033,0.35611283779144287
184,0.04417445510625839,0.05556618049740791,0.02242855913937092,0.3562614917755127
185,0.04225725680589676,0.057855814695358276,0.02224886417388916,0.3562844693660736
186,0.04479221627116203,0.05645839124917984,0.021349798887968063,0.3560805916786194
187,0.044287338852882385,0.05397757887840271,0.02192588523030281,0.35604581236839294
188,0.044489312916994095,0.0562480092048645,0.022297335788607597,0.3559201955795288
189,0.043184828013181686,0.05462455004453659,0.02188851684331894,0.35568737983703613
190,0.04094370827078819,0.055334534496068954,0.02198493666946888,0.3556337058544159
191,0.043006569147109985,0.05515935271978378,0.02097569778561592,0.35553044080734253
192,0.041882775723934174,0.05396096408367157,0.02135831117630005,0.35530585050582886
193,0.04177810251712799,0.05419536679983139,0.02147529274225235,0.3553558588027954
194,0.043029796332120895,0.054105740040540695,0.02087019756436348,0.3550534248352051
195,0.04338666424155235,0.05400544032454491,0.02071065455675125,0.35536763072013855
196,0.04200051724910736,0.05547717213630676,0.021547771990299225,0.355109304189682
197,0.0403197705745697,0.054445669054985046,0.02134234458208084,0.35528361797332764
198,0.04136444628238678,0.054206427186727524,0.02005082368850708,0.35483023524284363
199,0.042012207210063934,0.05174868181347847,0.021644538268446922,0.35499078035354614
200,0.042392030358314514,0.05392151698470116,0.02075214870274067,0.35458165407180786
201,0.04291318356990814,0.05178362503647804,0.020303022116422653,0.35453563928604126
202,0.04235725477337837,0.05334349349141121,0.02102397009730339,0.3545266389846802
203,0.04208531603217125,0.05335134640336037,0.021517813205718994,0.3543946146965027
204,0.04303263872861862,0.05210211127996445,0.02036995254456997,0.3541395962238312
205,0.04213826730847359,0.05243677273392677,0.020488495007157326,0.35402658581733704
206,0.04143178090453148,0.054444778710603714,0.02069070003926754,0.35399460792541504
207,0.04186291620135307,0.05362512916326523,0.02000410482287407,0.3536304533481598
208,0.03967529162764549,0.054262444376945496,0.020274942740797997,0.3535304367542267
209,0.041326433420181274,0.05147359147667885,0.020697379484772682,0.3534401059150696
210,0.041119690984487534,0.052582137286663055,0.020963545888662338,0.3532133996486664
211,0.03905360773205757,0.052016835659742355,0.02033136412501335,0.3534036874771118
212,0.04152178019285202,0.052574239671230316,0.020099429413676262,0.35318517684936523
213,0.040749017149209976,0.052044760435819626,0.020504416897892952,0.35329723358154297
214,0.04046003520488739,0.05018636956810951,0.02011549100279808,0.35272806882858276
215,0.04043459892272949,0.05240543559193611,0.02102237567305565,0.35310742259025574
216,0.04039568454027176,0.05049289017915726,0.019350621849298477,0.35287711024284363
217,0.04142354428768158,0.05237787589430809,0.019483380019664764,0.35235029458999634
218,0.04103050008416176,0.053260426968336105,0.020349355414509773,0.35248270630836487
219,0.03915392979979515,0.05239865183830261,0.02027408592402935,0.352311372756958
220,0.04021770507097244,0.05179055780172348,0.020188989117741585,0.35208800435066223
221,0.04036521166563034,0.052010130137205124,0.020391564816236496,0.35192689299583435
222,0.03991228714585304,0.051202163100242615,0.019893234595656395,0.35155317187309265
223,0.038669224828481674,0.05251042917370796,0.019320541992783546,0.3518356680870056
224,0.03878546133637428,0.05143298581242561,0.020694352686405182,0.35123565793037415
225,0.03855034336447716,0.05011929199099541,0.01971535012125969,0.3511931896209717
226,0.038746822625398636,0.049357082694768906,0.019119130447506905,0.35133951902389526
227,0.037640608847141266,0.052231792360544205,0.019439294934272766,0.3510536551475525
228,0.03756235912442207,0.04937899857759476,0.01936516724526882,0.35070914030075073
229,0.03933427482843399,0.05207592621445656,0.019073840230703354,0.35086318850517273
230,0.0397348627448082,0.05054013803601265,0.018791988492012024,0.3507393002510071
231,0.039296433329582214,0.05100001394748688,0.01897435449063778,0.35016313195228577
232,0.03761540353298187,0.04821467027068138,0.019980942830443382,0.34997275471687317
233,0.03848613426089287,0.049145665019750595,0.019794702529907227,0.35047322511672974
234,0.037049226462841034,0.04867423698306084,0.018771115690469742,0.3496939539909363
235,0.039070166647434235,0.05007123574614525,0.019595833495259285,0.3501330614089966
236,0.03711574524641037,0.04729648679494858,0.018550632521510124,0.3494376838207245
237,0.037712741643190384,0.04985709860920906,0.019808782264590263,0.34986868500709534
238,0.03719651699066162,0.04872507229447365,0.019679702818393707,0.3492523431777954
239,0.03811746463179588,0.048884786665439606,0.01886664517223835,0.3496047556400299
240,0.038848038762807846,0.04804614558815956,0.018656086176633835,0.3495636582374573
241,0.03661356493830681,0.050781622529029846,0.019269093871116638,0.3493519425392151
242,0.03683808445930481,0.04797009378671646,0.019094310700893402,0.3492063581943512
243,0.03723511844873428,0.047930631786584854,0.019135095179080963,0.3488294780254364
244,0.03725801408290863,0.049856096506118774,0.01835552603006363,0.34837132692337036
245,0.03830825537443161,0.049301180988550186,0.019367549568414688,0.3483431339263916
246,0.036487262696027756,0.048157092183828354,0.018448136746883392,0.3485461473464966
247,0.03684760257601738,0.04835861921310425,0.019345799461007118,0.3483026623725891
248,0.03595622256398201,0.046457935124635696,0.01863246038556099,0.34825876355171204
249,0.03627489134669304,0.04762180522084236,0.018632495775818825,0.34828075766563416
250,0.03599512204527855,0.04747214540839195,0.019154485315084457,0.348219096660614
251,0.03813398256897926,0.04650447145104408,0.01827053166925907,0.3476727604866028
252,0.03798700124025345,0.04521865397691727,0.01854875683784485,0.3477756977081299
253,0.03611825406551361,0.04646359011530876,0.018806546926498413,0.34719210863113403
254,0.03612019866704941,0.04697839543223381,0.01885007508099079,0.34731370210647583
255,0.03778611123561859,0.047356631606817245,0.018869606778025627,0.3468119502067566
256,0.03581611067056656,0.04606238752603531,0.016566773876547813,0.34698814153671265
257,0.03582136705517769,0.046740852296352386,0.01864290051162243,0.3470079302787781
258,0.03513224422931671,0.04527031257748604,0.019481142982840538,0.3467966318130493
259,0.03544038161635399,0.047039881348609924,0.01777169294655323,0.34682613611221313
260,0.035637352615594864,0.04766397550702095,0.018281441181898117,0.3464263379573822
261,0.03681541234254837,0.04613399878144264,0.01824764721095562,0.34658557176589966
262,0.036089345812797546,0.04685666784644127,0.017512191087007523,0.3460259735584259
263,0.03537435084581375,0.046352505683898926,0.01886490173637867,0.34595730900764465
264,0.035181596875190735,0.045376356691122055,0.01831633597612381,0.34628626704216003
265,0.03390670567750931,0.04636587202548981,0.01814160868525505,0.3455926477909088
266,0.03507889062166214,0.04555191844701767,0.017987379804253578,0.345467209815979
267,0.034355513751506805,0.045425090938806534,0.018144579604268074,0.34572121500968933
268,0.0358831025660038,0.04398298263549805,0.017780955880880356,0.3450090289115906
269,0.034338004887104034,0.0458814837038517,0.018094530329108238,0.34554341435432434
270,0.036454834043979645,0.04462860897183418,0.017884384840726852,0.34523865580558777
271,0.03572413697838783,0.045882027596235275,0.01863946206867695,0.34519094228744507
272,0.03478384390473366,0.04709651321172714,0.017772775143384933,0.3451559245586395
273,0.03522583469748497,0.045605260878801346,0.017595773562788963,0.3446807861328125
274,0.035374417901039124,0.04396042972803116,0.01717563532292843,0.34426149725914
275,0.034738119691610336,0.04524499922990799,0.01852385140955448,0.3444359302520752
276,0.034965138882398605,0.04518122598528862,0.017415856942534447,0.344391793012619
277,0.034892480820417404,0.044500693678855896,0.017520392313599586,0.34454798698425293
278,0.03317242115736008,0.04542089253664017,0.017206018790602684,0.3442932963371277
279,0.035606659948825836,0.04269573464989662,0.01795126125216484,0.34417229890823364
280,0.03476482257246971,0.043121032416820526,0.017171327024698257,0.343343585729599
281,0.0328374058008194,0.044751424342393875,0.017458731308579445,0.3438068628311157
282,0.0327591747045517,0.04298235476016998,0.017951486632227898,0.3435577154159546
283,0.03564893826842308,0.04417920112609863,0.017685355618596077,0.34346243739128113
284,0.03420437127351761,0.04352813959121704,0.018132111057639122,0.343133807182312
285,0.03377194330096245,0.04394250363111496,0.017760323360562325,0.3434223532676697
286,0.032996755093336105,0.04433321952819824,0.017402714118361473,0.3433023989200592
287,0.035618800669908524,0.04311566427350044,0.017376357689499855,0.3427988588809967
288,0.033096760511398315,0.04310000687837601,0.018188372254371643,0.34348002076148987
289,0.03384634479880333,0.0423552505671978,0.01753234677016735,0.3435218930244446
290,0.0333387665450573,0.04283931851387024,0.017544031143188477,0.34247690439224243
291,0.03173362836241722,0.0430452860891819,0.01710541732609272,0.34244048595428467
292,0.03318311274051666,0.042784299701452255,0.01657899096608162,0.34227490425109863
293,0.03348058462142944,0.043475441634655,0.017668908461928368,0.3417472541332245
294,0.03288602828979492,0.04447464644908905,0.018090128898620605,0.34164175391197205
295,0.03318522498011589,0.04286566749215126,0.017391612753272057,0.3419906198978424
296,0.03301019221544266,0.04100881516933441,0.01658116653561592,0.34217897057533264
297,0.03190697357058525,0.04311066493391991,0.018210215494036674,0.34199589490890503
298,0.03246675431728363,0.04108966141939163,0.016922028735280037,0.3420814871788025
299,0.032465193420648575,0.041610896587371826,0.016711561009287834,0.34166252613067627
300,0.03199004381895065,0.04148005694150925,0.01678917184472084,0.34131115674972534
301,0.03124217875301838,0.04125489667057991,0.01727094128727913,0.3411746323108673
302,0.03274419158697128,0.04180418327450752,0.01730109378695488,0.3414135277271271
303,0.033502645790576935,0.04109761863946915,0.017783205956220627,0.3406197428703308
304,0.03100469522178173,0.04070856422185898,0.017577454447746277,0.3405414819717407
305,0.03255845233798027,0.04078822210431099,0.017201580107212067,0.34040525555610657
306,0.03148512542247772,0.04047448933124542,0.01666836068034172,0.34065505862236023
307,0.03138783574104309,0.04049716889858246,0.016882335767149925,0.3404136598110199
308,0.03226342052221298,0.04142656549811363,0.016653820872306824,0.3403850197792053
309,0.031930357217788696,0.041157033294439316,0.01698828861117363,0.34051793813705444
310,0.03190811723470688,0.042015787214040756,0.016771776601672173,0.34028860926628113
311,0.030674293637275696,0.040089305490255356,0.016961941495537758,0.34046339988708496
312,0.031982582062482834,0.040397435426712036,0.017091339454054832,0.3398313522338867
313,0.03206293657422066,0.040589381009340286,0.016785139217972755,0.34025776386260986
314,0.032223477959632874,0.04055944085121155,0.01649235002696514,0.3398643732070923
315,0.032022494822740555,0.040325991809368134,0.01688637025654316,0.33965742588043213
316,0.031618520617485046,0.040287330746650696,0.017152542248368263,0.3397218883037567
317,0.03062048740684986,0.04071131721138954,0.016375383362174034,0.3400878608226776
318,0.030758870765566826,0.03990495949983597,0.01712329499423504,0.3389441668987274
319,0.031194640323519707,0.03845374286174774,0.016437740996479988,0.33900752663612366
320,0.03140424191951752,0.03937447443604469,0.016039729118347168,0.33858734369277954
321,0.029652785509824753,0.040957704186439514,0.017198216170072556,0.3389875590801239
322,0.029791757464408875,0.03990891948342323,0.016664844006299973,0.3389003276824951
323,0.029565535485744476,0.040771398693323135,0.01727409102022648,0.33858123421669006
324,0.030421478673815727,0.037554264068603516,0.016606494784355164,0.3383300006389618
325,0.030492430552840233,0.038233205676078796,0.016819320619106293,0.33823201060295105
326,0.029400957748293877,0.03801317140460014,0.01655714586377144,0.33807411789894104
327,0.029291018843650818,0.03883865475654602,0.01721631921827793,0.3382936716079712
328,0.02980111725628376,0.038536470383405685,0.017073070630431175,0.33810651302337646
329,0.03149982541799545,0.03817671537399292,0.017120013013482094,0.33775588870048523
330,0.029738297685980797,0.03928856551647186,0.016605360433459282,0.3379877209663391
331,0.030673321336507797,0.0383949801325798,0.015887221321463585,0.33773475885391235
332,0.02917211502790451,0.03978198766708374,0.016463587060570717,0.3375164568424225
333,0.03048097714781761,0.036831483244895935,0.016092076897621155,0.3373377025127411
334,0.028991494327783585,0.03778805956244469,0.01570805348455906,0.33715566992759705
335,0.029495663940906525,0.03730615973472595,0.015537385828793049,0.33708205819129944
336,0.03004741668701172,0.03849560394883156,0.01596224308013916,0.3367176055908203
337,0.029768148437142372,0.03815166652202606,0.015866070985794067,0.33659306168556213
338,0.028488874435424805,0.0382147952914238,0.0164325088262558,0.33623790740966797
339,0.02813742309808731,0.03723353520035744,0.015467791818082333,0.3361908793449402
340,0.030391205102205276,0.037904832512140274,0.016906391829252243,0.33598631620407104
341,0.030197925865650177,0.036861613392829895,0.016192955896258354,0.33593782782554626
342,0.02929035760462284,0.03718533739447594,0.01683606021106243,0.336637020111084
343,0.02979460172355175,0.0378265306353569,0.01667722314596176,0.33592015504837036
344,0.029995163902640343,0.03596728667616844,0.01589321531355381,0.33667275309562683
345,0.027691969648003578,0.034505072981119156,0.01631956733763218,0.3357934057712555
346,0.02904478833079338,0.03633489832282066,0.015593782998621464,0.3357742130756378
347,0.028064459562301636,0.03619357571005821,0.016994092613458633,0.3351520299911499
348,0.030387435108423233,0.03672220930457115,0.01579897664487362,0.3354918956756592
349,0.027106987312436104,0.036683231592178345,0.016658004373311996,0.33568257093429565
350,0.028714828193187714,0.03681185841560364,0.01620117947459221,0.3354797959327698
351,0.02771453745663166,0.03586279973387718,0.015824614092707634,0.3347874879837036
352,0.02755003608763218,0.03499412536621094,0.015636134892702103,0.3345448970794678
353,0.02844911254942417,0.03675130382180214,0.016249382868409157,0.33459270000457764
354,0.028828797861933708,0.035629723221063614,0.015269109047949314,0.3346163332462311
355,0.02833358757197857,0.036048173904418945,0.015460013411939144,0.3341483771800995
356,0.027342544868588448,0.03672178089618683,0.015285772271454334,0.33440348505973816
357,0.027916569262742996,0.03622930124402046,0.01497712917625904,0.33428359031677246
358,0.02609141543507576,0.034949902445077896,0.015494121238589287,0.3343902826309204
359,0.029877323657274246,0.03597499057650566,0.016528192907571793,0.33408212661743164
360,0.028877809643745422,0.03555205091834068,0.01677364483475685,0.3342624604701996
361,0.028376825153827667,0.03402649611234665,0.015691619366407394,0.33363649249076843
362,0.028286080807447433,0.03543756157159805,0.015717191621661186,0.33344581723213196
363,0.027371760457754135,0.03563467413187027,0.015561746433377266,0.332824170589447
364,0.026946648955345154,0.034914616495370865,0.015767784789204597,0.3329511880874634
365,0.027415437623858452,0.0352536179125309,0.0153493732213974,0.3329577147960663
366,0.0283237062394619,0.0336964949965477,0.01573927141726017,0.33253011107444763
367,0.026359817013144493,0.03399062529206276,0.015009196475148201,0.3323827087879181
368,0.02679896354675293,0.035558685660362244,0.015129359439015388,0.33217787742614746
369,0.027773167937994003,0.03558097407221794,0.01540400180965662,0.3327955901622772
370,0.02590450830757618,0.03227835148572922,0.015368799678981304,0.33220747113227844
371,0.026823248714208603,0.03587739169597626,0.015417574904859066,0.33208757638931274
372,0.026014214381575584,0.03561199828982353,0.015495605766773224,0.33209243416786194
373,0.02627662941813469,0.03403453156352043,0.01519763097167015,0.331529825925827
374,0.027066092938184738,0.033526983112096786,0.015005417168140411,0.33180707693099976
375,0.026930304244160652,0.03480760380625725,0.015021718107163906,0.3314819037914276
376,0.026159092783927917,0.034112878143787384,0.01540993619710207,0.33139875531196594
377,0.02545265294611454,0.03342355042695999,0.015012197196483612,0.33090707659721375
378,0.026597123593091965,0.03214393928647041,0.015368504449725151,0.33160215616226196
379,0.0270585548132658,0.03291667252779007,0.015203656628727913,0.3309709429740906
380,0.026358723640441895,0.03644505515694618,0.015415570698678493,0.3309662640094757
381,0.02613765560090542,0.03344375640153885,0.015245349146425724,0.3307758569717407
382,0.02656807005405426,0.03393000736832619,0.015250155702233315,0.33059123158454895
383,0.025733305141329765,0.03232363611459732,0.0150526724755764,0.33029720187187195
384,0.0257685836404562,0.035185378044843674,0.015189023688435555,0.3306930959224701
385,0.026293853297829628,0.032888658344745636,0.015074006281793118,0.33034566044807434
386,0.026499101892113686,0.03335017338395119,0.015324300155043602,0.33052775263786316
387,0.02647332288324833,0.03181132674217224,0.015152806416153908,0.32982149720191956
388,0.026247788220643997,0.03366987034678459,0.015106108970940113,0.32911989092826843
389,0.02579369582235813,0.03296516835689545,0.01581023447215557,0.3299514949321747
390,0.025914330035448074,0.03405587375164032,0.015522333793342113,0.3292118310928345
391,0.026607556268572807,0.032034631818532944,0.015168287791311741,0.3293028175830841
392,0.0248795785009861,0.03259596601128578,0.015119733288884163,0.3295459449291229
393,0.02527185156941414,0.031608905643224716,0.015217597596347332,0.32915255427360535
394,0.02500590682029724,0.03234972432255745,0.014933711849153042,0.3297264575958252
395,0.025280488654971123,0.03272176533937454,0.01595703884959221,0.3285196125507355
396,0.025116126984357834,0.03252355381846428,0.014868481084704399,0.32923001050949097
397,0.024986783042550087,0.03147145360708237,0.015181466937065125,0.3285202383995056
398,0.02609468251466751,0.031619343906641006,0.015261045657098293,0.3282475173473358
399,0.025534451007843018,0.03210235759615898,0.015293336473405361,0.32801827788352966
400,0.025593023747205734,0.03182721510529518,0.014919344335794449,0.3279852271080017
401,0.02575044147670269,0.0326896570622921,0.014645665884017944,0.32798293232917786
402,0.024928124621510506,0.032791443169116974,0.015268122777342796,0.3276450037956238
403,0.025591107085347176,0.031173503026366234,0.014990388415753841,0.327862948179245
404,0.024981025606393814,0.0329945906996727,0.015071699395775795,0.3274726867675781
405,0.024756083264946938,0.029889676719903946,0.015634888783097267,0.32732534408569336
406,0.02409067004919052,0.03320668637752533,0.015357594937086105,0.3270412087440491
407,0.0233574528247118,0.03137606754899025,0.015765460208058357,0.32748979330062866
408,0.02500690519809723,0.03114217147231102,0.014487098902463913,0.3265877664089203
409,0.024837924167513847,0.030740179121494293,0.014841891825199127,0.32634416222572327
410,0.025005578994750977,0.031008806079626083,0.014626769348978996,0.3261832296848297
411,0.02433799020946026,0.030975140631198883,0.014862557873129845,0.3261754810810089
412,0.025022126734256744,0.030748402699828148,0.01413131132721901,0.32646435499191284
413,0.02433183044195175,0.031341712921857834,0.0147022670134902,0.32625049352645874
414,0.024164501577615738,0.03067987598478794,0.015044576488435268,0.3258550465106964
415,0.024265054613351822,0.03083883598446846,0.01466927770525217,0.325873464345932
416,0.024854272603988647,0.029932579025626183,0.014713305048644543,0.3255617022514343
417,0.024689126759767532,0.030531734228134155,0.014633385464549065,0.3256777226924896
418,0.02567676082253456,0.03040872886776924,0.014777280390262604,0.3254854083061218
419,0.023469803854823112,0.03157052770256996,0.01465946901589632,0.3250814378261566
420,0.024944383651018143,0.0303390733897686,0.014749973081052303,0.3252856135368347
421,0.024218987673521042,0.030012764036655426,0.014200056903064251,0.3251763582229614
422,0.024024171754717827,0.03014913760125637,0.014284461736679077,0.32519564032554626
423,0.02355121821165085,0.030615804716944695,0.014171614311635494,0.32503193616867065
424,0.024311289191246033,0.031213920563459396,0.014477206394076347,0.3253926932811737
425,0.024187106639146805,0.029261797666549683,0.01454988494515419,0.3245907723903656
426,0.023138467222452164,0.029750507324934006,0.014424685388803482,0.32486340403556824
427,0.025032319128513336,0.030483359470963478,0.0141987893730402,0.32481643557548523
428,0.02370379865169525,0.030200708657503128,0.014640913344919682,0.32456889748573303
429,0.02403033711016178,0.030696013942360878,0.01455366238951683,0.32437634468078613
430,0.02300562709569931,0.03005184233188629,0.013543291948735714,0.32360219955444336
431,0.024211125448346138,0.030810851603746414,0.014556808397173882,0.3235953152179718
432,0.02299172803759575,0.029778186231851578,0.014460346661508083,0.323294460773468
433,0.023078197613358498,0.02900220826268196,0.014042112044990063,0.32293224334716797
434,0.02378096804022789,0.029536187648773193,0.014296053908765316,0.32334187626838684
435,0.023480312898755074,0.029256656765937805,0.013628639280796051,0.32214489579200745
436,0.024383073672652245,0.02994389273226261,0.014270124956965446,0.3225613534450531
437,0.023313447833061218,0.029191572219133377,0.014051731675863266,0.32318368554115295
438,0.02335583046078682,0.030170336365699768,0.014922489412128925,0.32249724864959717
439,0.02299375832080841,0.029503030702471733,0.01395589392632246,0.32311487197875977
440,0.023048141971230507,0.029886802658438683,0.014373832382261753,0.32265040278434753
441,0.024396592751145363,0.028763344511389732,0.013542229309678078,0.32249876856803894
442,0.023066803812980652,0.028681064024567604,0.014236800372600555,0.3218849003314972
443,0.02280544303357601,0.02879171632230282,0.01491414662450552,0.32119280099868774
444,0.022362351417541504,0.028817497193813324,0.014097928069531918,0.3216134011745453
445,0.02273833006620407,0.028932275250554085,0.014266178011894226,0.3212791383266449
446,0.023803554475307465,0.02941823936998844,0.014010605402290821,0.3214908838272095
447,0.022165244445204735,0.027997145429253578,0.014823143370449543,0.3212928771972656
448,0.02267148531973362,0.02987806871533394,0.01476790476590395,0.3210923671722412
449,0.021680347621440887,0.028036747127771378,0.013793068006634712,0.3212927579879761
450,0.02435251697897911,0.028354456648230553,0.013773313723504543,0.320581316947937
451,0.023770708590745926,0.028953703120350838,0.014320149086415768,0.32082831859588623
452,0.022411370649933815,0.029192259535193443,0.01422148384153843,0.3212013244628906
453,0.024200085550546646,0.029105855152010918,0.013907946646213531,0.32094520330429077
454,0.02273380570113659,0.027272501960396767,0.01452713180333376,0.3207321763038635
455,0.022157710045576096,0.02745058946311474,0.014106088317930698,0.31984856724739075
456,0.023243725299835205,0.027373911812901497,0.014672024175524712,0.3200194537639618
457,0.02140638418495655,0.027163855731487274,0.014205098152160645,0.32023653388023376
458,0.023675331845879555,0.028822695836424828,0.01409093476831913,0.3197028636932373
459,0.02114834636449814,0.028540825471282005,0.01385476067662239,0.3193153440952301
460,0.021130800247192383,0.0286762285977602,0.014589762315154076,0.3193848431110382
461,0.022663144394755363,0.027985043823719025,0.0142598245292902,0.319236695766449
462,0.022282199934124947,0.027258237823843956,0.014829072169959545,0.31994739174842834
463,0.02253038063645363,0.02717275172472,0.013528798706829548,0.3189013600349426
464,0.02224266715347767,0.026517020538449287,0.013622215017676353,0.31935980916023254
465,0.022611016407608986,0.026906119659543037,0.014352953061461449,0.3179166913032532
466,0.02146132104098797,0.02654828131198883,0.01390502043068409,0.31826847791671753
467,0.022189732640981674,0.027008814737200737,0.013677953742444515,0.31821882724761963
468,0.022639449685811996,0.026883231475949287,0.013833830133080482,0.3188280165195465
469,0.02224079519510269,0.0274023599922657,0.01389971375465393,0.31839972734451294
470,0.022559428587555885,0.027538932859897614,0.013878238387405872,0.31754687428474426
471,0.022739723324775696,0.026520386338233948,0.013637373223900795,0.3178771734237671
472,0.021624956279993057,0.02707451954483986,0.013867299072444439,0.31771400570869446
473,0.021538684144616127,0.026319295167922974,0.014338205568492413,0.31761491298675537
474,0.021625855937600136,0.026599161326885223,0.013602852821350098,0.3178021013736725
475,0.021931665018200874,0.025885365903377533,0.01461604330688715,0.3174116015434265
476,0.022155383601784706,0.02726229652762413,0.013900396414101124,0.3172323703765869
477,0.02181822434067726,0.027562472969293594,0.01340536493808031,0.3168593943119049
478,0.02148261107504368,0.026248008012771606,0.014622308313846588,0.3173423707485199
479,0.022419022396206856,0.026855310425162315,0.013362131081521511,0.31662216782569885
480,0.021125350147485733,0.026433730497956276,0.013980268500745296,0.31638503074645996
481,0.02198914997279644,0.02686169557273388,0.01448205579072237,0.31581637263298035
482,0.021914687007665634,0.027097521349787712,0.014341061003506184,0.3158137798309326
483,0.021865513175725937,0.026684438809752464,0.01390718761831522,0.3164792060852051
484,0.02153993956744671,0.025891436263918877,0.014297463931143284,0.31581249833106995
485,0.021870991215109825,0.026173369958996773,0.013297215104103088,0.3165867328643799
486,0.021851466968655586,0.026680724695324898,0.013628929853439331,0.3164029121398926
487,0.022504180669784546,0.027024080976843834,0.01360082346946001,0.3155375123023987
488,0.021864688023924828,0.028519514948129654,0.01334723737090826,0.31534674763679504
489,0.0222171600908041,0.024789271876215935,0.013449695892632008,0.31479471921920776
490,0.02085036039352417,0.027768829837441444,0.013571142219007015,0.31507283449172974
491,0.021877288818359375,0.025405636057257652,0.013603422790765762,0.31438758969306946
492,0.019835300743579865,0.02594812959432602,0.013931361958384514,0.31447261571884155
493,0.02205561473965645,0.02604321576654911,0.01367686316370964,0.3146824538707733
494,0.02165195904672146,0.027377184480428696,0.012800808995962143,0.314633846282959
495,0.020777087658643723,0.026397930458188057,0.013874690979719162,0.3147416412830353
496,0.02112668566405773,0.023717833682894707,0.014116089791059494,0.3144949972629547
497,0.021503938362002373,0.024813111871480942,0.013210302218794823,0.31400319933891296
498,0.020772475749254227,0.025637241080403328,0.013272787444293499,0.3140116333961487
499,0.021167075261473656,0.025546232238411903,0.012903125956654549,0.31359103322029114
500,0.020121976733207703,0.02560260519385338,0.013764827512204647,0.31291213631629944
501,0.021758779883384705,0.02548876404762268,0.012923411093652248,0.31264668703079224
502,0.020580096170306206,0.02602175809442997,0.013557498343288898,0.31310397386550903
503,0.02048235945403576,0.025547105818986893,0.01310737058520317,0.3130350708961487
504,0.021291160956025124,0.024160681292414665,0.013640298508107662,0.31269681453704834
505,0.021636268123984337,0.026572294533252716,0.013228232972323895,0.31278282403945923
506,0.020367134362459183,0.027079613879323006,0.014343657530844212,0.31242263317108154
507,0.020835747942328453,0.02618040144443512,0.013388898223638535,0.31163984537124634
508,0.02041967213153839,0.024987494572997093,0.014144834131002426,0.3118509352207184
509,0.020383257418870926,0.025540897622704506,0.013570277020335197,0.3119969367980957
510,0.020979292690753937,0.024719571694731712,0.012335488572716713,0.3118767738342285
511,0.02113880217075348,0.025769421830773354,0.013867749832570553,0.31116974353790283
512,0.021565638482570648,0.025088725611567497,0.013231916353106499,0.31133508682250977
513,0.020668046548962593,0.024703076109290123,0.013680306263267994,0.3112349212169647
514,0.02021699957549572,0.025940772145986557,0.013510718010365963,0.3108416795730591
515,0.021424394100904465,0.025863762944936752,0.013435672037303448,0.31146982312202454
516,0.020914312452077866,0.02559373900294304,0.013733758591115475,0.3100219666957855
517,0.020640987902879715,0.025899719446897507,0.013559047132730484,0.3108372986316681
518,0.020090214908123016,0.025571387261152267,0.012712083756923676,0.31026995182037354
519,0.020950408652424812,0.024198239669203758,0.014039106667041779,0.3099929094314575
520,0.020180080085992813,0.02481526881456375,0.013084551319479942,0.30975931882858276
521,0.020523233339190483,0.023616306483745575,0.012746775522828102,0.3101469576358795
522,0.020357206463813782,0.024799242615699768,0.013256915844976902,0.309588760137558
523,0.021826263517141342,0.024944985285401344,0.013136109337210655,0.3092719316482544
524,0.01980079896748066,0.0238632969558239,0.01324736513197422,0.30813413858413696
525,0.020761214196681976,0.024660462513566017,0.012863210402429104,0.308162659406662
526,0.020419038832187653,0.025522686541080475,0.013281753286719322,0.30769607424736023
527,0.02080519124865532,0.024645091965794563,0.013341331854462624,0.30817946791648865
528,0.02083318866789341,0.024179359897971153,0.01344378013163805,0.3076537549495697
529,0.020360879600048065,0.025168394669890404,0.013216879218816757,0.30779609084129333
530,0.02053871378302574,0.024223001673817635,0.012968870811164379,0.3073740601539612
531,0.02138550952076912,0.024477245286107063,0.012573013082146645,0.30750277638435364
532,0.02072753757238388,0.02389729768037796,0.013379459269344807,0.30717799067497253
533,0.019926168024539948,0.025383533909916878,0.012529713101685047,0.30714336037635803
534,0.02046055719256401,0.024364303797483444,0.013496787287294865,0.30728715658187866
535,0.0208703875541687,0.02568044885993004,0.012574363499879837,0.3062068223953247
536,0.0204913467168808,0.024561310186982155,0.013272827491164207,0.3070918619632721
537,0.020344261080026627,0.02524442970752716,0.013340739533305168,0.3067801594734192
538,0.02035282924771309,0.02469896525144577,0.013357957825064659,0.3058479130268097
539,0.020082609727978706,0.023712970316410065,0.012998047284781933,0.30604827404022217
540,0.019929975271224976,0.023631857708096504,0.013368266634643078,0.3055802583694458
541,0.019869113340973854,0.024422334507107735,0.013835159130394459,0.3061259090900421
542,0.020355911925435066,0.02386396937072277,0.012638168409466743,0.30599790811538696
543,0.01929253526031971,0.023002581670880318,0.013786937110126019,0.3053644299507141
544,0.02015884965658188,0.0230295080691576,0.013342351652681828,0.3058921694755554
545,0.019547808915376663,0.02466548979282379,0.013460680842399597,0.3050411343574524
546,0.021250808611512184,0.024271119385957718,0.013554800301790237,0.3047744929790497
547,0.01926523633301258,0.02307925745844841,0.01304040290415287,0.3048411011695862
548,0.020301977172493935,0.02348320186138153,0.013905424624681473,0.30411314964294434
549,0.020192524418234825,0.023138104006648064,0.013048386201262474,0.3045461177825928
550,0.02105851285159588,0.023159656673669815,0.013821834698319435,0.30431729555130005
551,0.01945069059729576,0.023112375289201736,0.013523747213184834,0.3044261336326599
552,0.01986156962811947,0.022136140614748,0.01227568555623293,0.3035283386707306
553,0.020188311114907265,0.023296501487493515,0.012878982350230217,0.3033308684825897
554,0.019544517621397972,0.024169133976101875,0.013058867305517197,0.30323728919029236
555,0.020318854600191116,0.023409847170114517,0.01279910933226347,0.3023962378501892
556,0.018575428053736687,0.0238825473934412,0.013646234758198261,0.30274155735969543
557,0.020384972915053368,0.02280697412788868,0.012263789772987366,0.30306434631347656
558,0.019175849854946136,0.02371109090745449,0.012733024545013905,0.303190678358078
559,0.02083977311849594,0.02311423234641552,0.012532948516309261,0.3024026155471802
560,0.01944916322827339,0.02450902946293354,0.012794924899935722,0.3023214042186737
561,0.019097499549388885,0.0230869147926569,0.012782583944499493,0.3026973009109497
562,0.019846025854349136,0.023783832788467407,0.012344413436949253,0.30241599678993225
563,0.020069479942321777,0.023314548656344414,0.01287745125591755,0.301204651594162
564,0.020243749022483826,0.023142782971262932,0.013064246624708176,0.30155664682388306
565,0.019780756905674934,0.022039974108338356,0.013263233006000519,0.301613450050354
566,0.01932540163397789,0.02470111846923828,0.01294989138841629,0.3016011714935303
567,0.01917976699769497,0.023832691833376884,0.012837547808885574,0.3006575405597687
568,0.02077842317521572,0.02439623326063156,0.012879818677902222,0.3003791868686676
569,0.020327456295490265,0.022578055039048195,0.01266485545784235,0.3008880913257599
570,0.01907234825193882,0.021634632721543312,0.012394208461046219,0.3000136911869049
571,0.019962359219789505,0.022794192656874657,0.012405932880938053,0.2996633052825928
572,0.01913234405219555,0.022468391805887222,0.012676145881414413,0.30001676082611084
573,0.019466090947389603,0.02248244918882847,0.012617343105375767,0.29936110973358154
574,0.019624844193458557,0.024014469236135483,0.012161176651716232,0.2994784116744995
575,0.019482914358377457,0.02245240844786167,0.01288468949496746,0.30021557211875916
576,0.020173409953713417,0.023352650925517082,0.01251364964991808,0.2993747591972351
577,0.019259942695498466,0.022698545828461647,0.013345617800951004,0.3000131845474243
578,0.01947232522070408,0.02311066724359989,0.012141338549554348,0.2989695370197296
579,0.019063632935285568,0.023348664864897728,0.012154871597886086,0.2984698712825775
580,0.01892278715968132,0.02280205488204956,0.013093837536871433,0.2986244261264801
581,0.01960742473602295,0.021887941285967827,0.012110256589949131,0.29869356751441956
582,0.019450508058071136,0.02298472449183464,0.012186900712549686,0.29777246713638306
583,0.019436493515968323,0.021861271932721138,0.01250180508941412,0.2984096109867096
584,0.01918034255504608,0.022442258894443512,0.012576516717672348,0.2969500720500946
585,0.019779734313488007,0.02227155677974224,0.012297948822379112,0.29723599553108215
586,0.01928996481001377,0.022826403379440308,0.012409924529492855,0.2976352572441101
587,0.019504932686686516,0.023033302277326584,0.012596342712640762,0.2962445020675659
588,0.018787827342748642,0.022485030815005302,0.01218816451728344,0.2971635162830353
589,0.01986880786716938,0.023171061649918556,0.01206999085843563,0.29681867361068726
590,0.018239082768559456,0.021685339510440826,0.01296123955398798,0.29657164216041565
591,0.01984875276684761,0.021809080615639687,0.012593043968081474,0.2959672212600708
592,0.018232429400086403,0.021803487092256546,0.012547370977699757,0.29583320021629333
593,0.01921815611422062,0.021391041576862335,0.012754969298839569,0.2962062656879425
594,0.02028157189488411,0.022443996742367744,0.012533152475953102,0.29594698548316956
595,0.018010985106229782,0.022534452378749847,0.012231131084263325,0.29589834809303284
596,0.01813642308115959,0.021783964708447456,0.012850912287831306,0.29536715149879456
597,0.020328404381871223,0.02303355745971203,0.011789785698056221,0.2958761751651764
598,0.01860249787569046,0.022764021530747414,0.012415269389748573,0.2946324944496155
599,0.018785567954182625,0.022783968597650528,0.012297089211642742,0.29519927501678467
600,0.018901117146015167,0.02243679389357567,0.01177156437188387,0.295337438583374
601,0.01809866540133953,0.021963901817798615,0.0130491117015481,0.29570603370666504
602,0.018216842785477638,0.02189415693283081,0.012363133952021599,0.2945716679096222
603,0.019258033484220505,0.021426748484373093,0.012460635975003242,0.2944464385509491
604,0.01918131485581398,0.020682936534285545,0.012171252630650997,0.2946345806121826
605,0.018677711486816406,0.02094540186226368,0.012085788883268833,0.29457399249076843
606,0.019209152087569237,0.021798821166157722,0.01200521644204855,0.29330605268478394
607,0.019409840926527977,0.021958574652671814,0.012046714313328266,0.2929787039756775
608,0.018207667395472527,0.021472569555044174,0.012200658209621906,0.2939022183418274
609,0.018263552337884903,0.021520497277379036,0.011996504850685596,0.2928737699985504
610,0.01914460025727749,0.022400539368391037,0.011964637786149979,0.29327499866485596
611,0.01925746724009514,0.022583823651075363,0.0125283757224679,0.29241594672203064
612,0.018735351040959358,0.021817002445459366,0.012080611661076546,0.29284244775772095
613,0.018258709460496902,0.02158346399664879,0.01175652351230383,0.2919752895832062
614,0.019599931314587593,0.021770097315311432,0.011866199783980846,0.2924351394176483
615,0.01809050887823105,0.02127397432923317,0.011937112547457218,0.2930207848548889
616,0.018126294016838074,0.02232038415968418,0.012195892632007599,0.2925308048725128
617,0.018581394106149673,0.02201595902442932,0.01216889824718237,0.2919820249080658
618,0.017799029126763344,0.022551391273736954,0.01280157919973135,0.2917053699493408
619,0.018427714705467224,0.021318543702363968,0.011865491978824139,0.29236331582069397
620,0.01923365704715252,0.02199561335146427,0.012431563809514046,0.2917895019054413
621,0.01852431334555149,0.021625636145472527,0.011803635396063328,0.29145264625549316
622,0.018883446231484413,0.021519578993320465,0.011810341849923134,0.29036280512809753
623,0.019243745133280754,0.022331103682518005,0.012141560204327106,0.2906290888786316
624,0.018918223679065704,0.02053891122341156,0.012731710448861122,0.29038912057876587
625,0.019007226452231407,0.021944230422377586,0.012559191323816776,0.290321409702301
626,0.01817050389945507,0.022166436538100243,0.012457453645765781,0.29088225960731506
627,0.01856549084186554,0.021923266351222992,0.011909788474440575,0.29094815254211426
628,0.018573710694909096,0.022387709468603134,0.01196648832410574,0.29051846265792847
629,0.019479455426335335,0.021569352596998215,0.011946686543524265,0.2907658815383911
630,0.018789567053318024,0.021947352215647697,0.012631300836801529,0.29051482677459717
631,0.019801808521151543,0.022186145186424255,0.011858858168125153,0.290271520614624
632,0.018712466582655907,0.02128133364021778,0.012044420465826988,0.28966671228408813
633,0.01855890266597271,0.020920420065522194,0.012675803154706955,0.2904219925403595
634,0.01799670234322548,0.0216558575630188,0.011727753095328808,0.28967538475990295
635,0.01962880790233612,0.021110152825713158,0.012226938270032406,0.2882172465324402
636,0.018675345927476883,0.021902495995163918,0.011774709448218346,0.2893765866756439
637,0.018048303201794624,0.021897554397583008,0.012020147405564785,0.28897976875305176
638,0.018272681161761284,0.02086152322590351,0.012060453183948994,0.2884994149208069
639,0.018095839768648148,0.021523138508200645,0.011805529706180096,0.28870752453804016
640,0.01881609670817852,0.02209301106631756,0.011676701717078686,0.28765907883644104
641,0.01834966614842415,0.020661165937781334,0.011384550482034683,0.2884427011013031
642,0.01890626549720764,0.021280860528349876,0.012090958654880524,0.288460373878479
643,0.018827928230166435,0.021387692540884018,0.011851159855723381,0.28900137543678284
644,0.01869494840502739,0.020395610481500626,0.01194729469716549,0.2883265018463135
645,0.018384795635938644,0.020879290997982025,0.011473954655230045,0.28804901242256165
646,0.01922009326517582,0.02091614529490471,0.01194546464830637,0.28671082854270935
647,0.01851113699376583,0.021707432344555855,0.011773770675063133,0.28784459829330444
648,0.018731804564595222,0.020518725737929344,0.011768417432904243,0.28785616159439087
649,0.018713993951678276,0.02158072218298912,0.0117645850405097,0.28635314106941223
650,0.017880765721201897,0.022821592167019844,0.012218502350151539,0.2866246998310089
651,0.01842452771961689,0.0210251547396183,0.01212239544838667,0.2869652509689331
652,0.01845524087548256,0.022601129487156868,0.012196752242743969,0.2865101099014282
653,0.01834801584482193,0.02117643505334854,0.012236849404871464,0.28630346059799194
654,0.017609218135476112,0.021472841501235962,0.01206185296177864,0.2859169840812683
655,0.018088484182953835,0.020026737824082375,0.012489994056522846,0.2857692241668701
656,0.017627721652388573,0.020249366760253906,0.011554758995771408,0.2861233353614807
657,0.01879681833088398,0.02094794251024723,0.012549210339784622,0.2854163944721222
658,0.019271353259682655,0.02095911093056202,0.0120323421433568,0.284883052110672
659,0.01783585734665394,0.020325252786278725,0.011680872179567814,0.2858048677444458
660,0.017958184704184532,0.02112053520977497,0.011452680453658104,0.28541091084480286
661,0.017886802554130554,0.02023855783045292,0.012007590383291245,0.28530851006507874
662,0.018705634400248528,0.021037233993411064,0.011349234730005264,0.2854532301425934
663,0.017553796991705894,0.02064364030957222,0.012514173053205013,0.2849063277244568
664,0.018143609166145325,0.021362395957112312,0.011851547285914421,0.28540441393852234
665,0.017223821952939034,0.020567042753100395,0.011796240694820881,0.2852735221385956
666,0.01853574439883232,0.020356494933366776,0.01211573090404272,0.2842065095901489
667,0.017177244648337364,0.02000664360821247,0.01177101768553257,0.2838411331176758
668,0.018285389989614487,0.02181979827582836,0.011061277240514755,0.2843300700187683
669,0.017979610711336136,0.020747244358062744,0.01187090203166008,0.2836958169937134
670,0.01733648218214512,0.020502500236034393,0.01187774445861578,0.28366905450820923
671,0.017308082431554794,0.020478572696447372,0.012118170969188213,0.2833753228187561
672,0.019027404487133026,0.020329011604189873,0.011692039668560028,0.2831835448741913
673,0.018279049545526505,0.021515775471925735,0.01158964354544878,0.28290724754333496
674,0.0174645334482193,0.021268490701913834,0.012021348811686039,0.2825801968574524
675,0.017689241096377373,0.020506257191300392,0.011503618210554123,0.2820623815059662
676,0.01802823878824711,0.02047070860862732,0.0117975864559412,0.2829691767692566
677,0.017909374088048935,0.019605733454227448,0.011801952496170998,0.28227558732032776
678,0.01855131797492504,0.019730495288968086,0.011654247529804707,0.28132960200309753
679,0.017733119428157806,0.020831890404224396,0.011701134033501148,0.28178226947784424
680,0.017215752974152565,0.020376266911625862,0.01143928524106741,0.28156575560569763
681,0.017671581357717514,0.02051020786166191,0.011184713803231716,0.28271833062171936
682,0.018245212733745575,0.01977316103875637,0.011605799198150635,0.2811756730079651
683,0.0182297732681036,0.020772553980350494,0.012308189645409584,0.2820843756198883
684,0.017481079325079918,0.02108054794371128,0.011499187909066677,0.28196659684181213
685,0.018931882455945015,0.019732574000954628,0.011649484746158123,0.2803787589073181
686,0.018051981925964355,0.02059488743543625,0.01189345307648182,0.2810647785663605
687,0.01812809333205223,0.02019008807837963,0.011285212822258472,0.2802414000034332
688,0.01861378364264965,0.019735250622034073,0.011813447810709476,0.2804712653160095
689,0.017889294773340225,0.020819347351789474,0.011660267598927021,0.2800545394420624
690,0.017823293805122375,0.019752155989408493,0.011314215138554573,0.2801729440689087
691,0.017148735001683235,0.020217737182974815,0.011679151095449924,0.27991941571235657
692,0.018363794311881065,0.019657077267766,0.011647542007267475,0.2796025574207306
693,0.017469199374318123,0.02107633836567402,0.011340714991092682,0.28055527806282043
694,0.01759469509124756,0.020411929115653038,0.011216863058507442,0.2798391878604889
695,0.01753053069114685,0.02055853046476841,0.011693458072841167,0.27965694665908813
696,0.017167268320918083,0.020515359938144684,0.012017881497740746,0.27943727374076843
697,0.01738186739385128,0.02003468945622444,0.01134404819458723,0.2795783579349518
698,0.01799572817981243,0.019677652046084404,0.011491992510855198,0.2787027060985565
699,0.017471345141530037,0.0206209197640419,0.011407067067921162,0.27871912717819214
700,0.018026407808065414,0.02108336240053177,0.011287038214504719,0.2786995768547058
701,0.01723087579011917,0.019917983561754227,0.011612889356911182,0.27764004468917847
702,0.016904091462492943,0.020034248009324074,0.011439903639256954,0.27836379408836365
703,0.016869505867362022,0.02028498984873295,0.011530676856637001,0.27836698293685913
704,0.017782513052225113,0.018697328865528107,0.010627700947225094,0.27850544452667236
705,0.01756954751908779,0.02004115656018257,0.010904702357947826,0.2776508629322052
706,0.01791779324412346,0.020516518503427505,0.01123790442943573,0.27897021174430847
707,0.01814146898686886,0.020374996587634087,0.01064535416662693,0.2766384482383728
708,0.017665615305304527,0.020125696435570717,0.010966519825160503,0.2765330970287323
709,0.017600446939468384,0.020021697506308556,0.011929623782634735,0.27667921781539917
710,0.017869628965854645,0.019867705181241035,0.011645274236798286,0.275987446308136
711,0.01754959113895893,0.020114369690418243,0.010943344794213772,0.27674600481987
712,0.017664875835180283,0.01971306838095188,0.011343133635818958,0.27651000022888184
713,0.018452176824212074,0.020012909546494484,0.01140211708843708,0.27595382928848267
714,0.01794516295194626,0.020029081031680107,0.011285274289548397,0.27662622928619385
715,0.01675911247730255,0.02067551203072071,0.011376950889825821,0.27615422010421753
716,0.01716667413711548,0.019903406500816345,0.011226874776184559,0.27676957845687866
717,0.018080348148941994,0.01962570659816265,0.011501787230372429,0.27616754174232483
718,0.01837083138525486,0.020090239122509956,0.011060426011681557,0.27638211846351624
719,0.01757492497563362,0.01943984068930149,0.011821446940302849,0.2754944860935211
720,0.016486134380102158,0.01958867348730564,0.011134477332234383,0.2760600447654724
721,0.017672447487711906,0.020213991403579712,0.01146724447607994,0.27439430356025696
722,0.018012981861829758,0.019928745925426483,0.011071335524320602,0.27466484904289246
723,0.016820726916193962,0.020431559532880783,0.011133176274597645,0.2745644450187683
724,0.017853425815701485,0.01985931023955345,0.01173277199268341,0.27527573704719543
725,0.01747945509850979,0.019678771495819092,0.011053737252950668,0.2743709683418274
726,0.017145689576864243,0.02077428810298443,0.01151517778635025,0.2743772566318512
727,0.01802348718047142,0.020532388240098953,0.011221462860703468,0.27393779158592224
728,0.017376458272337914,0.01913059502840042,0.012515340931713581,0.27421799302101135
729,0.017436658963561058,0.019950011745095253,0.0113918362185359,0.27465811371803284
730,0.01724988967180252,0.020444493740797043,0.01131943054497242,0.27397432923316956
731,0.016852430999279022,0.01980876550078392,0.011080259457230568,0.27475500106811523
732,0.01770833320915699,0.019464224576950073,0.011097043752670288,0.27342331409454346
733,0.0172505434602499,0.019289426505565643,0.011087022721767426,0.27321386337280273
734,0.017778536304831505,0.019769031554460526,0.011394340544939041,0.27295631170272827
735,0.016863279044628143,0.019910583272576332,0.011225063353776932,0.2736036479473114
736,0.01780957728624344,0.019588399678468704,0.01088691595941782,0.2720608413219452
737,0.016943471506237984,0.01963682286441326,0.011111865751445293,0.27254244685173035
738,0.01689719781279564,0.019159993156790733,0.010999822057783604,0.27151983976364136
739,0.016617637127637863,0.019262710586190224,0.011692700907588005,0.27303624153137207
740,0.017423056066036224,0.019793005660176277,0.010925587266683578,0.27223488688468933
741,0.016424987465143204,0.01921040564775467,0.01110023818910122,0.27211418747901917
742,0.016392480581998825,0.019715789705514908,0.011133242398500443,0.27179259061813354
743,0.01686779037117958,0.01887054368853569,0.011867684312164783,0.2714694142341614
744,0.018125971779227257,0.01791348122060299,0.011102154850959778,0.2725210189819336
745,0.016717862337827682,0.020275164395570755,0.011525674723088741,0.27258825302124023
746,0.01740226522088051,0.019432900473475456,0.011028450913727283,0.2712112367153168
747,0.017949650064110756,0.019191378727555275,0.011644844897091389,0.2711142301559448
748,0.017249614000320435,0.020819608122110367,0.011446984484791756,0.2713988125324249
749,0.017096491530537605,0.019256092607975006,0.011102525517344475,0.27070504426956177
750,0.017015160992741585,0.01921059936285019,0.0110557172447443,0.27048689126968384
751,0.017201339825987816,0.01964128389954567,0.01150517724454403,0.2708061635494232
752,0.016816258430480957,0.019298754632472992,0.011394551955163479,0.2699144780635834
753,0.01788325048983097,0.018414024263620377,0.011171715334057808,0.269727885723114
754,0.016571534797549248,0.019412364810705185,0.01137022115290165,0.26875805854797363
755,0.018315723165869713,0.01824556663632393,0.011128338985145092,0.27001500129699707
756,0.016411053016781807,0.01912546530365944,0.011195782572031021,0.2691875398159027
757,0.01622738689184189,0.018604766577482224,0.010824713855981827,0.26988258957862854
758,0.017510229721665382,0.018507102504372597,0.01067553460597992,0.2692781388759613
759,0.017449865117669106,0.019508536905050278,0.011013138107955456,0.2684081196784973
760,0.016451647505164146,0.019858311861753464,0.011210550554096699,0.26903924345970154
761,0.016866100952029228,0.01917222887277603,0.011012554168701172,0.2685849964618683
762,0.016903258860111237,0.018829941749572754,0.010900324210524559,0.26825273036956787
763,0.016678884625434875,0.019156329333782196,0.01088941004127264,0.2691081464290619
764,0.01647733896970749,0.019817456603050232,0.011208703741431236,0.26829883456230164
765,0.016417695209383965,0.018825873732566833,0.01112317107617855,0.2679303288459778
766,0.01663024164736271,0.01844142936170101,0.011012417264282703,0.2683856785297394
767,0.016549186781048775,0.019154107198119164,0.011035943403840065,0.2667543590068817
768,0.01742449589073658,0.019681036472320557,0.011157757602632046,0.2668077349662781
769,0.01681196130812168,0.01919957995414734,0.010931639932096004,0.26706463098526
770,0.01718209870159626,0.018473312258720398,0.010867147706449032,0.2669707238674164
771,0.017173293977975845,0.018448814749717712,0.011303503066301346,0.26686057448387146
772,0.01689756289124489,0.019867226481437683,0.010936301201581955,0.2667922377586365
773,0.016577811911702156,0.018260305747389793,0.011826836504042149,0.26659756898880005
774,0.016471100971102715,0.01790948398411274,0.01106106024235487,0.26608505845069885
775,0.01628212258219719,0.0191595908254385,0.010826971381902695,0.2675929367542267
776,0.01741541177034378,0.018796786665916443,0.011807502247393131,0.2660713195800781
777,0.01678548753261566,0.019118277356028557,0.010964491404592991,0.26541924476623535
778,0.017139442265033722,0.019247401505708694,0.010812937282025814,0.26626816391944885
779,0.017353521659970284,0.019216204062104225,0.011321726255118847,0.26565879583358765
780,0.017459847033023834,0.018811726942658424,0.010557113215327263,0.26542702317237854
781,0.016732852905988693,0.018427550792694092,0.010811715386807919,0.26568835973739624
782,0.01722129061818123,0.019386032596230507,0.011112895794212818,0.26538804173469543
783,0.016708053648471832,0.018797405064105988,0.01089561264961958,0.26628363132476807
784,0.015833551064133644,0.019015543162822723,0.01087622158229351,0.26620957255363464
785,0.016409307718276978,0.01946265622973442,0.010545858182013035,0.2648842930793762
786,0.017554039135575294,0.018478916957974434,0.010870268568396568,0.26499900221824646
787,0.0163979884237051,0.018989799544215202,0.010943782515823841,0.2638605833053589
788,0.01723761297762394,0.019070768728852272,0.010816183872520924,0.26375049352645874
789,0.016035405918955803,0.019581135362386703,0.010639581829309464,0.2657722532749176
790,0.01749536022543907,0.019749809056520462,0.011242109350860119,0.2643301784992218
791,0.01663965918123722,0.018837502226233482,0.010769370011985302,0.2642093002796173
792,0.01700483076274395,0.019690942019224167,0.01116648968309164,0.26258689165115356
793,0.016436265781521797,0.0193418450653553,0.010566557757556438,0.2628519833087921
794,0.01724172569811344,0.018407590687274933,0.010535658337175846,0.2639714479446411
795,0.01687968522310257,0.018258288502693176,0.010949447751045227,0.2627180516719818
796,0.016200518235564232,0.018450474366545677,0.010603613220155239,0.2638517916202545
797,0.017892571166157722,0.01837894134223461,0.011243532411754131,0.26383066177368164
798,0.016000760719180107,0.01963724195957184,0.010913136415183544,0.2615678608417511
799,0.016939226537942886,0.018388325348496437,0.011074806563556194,0.26326489448547363
800,0.017555641010403633,0.01860170066356659,0.010700209997594357,0.26306042075157166
801,0.01637077145278454,0.018817568197846413,0.010698464699089527,0.26251301169395447
802,0.016082659363746643,0.018690740689635277,0.011187957599759102,0.26249366998672485
803,0.01685917004942894,0.018262485042214394,0.010991262272000313,0.26101523637771606
804,0.017130866646766663,0.0194663368165493,0.010779784061014652,0.2610592544078827
805,0.01613212190568447,0.01859324797987938,0.011013712733983994,0.2616555988788605
806,0.016143660992383957,0.019025195389986038,0.01089921873062849,0.2614988088607788
807,0.016986319795250893,0.01831245981156826,0.011016348376870155,0.26195424795150757
808,0.016321256756782532,0.01857658289372921,0.01089613139629364,0.26099151372909546
809,0.015609145164489746,0.018379809334874153,0.010738627053797245,0.2607043385505676
810,0.01657385379076004,0.019414490088820457,0.011047398671507835,0.26098883152008057
811,0.016610924154520035,0.01861613430082798,0.010822947137057781,0.2605682909488678
812,0.0163290873169899,0.018394192680716515,0.010506444610655308,0.2607446312904358
813,0.01690707355737686,0.018986431881785393,0.011335230432450771,0.26128503680229187
814,0.016190920025110245,0.019352132454514503,0.010806177742779255,0.2592495083808899
815,0.016344117000699043,0.018495529890060425,0.011270763352513313,0.25968533754348755
816,0.016259729862213135,0.018906166777014732,0.010480022057890892,0.2610650658607483
817,0.016339749097824097,0.01845709979534149,0.01091777440160513,0.2598037123680115
818,0.01695442944765091,0.0193367637693882,0.010518678463995457,0.2604159712791443
819,0.01600857824087143,0.01873604767024517,0.010538836009800434,0.2600385546684265
820,0.016636120155453682,0.01813880167901516,0.010360338725149632,0.2601202726364136
821,0.016369329765439034,0.018659133464097977,0.010701334103941917,0.2599787414073944
822,0.0165033508092165,0.018003365024924278,0.010927318595349789,0.25883960723876953
823,0.016137998551130295,0.01924951933324337,0.01069892942905426,0.25735029578208923
824,0.016490861773490906,0.018125344067811966,0.010423662140965462,0.2580045163631439
825,0.015608924441039562,0.018083440139889717,0.010280377231538296,0.2595309317111969
826,0.016209060326218605,0.0178140327334404,0.011011497117578983,0.2575206756591797
827,0.017104357481002808,0.018028346821665764,0.010607782751321793,0.25798603892326355
828,0.016476698219776154,0.0186439398676157,0.010370553471148014,0.2572120428085327
829,0.016373034566640854,0.01914415881037712,0.010690572671592236,0.2565380930900574
830,0.016216106712818146,0.01817125454545021,0.010271385312080383,0.2572856545448303
831,0.01581687293946743,0.01831728219985962,0.010500260628759861,0.25698402523994446
832,0.016098612919449806,0.01876182295382023,0.010313564911484718,0.2575545310974121
833,0.01650858111679554,0.018689068034291267,0.010746421292424202,0.2565189599990845
834,0.01646053045988083,0.019142668694257736,0.010918023064732552,0.2567095160484314
835,0.015532120130956173,0.017691368237137794,0.010433286428451538,0.25681546330451965
836,0.016137653961777687,0.01892850175499916,0.010563390329480171,0.25668227672576904
837,0.016400085762143135,0.01795404776930809,0.01116956863552332,0.2564343810081482
838,0.01591542176902294,0.01823228970170021,0.010460522025823593,0.2550095319747925
839,0.01593806780874729,0.018960140645503998,0.010370289906859398,0.2554590702056885
840,0.01572447270154953,0.017864130437374115,0.010642455890774727,0.2555411756038666
841,0.01556647103279829,0.018264226615428925,0.010636650025844574,0.25463372468948364
842,0.016193995252251625,0.017720725387334824,0.01066230796277523,0.25551408529281616
843,0.015571365132927895,0.018473418429493904,0.010308640077710152,0.2546483874320984
844,0.016940083354711533,0.018367387354373932,0.011017090640962124,0.2545568645000458
845,0.01689249277114868,0.018201736733317375,0.011030947789549828,0.2550307810306549
846,0.016010267660021782,0.01754147745668888,0.010401519946753979,0.25512170791625977
847,0.0162860956043005,0.018469179049134254,0.010122074745595455,0.2538406550884247
848,0.01653400808572769,0.018156684935092926,0.010204117745161057,0.253764808177948
849,0.016056111082434654,0.018774688243865967,0.010597705841064453,0.2536807060241699
850,0.01703081652522087,0.017560021951794624,0.010531820356845856,0.2537156939506531
851,0.016243496909737587,0.01759287901222706,0.01109465304762125,0.25255054235458374
852,0.016536280512809753,0.018274057656526566,0.010557752102613449,0.25367236137390137
853,0.015817508101463318,0.01812443882226944,0.010616375133395195,0.25367581844329834
854,0.016404738649725914,0.018693039193749428,0.01032763160765171,0.2534041404724121
855,0.015992777422070503,0.01842942088842392,0.010630277916789055,0.252811461687088
856,0.016072450205683708,0.01859266124665737,0.010717799887061119,0.2529907822608948
857,0.015320910140872002,0.018172118812799454,0.010311040095984936,0.2529967725276947
858,0.015923500061035156,0.01791960373520851,0.010574889369308949,0.2521563768386841
859,0.0168325025588274,0.017048366367816925,0.010933347046375275,0.2526262104511261
860,0.015686538070440292,0.018003081902861595,0.010454111732542515,0.25220805406570435
861,0.015739692375063896,0.01803388074040413,0.010193922556936741,0.25138017535209656
862,0.01585911214351654,0.018408995121717453,0.010438837110996246,0.2508997321128845
863,0.016492538154125214,0.017835723236203194,0.010600852780044079,0.2514896094799042
864,0.016074564307928085,0.01860450953245163,0.010299649089574814,0.2500939965248108
865,0.016505341976881027,0.01799711398780346,0.010381809435784817,0.24982653558254242
866,0.01614585518836975,0.01863105781376362,0.009868004359304905,0.2507058382034302
867,0.0162768866866827,0.017962438985705376,0.009987259283661842,0.2498522698879242
868,0.015915486961603165,0.017421716824173927,0.010762701742351055,0.2484179437160492
869,0.016134152188897133,0.017293022945523262,0.010361052118241787,0.25097477436065674
870,0.015810856595635414,0.01904567889869213,0.010647849179804325,0.25030654668807983
871,0.01560220867395401,0.01782306842505932,0.010649805888533592,0.2505378723144531
872,0.01616165228188038,0.018277179449796677,0.01068606786429882,0.24953590333461761
873,0.015384645201265812,0.01933245174586773,0.010235360823571682,0.2496991902589798
874,0.016676349565386772,0.018216431140899658,0.01032410841435194,0.24924808740615845
875,0.016629332676529884,0.017461083829402924,0.010439911857247353,0.2489825040102005
876,0.01573934778571129,0.01667739450931549,0.010138086974620819,0.24914135038852692
877,0.016894368454813957,0.018000202253460884,0.010289964266121387,0.24974170327186584
878,0.01688533090054989,0.017245255410671234,0.010354127734899521,0.24940091371536255
879,0.016303280368447304,0.01752093993127346,0.010440542362630367,0.24842038750648499
880,0.014963467605412006,0.017354430630803108,0.010597999207675457,0.24900628626346588
881,0.015752069652080536,0.016984358429908752,0.010452362708747387,0.24828879535198212
882,0.015888340771198273,0.01746903359889984,0.010328381322324276,0.24844884872436523
883,0.017089474946260452,0.017057672142982483,0.010272683575749397,0.24735170602798462
884,0.015353278256952763,0.017873505130410194,0.010022868402302265,0.24734336137771606
885,0.016190454363822937,0.017471997067332268,0.010475418530404568,0.24735647439956665
886,0.01571240834891796,0.01821611262857914,0.010211843997240067,0.24641886353492737
887,0.015276534482836723,0.016873963177204132,0.010298319160938263,0.24689282476902008
888,0.01579459384083748,0.017110927030444145,0.010360033251345158,0.24647976458072662
889,0.016566643491387367,0.01861915923655033,0.010549907572567463,0.24726811051368713
890,0.015933165326714516,0.017885271459817886,0.010171095840632915,0.24745257198810577
891,0.0160603616386652,0.017927594482898712,0.010977120138704777,0.24649196863174438
892,0.016023751348257065,0.018284574151039124,0.010195035487413406,0.24674655497074127
893,0.015706874430179596,0.0181210245937109,0.010328290984034538,0.2468431144952774
894,0.014962168410420418,0.017834654077887535,0.010216454043984413,0.2463579773902893
895,0.015739912167191505,0.018055684864521027,0.009940357878804207,0.24637740850448608
896,0.016493655741214752,0.01800594851374626,0.01048590149730444,0.24624037742614746
897,0.016574861481785774,0.01696595922112465,0.010260860435664654,0.24643903970718384
898,0.015560629777610302,0.017345091328024864,0.009882128797471523,0.24520470201969147
899,0.0161704383790493,0.017189014703035355,0.009922885335981846,0.2455766797065735
900,0.015384294092655182,0.017383750528097153,0.010522587224841118,0.2457229495048523
901,0.015636103227734566,0.01859060488641262,0.010247859172523022,0.24562855064868927
902,0.015115952119231224,0.017599476501345634,0.01021790411323309,0.24459560215473175
903,0.01508351881057024,0.016853757202625275,0.01063496433198452,0.2445407509803772
904,0.015394317917525768,0.017131801694631577,0.010280240327119827,0.24454425275325775
905,0.016109313815832138,0.01744205132126808,0.01071096584200859,0.2451149970293045
906,0.014473821967840195,0.016935592517256737,0.009657531976699829,0.24285733699798584
907,0.015009939670562744,0.01687265932559967,0.010394848883152008,0.24413013458251953
908,0.01577218994498253,0.017573347315192223,0.010138900019228458,0.24434614181518555
909,0.015272616408765316,0.018003199249505997,0.009975886903703213,0.2437405288219452
910,0.016196569427847862,0.017185194417834282,0.009910937398672104,0.24422767758369446
911,0.015139988623559475,0.0178324393928051,0.009616433642804623,0.24358393251895905
912,0.01572931371629238,0.016878623515367508,0.010144088417291641,0.24339301884174347
913,0.015992816537618637,0.017820153385400772,0.010243975557386875,0.24327489733695984
914,0.015857143327593803,0.01802540197968483,0.010014493018388748,0.24262213706970215
915,0.01601896993815899,0.017962852492928505,0.009969869628548622,0.24316897988319397
916,0.016256198287010193,0.017469314858317375,0.010157092474400997,0.24270962178707123
917,0.015770459547638893,0.01828044466674328,0.01033942960202694,0.24268338084220886
918,0.015520643442869186,0.017868487164378166,0.010304238647222519,0.243424192070961
919,0.015359231270849705,0.01757211983203888,0.010264151729643345,0.24319890141487122
920,0.015448974445462227,0.0175922941416502,0.010029525496065617,0.24163818359375
921,0.016108186915516853,0.01785600185394287,0.010384848341345787,0.2407992035150528
922,0.015611933544278145,0.017290465533733368,0.010502810589969158,0.24182188510894775
923,0.016232341527938843,0.016292115673422813,0.010475884191691875,0.24080044031143188
924,0.015131733380258083,0.017417455092072487,0.010182629339396954,0.2407786101102829
925,0.015856219455599785,0.01716257445514202,0.009379737079143524,0.24172388017177582
926,0.015483871102333069,0.01732017658650875,0.010011560283601284,0.24097591638565063
927,0.01554343942552805,0.017316589131951332,0.009795613586902618,0.240271657705307
928,0.01574222929775715,0.017674705013632774,0.010029591619968414,0.24075554311275482
929,0.0158554557710886,0.017151884734630585,0.010113776661455631,0.23999132215976715
930,0.015304364264011383,0.017251407727599144,0.010187603533267975,0.2403579205274582
931,0.01574721746146679,0.018562832847237587,0.01030645053833723,0.23960313200950623
932,0.015432115644216537,0.01708824932575226,0.00982715655118227,0.23988644778728485
933,0.01571289822459221,0.017671599984169006,0.009998522698879242,0.23963943123817444
934,0.015314747579395771,0.01794867403805256,0.010397330857813358,0.2397923618555069
935,0.014481857419013977,0.017846964299678802,0.009932935237884521,0.23930855095386505
936,0.015270826406776905,0.017557857558131218,0.009749384596943855,0.23895961046218872
937,0.01567067764699459,0.01714971475303173,0.009522149339318275,0.2376565933227539
938,0.015363776125013828,0.0176223237067461,0.010038921609520912,0.23945719003677368
939,0.015016218647360802,0.017085576429963112,0.01042160764336586,0.23875920474529266
940,0.015944037586450577,0.017485858872532845,0.010009055957198143,0.23919902741909027
941,0.01590602472424507,0.017269739881157875,0.010232786647975445,0.2379305362701416
942,0.015967529267072678,0.01773505099117756,0.010352641344070435,0.23910976946353912
943,0.015110793523490429,0.01722104847431183,0.010442708618938923,0.23805391788482666
944,0.015516078099608421,0.017704913392663002,0.01016273070126772,0.23699668049812317
945,0.015809303149580956,0.016929754987359047,0.010003880597651005,0.23804296553134918
946,0.01624787226319313,0.016661282628774643,0.009801403619349003,0.23774448037147522
947,0.016021359711885452,0.01769128628075123,0.009583823382854462,0.23641522228717804
948,0.015289158560335636,0.017698058858513832,0.009779645130038261,0.23649679124355316
949,0.015092557296156883,0.016948731616139412,0.01073359977453947,0.2374851107597351
950,0.015161506831645966,0.01671406999230385,0.010284272022545338,0.2364235818386078
951,0.015033619478344917,0.016649791970849037,0.01011128630489111,0.2367125004529953
952,0.015118111856281757,0.01622498780488968,0.010371406562626362,0.23749586939811707
953,0.015029538422822952,0.017552144825458527,0.010091584175825119,0.2359425127506256
954,0.015271233394742012,0.017509257420897484,0.01046005543321371,0.2356635481119156
955,0.015602612867951393,0.01723555661737919,0.009836072102189064,0.23687101900577545
956,0.015768349170684814,0.017049958929419518,0.010006362572312355,0.23529276251792908
957,0.015185847878456116,0.017355211079120636,0.009924638085067272,0.2353818714618683
958,0.01523978915065527,0.017256926745176315,0.009648213163018227,0.23568856716156006
959,0.015093867667019367,0.01750602386891842,0.010448934510350227,0.23469488322734833
960,0.015079020522534847,0.017592990770936012,0.009682560339570045,0.2357616424560547
961,0.014815306290984154,0.01645582728087902,0.009984791278839111,0.2357039898633957
962,0.014870659448206425,0.016881689429283142,0.010118278674781322,0.234878271818161
963,0.015533334575593472,0.016667252406477928,0.009923500008881092,0.23586340248584747
964,0.015633558854460716,0.01654602400958538,0.010105307213962078,0.23512126505374908
965,0.014903061091899872,0.017367321997880936,0.00978823471814394,0.23451481759548187
966,0.015413431450724602,0.01724003069102764,0.010370422154664993,0.234329491853714
967,0.01555756013840437,0.016893992200493813,0.010035659186542034,0.23488952219486237
968,0.015694623813033104,0.01711690053343773,0.010535407811403275,0.23402372002601624
969,0.015563974156975746,0.017087822780013084,0.00983564741909504,0.23479638993740082
970,0.01526688039302826,0.017113834619522095,0.009986428543925285,0.2335224598646164
971,0.015177114866673946,0.017016839236021042,0.010069482959806919,0.233427032828331
972,0.015052855014801025,0.01655830442905426,0.010073726065456867,0.23392707109451294
973,0.01498475018888712,0.016998572275042534,0.009858313947916031,0.232530876994133
974,0.014344737865030766,0.01728200539946556,0.010029343888163567,0.23341496288776398
975,0.015420788899064064,0.016314281150698662,0.009637619368731976,0.232175812125206
976,0.014789782464504242,0.0170860905200243,0.010267676785588264,0.23257167637348175
977,0.015114773996174335,0.016709087416529655,0.009406373836100101,0.23328028619289398
978,0.01471844594925642,0.017192929983139038,0.010477683506906033,0.23263096809387207
979,0.01548001915216446,0.01712990738451481,0.010203031823039055,0.23141051828861237
980,0.01452450081706047,0.017599577084183693,0.009916276670992374,0.23244746029376984
981,0.01589205674827099,0.01600344479084015,0.009701156057417393,0.2319040596485138
982,0.015373177826404572,0.017312437295913696,0.009522699750959873,0.23155854642391205
983,0.014585408382117748,0.016746414825320244,0.009959548711776733,0.23132938146591187
984,0.014602107927203178,0.01706153340637684,0.009790751151740551,0.23133592307567596
985,0.015822844579815865,0.016041863709688187,0.009890771470963955,0.23133103549480438
986,0.015148189850151539,0.016513189300894737,0.009897065348923206,0.2297869473695755
987,0.015463343821465969,0.016431909054517746,0.009934975765645504,0.23110993206501007
988,0.015445180237293243,0.01717820204794407,0.010374031960964203,0.23114654421806335
989,0.015325270593166351,0.01573379710316658,0.009602240286767483,0.23043343424797058
990,0.01538876537233591,0.01652180403470993,0.010395796038210392,0.2325819879770279
991,0.015130631625652313,0.01641259714961052,0.009933305904269218,0.23075991868972778
992,0.014614788815379143,0.016352083534002304,0.009928419254720211,0.22969187796115875
993,0.014903017319738865,0.017468130216002464,0.009864578023552895,0.23132826387882233
994,0.015322943218052387,0.016295259818434715,0.010083367116749287,0.22958916425704956
995,0.015357200056314468,0.01700768806040287,0.009673776105046272,0.2295418083667755
996,0.01515837013721466,0.01764032617211342,0.010017803870141506,0.22975893318653107
997,0.015239632688462734,0.016408804804086685,0.009725825861096382,0.22908078134059906
998,0.01533590629696846,0.01647312194108963,0.010004500858485699,0.22955460846424103
999,0.015468128025531769,0.01722441054880619,0.010100685991346836,0.22820213437080383
1000,0.014562718570232391,0.016608016565442085,0.010419939644634724,0.2294730395078659
