,aggregate
A4GALT|53947,0.0034459870779903756
AADAT,0.008810269020756257
AAGAB,0.004888442635011319
AAGAB|79719,0.0023747162116347304
AATK|9625,0.0042728876618002825
ABCA7,0.003907272447916051
ABCB6|10058,0.0029149901255796657
ABCC10,0.0040475164746396185
ABCC4,0.006886858092218502
ABCC5,0.0028807328219867053
ABCC6P1,0.004584659302543733
ABHD13|84945,0.0035117999657115224
ABHD14B;ABHD14A,0.004461675784460503
ABHD3|171586,0.0058305823302664825
ABLIM3|22885,0.007430689787570379
ABO,0.00407590101129914
ABTB1;PODXL2,0.004685346238948908
ACACB|32,0.007546090726555709
ACADVL;DLG4,0.003925864688048298
ACADVL;MIR324,0.0047916785547076615
ACAP1,0.008404181369978472
ACAP3|116983,0.0046076384728386335
ACCN2,0.00417003102538971
ACOT11|26027,0.003146466578701675
ACOT2,0.003855901731203997
ACOT4|122970,0.005509981850132916
ACOX1;FBF1,0.015084529305571151
ACP6|51205,0.005299649012722255
ACRC|93953,0.003582389283324868
ACSM1,0.004995419950053808
ACSS1|84532,0.0065027129802981
ACTR1B|10120,0.0033579475775446406
ACTR3,0.0041420017443641426
ACTR3C|653857,0.005438310260710264
ACTR5|79913,0.004082648080102796
ACVR2B,0.004355821152067958
ACY1|95,0.004422941640946903
ACYP1|97,0.0038048145100172672
ADAM22,0.0054245551167149
ADAMTS4|9507,0.004936954802316221
ADAMTS7|11173,0.004401420088530842
ADAMTS8,0.004032619328871522
ADAT1,0.0035006019112325
ADH1B,0.009755385922553513
ADI1,0.003258273881933716
ADM,0.005076661592872681
ADPRHL1|113622,0.0023826495125100727
ADRBK2,0.003813570218821288
AEN|64782,0.0034366309361667314
AFAP1;LOC84740,0.003734970721836844
AFARP1;SLC16A1,0.0023877427272961404
AFF4,0.00381688718998562
AGPAT5|55326,0.006290924495819125
AGPHD1|123688,0.004140879418096934
AGRP,0.0036988911304996295
AIFM2,0.004141238302206842
AIMP1,0.006598020018254844
AIMP1|9255,0.0029342199344902157
AKAP11,0.004345128307844409
AKR7A2,0.008593541949751813
AKR7A3,0.004394851534292173
ALAD|210,0.0040971771588139
ALDH16A1;PIH1D1,0.004110478363656709
ALDH5A1|7915,0.00454434615065833
ALDH7A1|501,0.0038451481186293096
ALDH9A1|223,0.00319245660907536
ALG11;UTP14C,0.005046430964579366
ALG2|85365,0.002955773749108633
ALG8|79053,0.004401992144341314
ALG9|79796,0.0043630585709786215
ALKBH5,0.004115024541194501
ALS2|57679,0.004429925276543075
AMBN,0.005337899796844637
AMD1|262,0.005736312526270477
AMOT|154796,0.006221137495354053
AMPD1,0.009520745550208936
AMPD2,0.003233990734574208
ANKDD1A,0.004928440135801287
ANKRD10|55608,0.004492514674587083
ANKRD13A,0.004483733872103914
ANKRD13B|124930,0.003529028374323334
ANKRD29|147463,0.012340630500160554
ANKRD36BL1,0.003979247672862156
ANKRD37|353322,0.004485706846299354
ANKRD42|338699,0.004443196904657106
ANKRD52|283373,0.005581486254393907
ANKRD54|129138,0.0033193868591229296
ANO10|55129,0.00350517217185675
ANP32A|8125,0.003527454249994933
ANP32D,0.007567099387325596
ANXA2|302,0.0033478101385633224
ANXA8L2,0.009554364790678602
AOC2;AOC3,0.0062207165606216
AP1M1|8907,0.004247066632199795
AP3D1|8943,0.0038479899752190314
AP3M2,0.004515834018722032
AP3M2|10947,0.004628551043086545
AP4B1|10717,0.005109844615692123
AP4E1|23431,0.0028461066332305203
APBB2|323,0.0039915942564104755
APEX1;OSGEP,0.004382093963199325
APH1B|83464,0.004483636928870181
APIP|51074,0.004341236082405901
APLP1,0.003399339757028822
APLP2|334,0.0031746203849299824
APOA1,0.006355381037035533
APOC1|341,0.006120367437283941
APOE,0.005418476554548019
AQP6,0.0047928824361285075
ARF4|378,0.0028104777215262563
ARFGAP2|84364,0.004823461926383314
ARFRP1;ZGPAT,0.0037864890415971967
ARHGAP4,0.005800372135855015
ARHGEF1,0.004721740168041777
ARHGEF11|9826,0.003981036886561463
ARIH2|10425,0.003624821424673111
ARL2BP|23568,0.0036477568852635108
ARL6IP1,0.0033147280594958382
ARL6IP6|151188,0.004272091052537368
ARMCX3,0.0066357935016336305
ARNT2,0.0030477773498989247
ARNT|405,0.00292374779534194
ARPC1A,0.005072200907829741
ARPC4;TADA3,0.004062244966659357
ARSK|153642,0.005696104992147354
ARV1,0.007753664987539067
ASAH2,0.004941709188001813
ASAP1|50807,0.0045699015916798764
ASAP3|55616,0.0050380591886887965
ASB16;C17orf65,0.004465592359863418
ASCC2|84164,0.003192631349499049
ASRGL1,0.0042718891949766555
ASTE1|28990,0.0031536178652169394
ATAD2B|54454,0.0037843584692731284
ATAD3C|219293,0.013849822924143345
ATF1|466,0.003593713764851779
ATG4A|115201,0.0030672985485156457
ATP10D|57205,0.004346568282308319
ATP1A3,0.004179498590656925
ATP5B|506,0.0035253188499134065
ATP5H|10476,0.0037363726124616517
ATP5O|539,0.003419183944820004
ATP6AP2|10159,0.0043660383839655564
ATP6V1A|523,0.002866191342547497
ATP6V1D|51382,0.004598356212630571
ATP7B|540,0.008225639513530489
ATP8B1|5205,0.004314215535855066
ATXN10|25814,0.004835673223213318
ATXN1|6310,0.004361653270122536
ATXN2,0.003071120964325365
ATXN7L3B|552889,0.0054770299586182555
AVL9|23080,0.0028757470492191705
AWAT1,0.005292857109158647
AXIN1,0.002969314724360146
B3GALT4|8705,0.004778776279032665
B3GNT4,0.003603431179776567
B4GALNT4,0.0031653112963771304
B9D1|27077,0.004157259611344447
BACE1,0.003833838917483757
BASP1;LOC285696,0.00588975219094387
BAT4;CSNK2B,0.004515243458874383
BAZ2A;RBMS2,0.008753334982553974
BBS4|585,0.005185976449048122
BBX,0.004075567547072907
BCAM|4059,0.009053552700298832
BCAR1|9564,0.002186723204676032
BCAS2|10286,0.002975043553392366
BCORL1|63035,0.004330431419264674
BCR|613,0.003335621355568856
BDNF;BDNFOS,0.004623737011326485
BFSP1|631,0.003251243736003143
BGLAP|632,0.0049869682452484436
BOC|91653,0.010243776261676184
BPESC1,0.003661139230427138
BPTF|2186,0.003335999242162679
BRAP|8315,0.0038791552095812643
BRD9|65980,0.002634941176027035
BRF2|55290,0.005426545763323138
BRPF1|7862,0.002993588672705351
BSDC1|55108,0.004377679496706572
BST1,0.004588286483748993
BST2|684,0.0037924822347657136
BTBD10|84280,0.0017876497483641815
BTG2|7832,0.007472031522985681
BTK;TIMM8A,0.008596411630562576
BUB3,0.004966089940811795
C10orf111;RPP38,0.006015917219544138
C10orf113;NEBL,0.00394943436758167
C10orf116,0.006307707689078441
C10orf26|54838,0.003911848709918069
C10orf2;MRPL43,0.003516687054070437
C10orf32|119032,0.004760991912332372
C10orf41,0.006775587998547768
C10orf41;ZNF503,0.003916663758342764
C10orf88|80007,0.004796422728621914
C11orf1|64776,0.0041533825241806335
C11orf70,0.004686210298372224
C11orf94,0.00368058035862582
C12orf27,0.004172927104252763
C12orf41|54934,0.0034620611567581496
C12orf53,0.006227829051107288
C12orf5|57103,0.003940853466053445
C12orf72|254013,0.004146546243241121
C12orf76,0.00493950615114486
C13orf1,0.004039859480885451
C13orf29|283487,0.0053057502833481675
C13orf31|144811,0.004212175257927166
C14orf101|54916,0.004442277312890062
C14orf118|55668,0.0040176689163457235
C14orf1|11161,0.0048024147684691135
C14orf4,0.004439279933946853
C14orf45|80127,0.005636515670855503
C14orf49,0.003803393513662077
C14orf64,0.008951162471223479
C14orf80,0.003825953476431651
C15orf40,0.0045688236344116106
C15orf40|123207,0.003523698688012413
C15orf48;MIR147B,0.009904042021033916
C15orf50,0.003987116268812006
C15orf61|145853,0.0038590615731830757
C16orf42|115939,0.004826925874496111
C16orf53;PRRT2,0.0032073282390488486
C16orf7,0.005749330121908392
C16orf71|146562,0.011378157932376422
C17orf54,0.004641074422903133
C17orf62,0.003939385319646612
C17orf67,0.004250296302573411
C17orf67|339210,0.005428012012871468
C17orf77;CD300LD,0.008013499444513595
C17orf81,0.004320119852638738
C18orf1,0.003323418435586765
C18orf8|29919,0.003439597878720902
C19orf53,0.003912979539884346
C19orf57|79173,0.006874254030943638
C1QTNF7,0.007031152837796007
C1orf103|55791,0.003681139654791405
C1orf216|127703,0.0028938337720216182
C1orf92,0.005593966589350822
C20orf111|51526,0.003008998595052273
C20orf141;LOC100288797,0.003904562112283814
C20orf144;NECAB3,0.0030808227170665706
C20orf194,0.003822328253082096
C20orf196,0.004336923019556066
C20orf4|25980,0.0028642830097288597
C20orf54|113278,0.005551112536302894
C20orf71,0.010012261561778289
C21orf130,0.033621580647077765
C21orf29;KRTAP10-5,0.016622163219168064
C21orf67|84536,0.004112999302002493
C2orf16,0.005607498910179896
C2orf24|27013,0.004098420679725928
C2orf55|343990,0.0069219368410477254
C2orf64|493753,0.003201807665131566
C2orf66,0.00619738874779613
C2orf72,0.005247355800570704
C2orf79|391356,0.00313768561059916
C2orf7|84279,0.004872355991835208
C2orf80,0.004297964050294525
C2orf89,0.004791211849516616
C3orf17,0.003744102277597551
C3orf21,0.00287146147240498
C3orf34|84984,0.004405459632746371
C3orf39|84892,0.004148022946426947
C3orf42|84657,0.0048377425812203825
C3orf47|339942,0.006434097902349835
C3orf49,0.004654638256631655
C3orf62|375341,0.0027399724437415715
C4A|720,0.010576901522658626
C4orf32|132720,0.005065654170655961
C4orf42;CTBP1,0.0032027334883315017
C4orf52,0.0045075831560305694
C4orf52|389203,0.0029989289986715843
C5orf25|375484,0.00419461355467792
C5orf33|133686,0.005415665593998103
C5orf39|389289,0.004440073296231722
C5orf53|492311,0.004908200389333761
C5orf54|63920,0.0040911405629892525
C6orf132|647024,0.005662874293710613
C6orf141,0.0033487338155133908
C6orf145|221749,0.006228768677367517
C6orf211|79624,0.007874939593532176
C6orf222,0.004061458912970495
C6orf48|50854,0.0027060615150254347
C6orf64,0.004411448388497355
C7orf10;C7orf11,0.0028726108902278067
C7orf50;GPER,0.006163982622296657
C7orf55|154791,0.003977344316892182
C7orf69;PKD1L1,0.012442696977982403
C8orf37,0.003085222656127674
C8orf39;RBM12B,0.0040860873384712506
C8orf42|157695,0.003260996818248031
C8orf55|51337,0.0033501982277642766
C8orf58;KIAA1967,0.0037026656973248463
C8orf76|84933,0.004799795834580133
C8orf84|157869,0.010527385418016053
C9orf153,0.004766106434446333
C9orf30|91283,0.004651083559300327
C9orf3|84909,0.0036645914925010036
C9orf4,0.006302931260734272
C9orf40,0.0035953285471708347
C9orf57,0.007266880659708368
C9orf66;DOCK8,0.011192940253619258
C9orf78;USP20,0.0037421738951233007
C9orf9,0.00456697151250337
CA5B,0.012930567970634719
CABYR,0.003603279076299444
CACNA1I,0.006010450818037808
CACNA2D2|9254,0.012624863165898293
CALB2,0.003807834423281407
CALCOCO1|57658,0.004187290794593188
CALM2|805,0.0033811961553014904
CAMK1D|57118,0.0033585498502694084
CAMKK1|84254,0.0038540325727154877
CAMKK2|10645,0.00398049702561302
CAMSAP1L1,0.004633272893363908
CAP1,0.004546953661095956
CAPN10,0.0036089087339043237
CAPN12|147968,0.004723659555753897
CAPN1|823,0.004495573718043131
CAPN2|824,0.0031392803228281587
CAPN7,0.0044049658872323105
CAPRIN1|4076,0.00417113935417924
CAPRIN2,0.004876098851776178
CAPZA2|830,0.004675117433658239
CARD10,0.0040871759156073705
CARD16|114769,0.004792778856086708
CARKD,0.005440530030761281
CASC1,0.013290494803994362
CBWD2|150472,0.003635505878057795
CC2D1A|54862,0.004641279292252389
CC2D2B,0.00427049642548223
CCAR1,0.0036169404624374554
CCDC101|112869,0.003331297898641847
CCDC102B|79839,0.004138016685483975
CCDC112|153733,0.005651670107708664
CCDC12,0.0049668262692132295
CCDC132|55610,0.004698679234612082
CCDC142,0.0035345532340097397
CCDC149,0.003461885908634988
CCDC22;CACNA1F,0.004973919759375097
CCDC34|91057,0.003964545451820043
CCDC48,0.002352653079352434
CCDC61;MIR769,0.004091048100411146
CCDC64|92558,0.007053616140008727
CCDC70,0.0045684552461080375
CCDC82;JRKL,0.007672654129486804
CCDC82|79780,0.006157401722081849
CCDC85A,0.0038749219219712775
CCDC9,0.0042773241332607044
CCDC93,0.0037410211457718718
CCKAR,0.005879844615212651
CCNT1,0.004541381180045601
CCR1|1230,0.005803771703756335
CCRN4L,0.0031250617511360585
CCT5|22948,0.005792649589393774
CCT6A|908,0.004370765746961595
CD19,0.0030733180634928826
CD24|100133941,0.00676715883883207
CD274,0.007181849185490767
CD276,0.004623673952120271
CD2AP,0.0027634920367909793
CD2AP|23607,0.005270402863933228
CD72,0.0046867409141350975
CDC123,0.02903841101301595
CDC123|8872,0.0028719323290078806
CDH11|1009,0.006519712988120664
CDH1|999,0.007889874128818395
CDK11A|728642,0.004012142315613308
CDK2AP1|8099,0.005852048109390447
CDK5RAP1|51654,0.002895101655325389
CDK5RAP3|80279,0.0034285591344683456
CDKL4,0.004895622636419127
CDKN1B|1027,0.004865663427443384
CDR2|1039,0.004026309088985094
CDYL|9425,0.0030990985867074797
CELSR1|9620,0.009730117513264065
CENPJ,0.0032201945790092832
CENPT,0.0029620578571657643
CEP120,0.004123811355994762
CEP135|9662,0.0033471689018634673
CEP170|9859,0.005447939187615492
CEP250|11190,0.003714503271844056
CEP350,0.0036779920179017896
CEPT1|10390,0.003203338136399612
CERK|64781,0.0051561872372599075
CHAT,0.01199857734657467
CHCHD10|400916,0.005044229577093093
CHCHD7|79145,0.005605961856853941
CHD8;SNORD9,0.004361130343265351
CHGA,0.006623109733382943
CHKB;CHKB-CPT1B;CPT1B,0.0036387328085670614
CHRNA4,0.0061961691050787466
CHST12|55501,0.004310554005306027
CHST2|9435,0.004489566583953841
CHTF8;HAS3,0.004341981090600687
CIRBP|1153,0.005601477413001281
CIT|11113,0.010858171845772053
CLCA2,0.005540313990604925
CLDN25,0.004903180934504912
CLEC3B,0.004566938217936165
CLGN,0.003881123661168666
CLIP1|6249,0.0029708815333842507
CLSTN2|64084,0.020745793212458695
CLTC,0.0048473812265303635
CMPK2|129607,0.0070603532868907075
CNGB3,0.005644727572841939
CNN1|1264,0.012821129199746862
CNN3|1266,0.0055457792162179175
CNOT2|4848,0.004981071024099636
CNOT7;VPS37A,0.003040291551810191
COASY,0.005180771056205635
COG1|9382,0.004152001406965548
COG4|25839,0.004349543731351665
COMT|1312,0.00503281602787175
COPG2|26958,0.002514285627397596
COPS6|10980,0.004002285012386356
COPS7A|50813,0.0034132175902607254
COQ7|10229,0.003302553678580817
CORO1A;LOC606724,0.007134069612485476
CORO1B,0.0041212157402524905
COX16|51241,0.003484940941095049
COX17,0.002365284118620111
COX7A2L|9167,0.004390171441263748
CPA3,0.003918701892762605
CPEB2,0.003015379264940275
CPNE1|8904,0.003664188850290701
CPT1B|1375,0.0038894164239294407
CREBBP|1387,0.0036685866007016513
CREM,0.0038181433485149074
CRKL,0.0033907059284024573
CRLF3|51379,0.0038227318730075914
CRLS1,0.0029526130733181434
CROCCL1|84809,0.003434613696627709
CRYAA,0.005252099818611758
CRYZ|1429,0.0031778305724017193
CSDA|8531,0.0038322245715780474
CSDE1,0.004922315039549836
CSK,0.004020939552305451
CSNK1A1L,0.0054063768435690124
CSNK1D|1453,0.0029295385499578204
CSNK1G1,0.0027200963035467016
CSRP2|1466,0.00590412602900546
CTNNBIP1,0.004444943558580964
CTNND1,0.006938812439050418
CTSA|5476,0.0035757997997978496
CTSB|1508,0.0030594240781541154
CTSL2,0.003959486740511658
CTU2;RNF166,0.00448063139502158
CTXN1,0.0039031433088781084
CUL7,0.003940318156186686
CXCR4,0.0048595838417960415
CXCR4|7852,0.006431380245976935
CXorf26|51260,0.004234409288102778
CYB561D1|284613,0.0038524917004355277
CYB5D2,0.006009820342028842
CYB5R4|51167,0.003975912296887149
CYB5RL|606495,0.004289666501622509
CYBASC3|220002,0.004050364616169162
CYP4F8,0.004006743564681356
CYP51A1|1595,0.0031767028024360672
CYP8B1,0.003224606040184462
CYYR1|116159,0.007555666470669731
DACH1|1602,0.020251948552590184
DAPP1|27071,0.005503928623381539
DAZL,0.002979888043432779
DBF4|10926,0.004814826833564559
DCAF15,0.003868551526449874
DCAF8L1,0.004487450647338544
DCP2|167227,0.0030671395297279173
DCT,0.013592868915942437
DCTD,0.003982472491920183
DCTD|1635,0.004098966927929761
DDX20;C1orf183,0.003400307483741477
DDX3X,0.0039236733900231725
DDX46|9879,0.0038751319955298838
DDX53,0.0048059116956070316
DDX59|83479,0.004653463878022943
DEAF1|10522,0.004408617576777175
DECR2,0.004674252712714478
DEF6,0.010747754943740154
DEFA6,0.013784526057943811
DEFB135,0.00904836608260282
DENND1A;MIR601,0.004091407586708807
DENND1C|79958,0.004937379680244694
DENND3,0.0026864994707521354
DENND4B|9909,0.004750663230516177
DERL3,0.01730642687831139
DGCR9,0.012134591944976104
DGKA|1606,0.0033818831911018826
DGUOK,0.005029114417713982
DHDDS,0.003515812706317404
DHRS4|10901,0.004261771052584358
DIAPH1|1729,0.003660391990065833
DIAPH2;RPA4,0.0038109169736319556
DIO2|1734,0.0062331945864426645
DIO3;MIR1247,0.008245114786994029
DIO3OS,0.011948679327055442
DIP2B,0.003125791781666585
DIP2B|57609,0.0035548193566497348
DIS3L2|129563,0.0034533050683362284
DKFZp686O24166,0.0057456396344334
DLG1|1739,0.004505901208227069
DLX1,0.005142034344439687
DLX6;DLX6AS,0.014641465969513783
DMXL1,0.003688851135959661
DNAJA2|10294,0.0029828592758743716
DNAJB11|51726,0.0032274445368413885
DNAJB14,0.0026041537588247423
DNAJB8,0.003427300632061511
DNAJC10|54431,0.004061793199439398
DNAJC12|56521,0.020450942931457033
DNAJC13|23317,0.003329113564347047
DNAJC21|134218,0.0035317171048655778
DNAJC24|120526,0.0028989354824995057
DNAJC25|548645,0.003315555898082817
DNAJC6|9829,0.005902362951666293
DNAJC7,0.004760396596357744
DNAJC7|7266,0.004023353837507521
DNASE1L1;RPL10,0.006167368891542099
DNM1L,0.0038996694860308724
DNM1|1759,0.005003503933246136
DNMBP,0.003791333562114007
DOC2B,0.004755144919260993
DOCK1,0.0038449974500445153
DOCK1;FAM196A,0.002612029980137584
DOCK2;FAM196B,0.03272979283990753
DOCK9,0.006841905714777652
DOK3|79930,0.004519118878517114
DOLPP1,0.002800273753378913
DOT1L|84444,0.003793472150707241
DPAGT1|1798,0.0034934999863563444
DPEP1,0.004083655866826649
DPEP2|64174,0.006207996105934191
DPH1;OVCA2,0.005764537133204912
DPPA3,0.0056425458392254674
DPY19L1,0.0041151871619089925
DPY19L2,0.0066890555445387094
DPY19L3,0.0048697135432885985
DRAM1|55332,0.0031125411880011107
DRG2|1819,0.004556040750969938
DSCR3|10311,0.003819056374329952
DSG2|1829,0.006052836794952111
DSN1|79980,0.006023635694918775
DSTN,0.0033539635166202116
DST|667,0.009330584907552245
DULLARD;C17orf81,0.002548011472553233
DUSP10|11221,0.0034425661004596577
DUSP14|11072,0.004578584378071493
DUSP7|1849,0.00429990635837584
DYNLRB1|83658,0.00515806808535672
ECH1|1891,0.004475852481911182
EDC3,0.0053647904510815405
EEF1DP3,0.0032290559703746662
EFCAB1,0.005671410235954348
EFHD2|79180,0.004251524467132874
EFR3B|22979,0.007664787737386867
EIF2B1|1967,0.003408038527069236
EIF3F|8665,0.0035771971837870145
EIF3H|8667,0.004074787441148482
EIF4A2|1974,0.003249518448332968
ELF3|1999,0.004394282060913706
ELFN1|392617,0.003683757728293686
ELOVL4,0.005866207152853922
EMB|133418,0.004077194508384696
EML1|2009,0.003398784473208572
ENAH|55740,0.004390581978742109
ENDOD1,0.0038183018892971447
ENO1|2023,0.005096047206609199
ENPEP,0.010272856282003672
ENPP5,0.004129070902742132
ENTPD6|955,0.005219569150532218
ENTPD8,0.004550524090783007
EPCAM,0.0038245293007191927
EPHX1,0.00444641004716202
EPHX1|2052,0.0030278100373025627
ERCC2,0.0034452792393645667
ERCC8|1161,0.0038528377904932702
ERI1|90459,0.003908118513339593
ERLIN1|10613,0.004386354386596915
ESPNL;SCLY,0.0171667989343363
ETFB,0.005301332254283588
ETFB|2109,0.005750204872005682
ETHE1|23474,0.00371956492895747
EVL|51466,0.007745448787038555
EWSR1|2130,0.004186070340629635
EXOC6|54536,0.004860412430966357
EXOC7;ZACN,0.007034097124106095
F2RL3|9002,0.005023389556625656
F5|2153,0.008262902589086688
FADD|8772,0.002361509388347808
FAH,0.004091018553981927
FAIM3|9214,0.005886292724337976
FAM102A|399665,0.0031776078466053087
FAM107A|11170,0.020021810152112303
FAM108B1|51104,0.00384490260167543
FAM108C1,0.004243450341762945
FAM109B|150368,0.003843642357741833
FAM120B,0.0033649075159166205
FAM128A,0.005441362127372297
FAM134C,0.004907953357703151
FAM160B2,0.004667446024567602
FAM164A|51101,0.004918038421853359
FAM167B|84734,0.004003503073281397
FAM171A2,0.004472273285875679
FAM177A1,0.0037044563776306213
FAM184A,0.003600865654625941
FAM186A,0.003081591905108695
FAM189A2,0.006175660691976436
FAM200A|221786,0.0040797202277831485
FAM21C|253725,0.004588864822752235
FAM22F,0.008881131534792724
FAM24A,0.009434410831555683
FAM26E;BET3L,0.007194546585189906
FAM46A|55603,0.004149674165960078
FAM50B|26240,0.006414638505773536
FAM53A,0.0037987634833728714
FAM53A|152877,0.0064922719287357445
FAM53B|9679,0.004601963092276139
FAM53C|51307,0.004157499313901052
FAM63A|55793,0.005149221794046347
FAM83C,0.004768082563318727
FAM86B1|85002,0.00639112161803311
FAM8A1|51439,0.0038012631894085666
FAM90A1,0.005416674732126668
FASN,0.009662770877190245
FASTKD2,0.0046214760302624195
FASTKD2|22868,0.0033061085624308
FAT1,0.004033591367623414
FAT2,0.007697139927831024
FBP2,0.004069853414368186
FBXL17,0.00555087454433064
FBXL18|80028,0.0038106982887302857
FBXL19;NCRNA00095,0.002422058225368004
FBXL4|26235,0.004598356689367243
FBXO36|130888,0.005855250532777828
FBXO43|286151,0.01015510247668594
FBXO47,0.022310400998604017
FBXW8,0.0034109615071708163
FBXW8|26259,0.00441606699978538
FCGR1A,0.013616960298573818
FCGR1B,0.0046115866631999
FCHO1,0.004656015162230975
FCHO2,0.004560499177790021
FCHSD1,0.00742181847940718
FDFT1|2222,0.004677961917438361
FEN1;C11orf10;MIR611,0.0037969996943003096
FGD3|89846,0.017871256417118356
FGD6|55785,0.004753864783216966
FGF10,0.005208173577358538
FGF11;CHRNB1,0.0037289560442269826
FGF2|2247,0.014332585297664282
FGFBP3,0.0036745892820111595
FGFRL1|53834,0.003848460162938382
FLCN|201163,0.0034712345159612634
FLJ11235;EPB41L4A,0.004982611003472599
FLJ16779;NKAIN4,0.005759368468496187
FLJ26850,0.01530566590155631
FLJ35024,0.00967460733970611
FLJ35220,0.0037939765431338895
FLJ35390;RASA4P,0.005944958150768047
FLJ35776|649446,0.005547601893023085
FLJ36031|168455,0.0035941549527432415
FLJ42627|645644,0.004587113580345753
FLJ43950,0.0033745424465160927
FLJ45244|400242,0.005157419971492877
FLOT1,0.00411391207304568
FOXJ3|22887,0.004459499070910569
FOXO3|2309,0.004643617974453949
FOXRED1|55572,0.0036280103363946895
FRAT1,0.004751789851973455
FREM3,0.006090801610693604
FRMD5;LOC728758,0.002835884740092204
FSCN1|6624,0.006552611729097583
FTH1,0.004405439742950938
FTL|2512,0.0032056306180737472
FTSJD2,0.00365782622138863
FUT11,0.005192651268716972
FUZ;AP2A1,0.003976595507063452
FZD6|8323,0.004066115550335146
GABARAPL3,0.003287540254120469
GADD45A,0.0033101457565900003
GADD45B|4616,0.004621944121907529
GAL3ST2,0.004109810711872806
GALNT11|63917,0.004074011742317655
GANAB;INTS5,0.008645034334910807
GAS5;SNORD76;SNORD75;ZBTB37;SNORD74,0.00371781715761674
GATS,0.003739838510786478
GATS;PVRIG,0.0035986205858057154
GBE1,0.004139201696977253
GBP5,0.00521908404773362
GCHFR|2644,0.004718938025331517
GCK,0.00452094424038406
GCNT7;C20orf106,0.004665436222419082
GCOM1,0.0038925493462662604
GEMIN5|25929,0.0041576421100950655
GFOD2|81577,0.0034551262877696265
GFPT2|9945,0.004306120858821062
GGTLC2|91227,0.008813101530800616
GIMAP2|26157,0.005473876435017189
GINS4|84296,0.009156941748728484
GIPC3|126326,0.003991587014884667
GIYD1;SULT1A3;GIYD2;BOLA2B;BOLA2;SULT1A4,0.012253992253869743
GJA1|2697,0.00713128364547919
GJB7,0.008165762710335473
GLA,0.00405693425149151
GLB1L|79411,0.005027473561178215
GLIPR1,0.007201229838152403
GLIS2|84662,0.0038601184960764686
GLRX2,0.0035760191055385455
GLS2,0.004363878417330719
GLTPD1,0.002835827364461093
GMEB2|26205,0.0036700803367325768
GMFB,0.004385490155197281
GNAI1|2770,0.008362035798853164
GNGT2;ABI3,0.004415696768915195
GNL3;SNORD19B,0.005458952595684513
GNS,0.0048292105501372955
GOLGA1|2800,0.0029068919006206544
GOLGA7|51125,0.004044072381043116
GOLPH3L,0.005871738835450016
GOPC|57120,0.003746986268767833
GORAB|92344,0.0046879423736509735
GPC1,0.0035997656790131313
GPC1|2817,0.004364276037285294
GPD1L|23171,0.00534016106962955
GPN2|54707,0.004462321901517906
GPR12,0.00802451341192177
GPR128,0.004945943040019766
GPR27;EIF4E3,0.004160844344363413
GPR4|2828,0.0029942706986431566
GPR68,0.0038751577625669867
GPR89B,0.002913981261387085
GPSM1|26086,0.004072149326311532
GPSM2|29899,0.006359742040291844
GPX4|2879,0.003750882778678264
GRAPL,0.0023162348398677044
GRIPAP1|56850,0.003909852482924548
GRM5,0.005699907010382515
GSDMA,0.004593487168956534
GSDMB|55876,0.008953972555251575
GSK3B,0.003789987525064068
GSTP1|2950,0.00884134817465076
GTF2IRD1,0.0036211660824979498
GTPBP4,0.002944330673403831
GXYLT1|283464,0.005238996309189822
GZMH,0.010975087305358334
H19;MIR675,0.004857324883717048
H2AFY|9555,0.003752031232974429
HABP2,0.008295337186646795
HAR1B;HAR1A,0.005974038014478466
HBXIP|10542,0.0031383727172297204
HCCA2;KRTAP5-6,0.007761685976764508
HCG4,0.005107279112814842
HDAC2|3066,0.004128222068403511
HDAC8|55869,0.004367028907584157
HDGF|3068,0.004020586978967826
HEATR7A|727957,0.005251590341900745
HEPACAM,0.007713606604760991
HERC2P2,0.004282952337527334
HERPUD1|9709,0.003434254888082735
HES1|3280,0.0031978926101707723
HESX1,0.0038438530368950052
HEXIM1,0.0036155428214850456
HGSNAT|138050,0.005207557961723147
HHIP,0.007487176291915521
HHIPL1|84439,0.003918445314077761
HIF1A,0.005483349685289837
HINT2|84681,0.0038307895986107415
HIPK2|28996,0.005043738027561748
HIST3H2BB;HIST3H2A,0.024870537277455453
HLA-A,0.006815112019095185
HLA-C|3107,0.004031674538385237
HMBOX1|79618,0.004505537214878762
HMGA1|3159,0.00454361965324146
HMGCS1,0.0039697077139854604
HNRNPA3|220988,0.003660150510535231
HNRNPF,0.0037934425537301136
HNRNPH2,0.006006042643773297
HNRPLL|92906,0.0046935121318204
HOMER1|9456,0.005530587343584951
HOOK3|84376,0.004444522316098532
HOPX|84525,0.0034474627582392545
HOXA3,0.008464276762123956
HOXA7,0.004775090190293335
HOXB6|3216,0.00857048615218647
HPS4|89781,0.0035899926892624793
HRASLS,0.005090922262591702
HSBP1|3281,0.005114942038920276
HSD17B8,0.007974226800701301
HSDL1|83693,0.004716814411310876
HSF4|3299,0.00541830141132521
HSP90AB2P|391634,0.005499263896577537
HSPA14,0.006883731429008763
HSPA6|3310,0.004096438565395714
HSPA7,0.005145086932052351
HSPBAP1;DIRC2,0.005223157314226428
HTR7P;HEBP1,0.0032223585549044143
IARS,0.0031180367758650495
ICAM5;ICAM4,0.018564426676692416
ICK|22858,0.005431072760721056
ICOSLG|23308,0.0031447515375772435
IER3;FLOT1,0.00622883126464605
IFFO2|126917,0.006001961822444185
IFT172|26160,0.003870973464826684
IFT27|11020,0.005584971637139959
IGSF3|3321,0.00439719933208162
IKZF5;ACADSB,0.0045187192219194785
IL16,0.004942875474087941
IL18|3606,0.006356258470751603
IL1F10,0.004677346375847339
IL1F9,0.005177017174001455
IL1RN,0.004277346096280417
IL22,0.0044580782048897405
IL28A,0.005047316570871316
IL28RA,0.007107675724027394
INCA1|388324,0.0037630603933362593
INF2|64423,0.004563275797722392
ING5|84289,0.0026966578424257796
INPP4A,0.002287985265119988
INPP4B|8821,0.011264731752965978
INPP5J|27124,0.008220831644961797
INPPL1|3636,0.0034426717346021972
INSIG2|51141,0.004166866019967732
INTS3|65123,0.0032385536511961442
IPO5,0.003387720994598156
IQCD|115811,0.0052474702519581355
IQUB,0.005249074429895695
IRF5|3663,0.0033580629904241205
IRGQ,0.004298001751474932
IRX3|79191,0.004126303586186079
ISG20|3669,0.003457499811716835
ITCH,0.004370809475333978
ITGA2|3673,0.006005691100896497
ITGAV,0.003949406450023766
ITGB3BP|23421,0.0030333605863547904
ITPKC|80271,0.0033557044786576952
ITPR1|3708,0.0059258335368018045
ITPRIPL2|162073,0.004466488643496412
IVD|3712,0.003522100539141569
IWS1|55677,0.004623823019701171
JRK|8629,0.003916742572848465
KARS,0.003859364873520498
KATNB1|10300,0.0037682182425480184
KBTBD11|9920,0.004302757348516995
KCMF1|56888,0.0028132366386158444
KCNC1,0.004236236778165496
KCND1,0.0040884662196218205
KCNE2,0.004842010444630249
KCNH4,0.004130941540069899
KCNJ10,0.007221376653842907
KCNJ3,0.004981645035454941
KCNQ1|3784,0.004701247497707403
KCNQ3,0.008971959142877215
KCTD11;ACAP1,0.008982210195543882
KCTD11|147040,0.0043710912088495025
KCTD15|79047,0.004728831279083515
KCTD17|79734,0.003979432221850908
KCTD19,0.00989186988632794
KHK,0.0038785880838907334
KHNYN;CBLN3,0.009769242762390537
KIAA0040|9674,0.005567975818498982
KIAA0141|9812,0.0024555737131104136
KIAA0146|23514,0.0032431105791522336
KIAA0226|9711,0.0037856148436891226
KIAA0232|9778,0.004611748224633825
KIAA0319L,0.004290647986078397
KIAA0368|23392,0.0038251665199402936
KIAA0652,0.005806837621189578
KIAA0753|9851,0.004680329749371312
KIAA1257,0.005112001803612317
KIAA1370|56204,0.005805458820681552
KIAA1632,0.003094027820598177
KIAA1704|55425,0.002906416497413267
KIFAP3|22920,0.002682134903935263
KLC1|3831,0.005375046556602786
KLC2;RAB1B,0.015906365410025956
KLF1,0.004150409128065617
KLHDC2|23588,0.004761553620035103
KLHL15,0.003598543785146063
KLHL29,0.006103780073416217
KLHL5,0.004239910720338299
KLHL9|55958,0.0036077666414771363
KLK8,0.007869189015035262
KLRAQ1,0.0035273237757572893
KRAS|3845,0.0030126640770360277
KRBA1|84626,0.005006865745947402
KRBA2,0.004673680034574397
KRT33A,0.0034240253870299244
KRT40,0.0069433271087792
KRT86,0.0032852393863128677
KRTAP10-8;C21orf29,0.009566888610163395
KRTAP17-1,0.0056034731106383365
KRTAP19-4,0.004898912570740456
KRTCAP2;TRIM46,0.004947079947554868
L3MBTL4|91133,0.01198124111891239
LAMB1|3912,0.0054412459586243595
LAMB4,0.004965082058985726
LAMP1,0.004065052879958101
LAMP2|3920,0.004024327289818397
LASS2|29956,0.004013371093483568
LBH,0.004563272016544979
LBX2;LOC151534,0.028494578266419456
LCAT,0.0037560133360974527
LCE2C,0.012164768619314384
LCMT2|9836,0.004760684247205174
LCN2,0.004272109932771207
LCORL|254251,0.0035964927156278623
LDHB|3945,0.00784782048081464
LDLRAD2;HSPG2,0.004805692758999723
LEFTY1,0.0035703578526661145
LEMD3|23592,0.0036952175560197873
LEPREL1|55214,0.011076898389080454
LEPREL2,0.00292306338218122
LGSN,0.013177692775925048
LHFP,0.004805572360111552
LHFP|10186,0.007217102941622982
LIMA1|51474,0.005517981621926972
LIMD1|8994,0.004645091664806258
LIN28B,0.00749936485985417
LIN54,0.002871036301387377
LIN7C,0.006463100953738013
LITAF|9516,0.004312853357162777
LLPH|84298,0.0037852208347695896
LMCD1|29995,0.005373886289524725
LMX1B|4010,0.00725746520312353
LOC100128542,0.006820759897310241
LOC100129034;PSMB7,0.002774482363880726
LOC100129387|100129387,0.004398136272853903
LOC100130015|100130015,0.004123635195228197
LOC100130776|100130776,0.005318551510532077
LOC100133331,0.004185009473662743
LOC100134317,0.007815112253042345
LOC100192378;ZFHX4,0.015577029736352822
LOC100240726,0.007213870767456299
LOC100286844;BCDIN3D,0.0031730369230063902
LOC143666|143666,0.00487876789731445
LOC145783;TCF12,0.005178066726973943
LOC146481,0.009147312923778225
LOC146880|146880,0.003766008969650972
LOC149837|149837,0.0064184328418396535
LOC158376|158376,0.007719799743671444
LOC162632;LOC100129396,0.004593373107464184
LOC25845|25845,0.0033751572013501307
LOC284688,0.010280687551490721
LOC284749,0.009029705848667288
LOC285733,0.005502163397341971
LOC285780,0.007765884028010936
LOC286002;SLC26A4,0.0067332325937710345
LOC286016,0.0038900631495882715
LOC286367|286367,0.007091875739312437
LOC339047|339047,0.0034678524159666053
LOC388955,0.0041811324095810355
LOC400043,0.007277343605367227
LOC400657|400657,0.0030642751109235798
LOC401127,0.003716918211591851
LOC401588;ZNF674,0.003845672450220417
LOC441294,0.004404191579199365
LOC442459,0.005867662932612819
LOC493754|493754,0.004712303423060097
LOC644936|644936,0.0044311938403479734
LOC645166|645166,0.0038932474875169013
LOC645332,0.0035375865229243498
LOC645752,0.0046325105666817495
LOC646405,0.005533178306262924
LOC646498,0.0044296255785888534
LOC647309,0.005606420078740927
LOC649330|649330,0.0036822520058074843
LOC651250|651250,0.004049868229063912
LOC678655|678655,0.0038013919869014623
LOC723972|723972,0.004767254648761449
LOC727677,0.02744668766314412
LOC729082|729082,0.004213668177221935
LOC729121;RGPD4,0.0025999422124190607
LOC729467,0.0035845444008900658
LOC729678|729678,0.0038497663568969457
LOC730101,0.00446824321108809
LOC730101|730101,0.005238267633111219
LOC731789,0.0036691459777421723
LOC91316;RGL4,0.005351732310838702
LOH12CR2;LOH12CR1,0.01664799587400084
LOXL1,0.0037033795695878002
LPHN1|22859,0.005425285076494859
LPIN1|23175,0.007149367716384187
LPPR4,0.007940548987379349
LRBA;MAB21L2,0.004668513032060879
LRIG1|26018,0.006019565675315721
LRIG3,0.0037590645710240877
LRRC10,0.0033962419546435213
LRRC18;WDFY4,0.004524974201423145
LRRC20|55222,0.0039049334248021034
LRRC3,0.005858851799432692
LRRC36;KCTD19,0.010426255551630396
LRRC37A3,0.0025030941390471375
LRRC57|255252,0.0029395776124127564
LRRC7,0.0056037220298571265
LRRC70;IPO11,0.003778986109860727
LRRN1|57633,0.01573392297854167
LRRN2,0.0036669699696053213
LSM11,0.0038603291967402847
LSM5|23658,0.0030479165248771343
LSM6,0.0027043551638142476
LTBP1|4052,0.003618197564357227
LTBP4|8425,0.005406905750564848
LY6E,0.017828763377202024
LY6E;LOC100133669,0.004301497891741229
LYPD2,0.006533608823113754
LYRM4|57128,0.003620671049647025
LYRM5|144363,0.0030947792700834957
M6PR;PHC1,0.007019411011612775
MAGED1,0.003720577830110272
MAGEF1,0.0036311784456703787
MAK16|84549,0.004361345220561068
MAML3,0.0032010317088170238
MAMSTR|284358,0.0034082827255780684
MAP1LC3A,0.004774070552699178
MAP3K4|4216,0.0035040788475563084
MAPK1IP1L|93487,0.0028726717242066554
MAPK8,0.0038986291564057723
MAPK8IP1,0.005350805321381621
MAPKAPK3|7867,0.003459643771453429
MARCH6|10299,0.004893388573065979
MARS2,0.003848735259829407
MASTL,0.0052443245194328985
MAT2A|4144,0.003373296409274695
MBD1|4152,0.0046341990002147495
MBL1P,0.005852825104132919
MBNL3,0.004671385297106566
MBTD1|54799,0.0048316370931517525
MBTPS1,0.004384598731041028
MBTPS1|8720,0.0038038358733452488
MCCD1,0.004802088495370273
MCM6|4175,0.003995803007807554
MDK|4192,0.004554807956195929
MDM4,0.0033035199990653252
MED19|219541,0.0032529446077705104
MED24;SNORD124,0.006274957667299842
MED4,0.006180004435110007
MED6|10001,0.003413504393283556
MEF2C,0.0037709726099315875
MEIG1,0.003649158990746683
MESDC1,0.00481662933135036
MESDC1|59274,0.004661208684950401
METT10D,0.0033665522415543244
METT10D|79066,0.00372025016742906
MEX3C|51320,0.003831642713380925
MFGE8|4240,0.00781526635317913
MFN2|9927,0.005109274539122245
MFNG,0.005699895059379995
MFSD11|79157,0.004835270074979917
MFSD6|54842,0.004263802538913373
MFSD7,0.005106252550682698
MGAT4B;MIR1229,0.003646315842234219
MGC12982|84793,0.0030178355911406668
MGC23270|196872,0.0044746322085653795
MGC2889;HRASLS,0.004501316501757615
MGC57346|401884,0.0028362783372222894
MICALL1|85377,0.00505107764983017
MICA|4276,0.0027430749660037244
MIER2|54531,0.00410137512712818
MIOX,0.007952167066785011
MIR126;EGFL7,0.005684897120981941
MIR1304;SNORA8;SNORD5;SNORA18,0.012714718731425403
MIR136;RTL1,0.005409593280424109
MIR192,0.0038218979884169528
MIR195,0.024681056527293015
MIR1973,0.003768974662051253
MIR2114,0.006686178406542124
MIR410;MIR656,0.010197634230299495
MIR450A1;MIR450B;MIR542;MIR450A2,0.004653392506671951
MIR509-3;MIR509-1;MIR509-2,0.009930062109115458
MIR518B,0.004177735491428871
MIR548H4;TMEM84,0.005758768564476758
MIR675;H19,0.007140951871849869
MIR98;HUWE1;MIRLET7F2,0.004953431908471108
MIS12,0.009040782014559472
MKS1,0.003968286040840907
MLF1,0.004186783478801534
MLLT3|4300,0.005125235148190086
MMP11|4320,0.02275486701068843
MMP12,0.007180317533866672
MMP15|4324,0.0056152376067616
MOBKL2A|126308,0.00445080076399946
MOCS1,0.003919326226895608
MORF4L1|10933,0.004293694911967867
MPEG1,0.006880503876604905
MPP1|4354,0.005441485587733275
MPPED2,0.0035992176758153187
MREG|55686,0.006380795197318231
MRI1|84245,0.0030978688441267313
MRM1,0.0027463856986199133
MRPL17,0.00400550706268793
MRPL4,0.004691267004546939
MRPL43|84545,0.004009116494352048
MRPL45,0.004492565340702115
MRPS12;SARS2,0.003041153895890022
MRPS24,0.003789986607934752
MRPS27,0.0035247336756403405
MRPS28|28957,0.0032964811452106044
MRPS30,0.003636319002153126
MRPS31|10240,0.004603656172321451
MS4A6A,0.011055465741711873
MTA1|9112,0.004089123464055909
MTCP1NB|100272147,0.003935523950129669
MTCP1|4515,0.0037986589710659177
MTHFD2|10797,0.004139617446457148
MTM1|4534,0.003920517295111574
MTMR11;SF3B4,0.0049766404203323575
MTMR11|10903,0.004941088161109396
MTMR4|9110,0.0029251791201482706
MTNR1B,0.008269114792634348
MTR,0.003668931698439101
MTR|4548,0.004127168039326901
MTVR2,0.004964062516302024
MUTYH,0.007202928345096348
MUT|4594,0.0037418381932946033
MX2,0.004041484225780026
MYB|4602,0.012388722253038843
MYCBPAP,0.007914560652363989
MYCL1|4610,0.006918789037555385
MYCT1,0.007055989626484971
MYH14|79784,0.005912425171441896
MYH9|4627,0.0036124273036103097
MYO1D|4642,0.004016136058854992
MYO5B|4645,0.006516095520150519
MYO9A,0.0040530402336577094
MYO9B,0.0036762024286061392
NAA40|79829,0.003695115522401599
NAAA|27163,0.005530274477175717
NAALAD2,0.007638407785238407
NAP1L1|4673,0.003949863140708975
NAP1L6,0.017560934889347065
NAPB|63908,0.0038688274506072655
NARS|4677,0.0030192950925624603
NBPF3,0.004084188722448158
NCAPD2|9918,0.0050629026157350205
NCAPH,0.003429940360880594
NCAPH2,0.004008112274385009
NCK2,0.0031644369801620696
NCL;SNORA75,0.003326831011100363
NCOA4,0.005280991705551039
NCOR2|9612,0.0034818588796653085
NCRNA00113,0.005216366494086584
NCRNA00115|79854,0.004002737452995607
NCRNA00159,0.00571365490392013
NCRNA00161,0.005213406985987068
NCRNA00169,0.004299413254763082
NCRNA00182;MIR374B;MIR421,0.007198883408987896
NCRNA00207,0.005071398203084909
NDC80;METTL4,0.004669684852730495
NDNL2|56160,0.0030490354827586537
NDRG2|57447,0.007104588236008766
NDUFA10|4705,0.00379786507791079
NDUFA13;TSSK6,0.004723020650602297
NDUFA6|4700,0.0027767622713928694
NDUFAF4|29078,0.004001656840298894
NDUFB5|4711,0.005593029436642437
NDUFS7,0.0036250641522053116
NECAB3;C20orf144,0.003254151634828172
NEDD8|4738,0.00443968380315703
NEIL2|252969,0.005084047676015511
NEK2,0.004100644775149179
NEK9|91754,0.002795726053348013
NENF|29937,0.004852449442232302
NETO2,0.004518686587847683
NEURL3,0.004369991803547845
NFASC|23114,0.006585464216330557
NFATC2IP|84901,0.004848048733045887
NFE2L2,0.0032072832830986344
NFKB1|4790,0.0030182733699999926
NFKBIE,0.005577330671859013
NFRKB,0.0023899597891596596
NIPAL3|57185,0.0035279234772355485
NIT2,0.005071415449526863
NKX6-3,0.006552971271900407
NLGN2|57555,0.005568913245749614
NME2P1|283458,0.0042392268851932985
NME4,0.00422978287830773
NME6|10201,0.003305997827255502
NME7,0.0038422869105157647
NMNAT1|64802,0.0027742327448948027
NNT|23530,0.0036673777806360323
NOL6|65083,0.0037601205263380548
NOL9|79707,0.003509105185191252
NOLC1,0.004465330491650429
NOM1|64434,0.002978744466552447
NOMO3|408050,0.0036253711333989625
NOTCH2NL|388677,0.004228853360183169
NOTCH3|4854,0.003559794745066403
NPHP1,0.004847628434930543
NPRL3|8131,0.002828312800228271
NPTN,0.003185382083460995
NQO1,0.0037823080904282524
NR1I2,0.004197641219811983
NRIP3|56675,0.010515840788290796
NRP2|8828,0.0033026209135983064
NSUN2,0.003503501616985496
NT5C3|51251,0.003867418565500552
NT5DC1|221294,0.004100795844299613
NT5DC2;LOC440957,0.005296334313285384
NTRK2|4915,0.021271084289393154
NUDT12|83594,0.006180608629407428
NUFIP1|26747,0.00341047213434468
NUP133|55746,0.003867933983339578
NUP188|23511,0.0031914021774287825
NUP43|348995,0.00420293206754373
NUP93|9688,0.0035285829186308326
NUPL1|9818,0.0038712173212749625
NXF1;TMEM223,0.004161564485514488
NXT2,0.004217107364466206
OAZ3;MRPL9,0.0028896520660560056
OBFC1,0.0035792742384350216
ODZ1,0.004246498852519815
ODZ3,0.006675009980652258
OGFRL1,0.003313791781323408
OLFM4,0.005938733974249786
OPA3|80207,0.004643279868565156
OPHN1|4983,0.0055330256905706645
OR10G9,0.0055738172103656745
OR13C4,0.012386904548180108
OR1I1,0.005420024614820065
OR2C1,0.013893551498436208
OR52A5,0.006359453926929972
OR7E37P,0.008139216217634394
OR8B12,0.010265197664291017
OR8H1,0.003697484566384405
OR8U8;OR5AR1,0.0158306442396558
OSBPL6|114880,0.006997334553901221
OSGEPL1,0.00479008310703595
OSR2|116039,0.008065353625260719
OSTF1|26578,0.0050417711308847965
OSTN,0.009254833666067766
OSTalpha|200931,0.007547406111610345
OTUB1,0.004304673808886968
OXA1L|5018,0.0035658994140687263
OXNAD1|92106,0.004535905974042318
OXSR1,0.004176361046691242
P2RX7,0.006449539504648869
P4HA2|8974,0.0036821713543724478
P4HTM|54681,0.0049947075100139435
PACSIN2|11252,0.0038352957443402464
PAFAH1B3|5050,0.006801504193990202
PAK1|5058,0.0059409134796064925
PALM3,0.005885007093437802
PANK2;MIR103-2,0.005220386218131871
PAPD5|64282,0.0032697381685084068
PAPPA,0.005317093582847267
PAR-SN;SNORD107,0.002989537782181702
PARD6B|84612,0.00981287181101322
PARG|8505,0.005245995025813357
PARP9,0.0063622569920986465
PCBD1|5092,0.003456834100515002
PCBD2|84105,0.0036654362198852816
PCBP1|5093,0.004091252017426162
PCDHA6;PCDHA2;PCDHA1;PCDHA9;PCDHA7;PCDHA5;PCDHA10;PCDHA3;PCDHA4;PCDHA8,0.008261549803011966
PCDHB14,0.008282515027684435
PCDHB16|57717,0.005350792570680796
PCDHB2,0.010715112882040887
PCDHB3|56132,0.0035340065455370584
PCDHB9,0.005685132124968885
PCDHGA4;PCDHGA12;PCDHGA11;PCDHGA9;PCDHGA1;PCDHGB1;PCDHGB6;PCDHGB3;PCDHGB7;PCDHGA6;PCDHGA8;PCDHGA10;PCDHGA5;PCDHGB4;PCDHGA3;PCDHGA2;PCDHGB2;PCDHGA7;PCDHGB5,0.0069967459556502755
PCDHGA4;PCDHGA6;PCDHGA9;PCDHGA1;PCDHGA8;PCDHGA5;PCDHGB1;PCDHGB4;PCDHGA3;PCDHGA10;PCDHGA2;PCDHGB6;PCDHGA7;PCDHGB2;PCDHGB5;PCDHGB3,0.018001468561133264
PCMTD2,0.004270961785746787
PCNA|5111,0.005248105426369896
PCNP|57092,0.003427896242406881
PCNXL2,0.0037941950872020557
PCOLCE;FBXO24,0.0034948302097148635
PCYOX1,0.0039049914738929813
PCYT2|5833,0.004469751189718506
PDCD4,0.003886613003846397
PDCL|5082,0.004131497029911202
PDE6D|5147,0.003747618381778116
PDE6H,0.004716959023056671
PDGFA,0.004306865745402025
PDLIM7|9260,0.008134011261152192
PDP1|54704,0.005297493889848576
PDZD3,0.004148831788090833
PDZD7;SFXN3,0.0030393743738855892
PEG10,0.003899929274737739
PEX3|8504,0.004772624356836475
PFAS|5198,0.004478426058821691
PGAM4|441531,0.005467265109277013
PGAM5,0.004191263844832545
PGAP3;ERBB2,0.004263333147649982
PGM2|55276,0.003743301644704885
PGPEP1|54858,0.005091385679872351
PHF15|23338,0.005355021807375396
PHF21A|51317,0.0034132386589277646
PHF3|23469,0.003516898611303684
PHGDH|26227,0.013204637214470592
PHPT1,0.003223892253056521
PHRF1|57661,0.004235146344562792
PHTF2,0.005198572792998479
PIF1|80119,0.011436566351840548
PIGU,0.004090971469015757
PIGZ|80235,0.004524322113892956
PIK3C3|5289,0.0037933363061092643
PITPNC1,0.0036752226325155787
PITPNM1,0.0036471836452722614
PITPNM1|9600,0.0038042038494469936
PLA2G2D,0.004105859499008899
PLA2G4C,0.008876841111832892
PLA2G7,0.004959439435677736
PLAGL2|5326,0.004736486806608597
PLAU|5328,0.0063344062843413455
PLBD1|79887,0.00400249397442823
PLCE1,0.006674144957031214
PLD5,0.005539923329452283
PLEKHA5|54477,0.0035709189796098956
PLEKHH1,0.004413299462858261
PLEKHN1;KLHL17,0.0032325151825237657
PLOD1|5351,0.004770714508405143
PLP1,0.0072037176223800885
PM20D2|135293,0.009312557547074708
PMS2L1|5379,0.003961941835607937
PMS2L5|5383,0.00361201193235527
PNLIP,0.004716400055701223
PNMA5,0.004673640572330938
PNO1|56902,0.004821013187361112
PNPLA3,0.0027041959925624775
PODXL,0.003338827806522608
PODXL2,0.004003203864546042
POFUT1|23509,0.0032972943793867725
POGZ|23126,0.004201533981798907
POLH|5429,0.003986129526148319
POLQ,0.0045107323888504145
POLR2J3;SPDYE2L;SPDYE2,0.0050452660024227465
POLR3F|10621,0.003625535271304519
POM121L8P,0.004175199561707196
POM121|9883,0.003752213558376258
POMT1|10585,0.005124027578345939
POP1|10940,0.005618584312620483
PORCN|64840,0.004715995287929592
POU2F2|5452,0.004967206248306081
POU3F3,0.021993899770877123
POU6F2,0.005123513761301253
PPBPL2,0.004393807508103297
PPCDC|60490,0.003802098493079727
PPFIA3|8541,0.005219317466747073
PPFIBP2|8495,0.0033371124219646435
PPHLN1|51535,0.0034934317072255593
PPIL1,0.004225220847680596
PPM1H,0.0030197916084560676
PPM1K,0.0037800753089921005
PPME1|51400,0.0030023262671252876
PPP1R15B|84919,0.004038525475341599
PPP2R3B|28227,0.005109166458662129
PPP2R5A|5525,0.0043364427300726874
PPYR1,0.006462370840554463
PQLC3|130814,0.004437293373387385
PRCD,0.004407685966426873
PRDM4,0.005350696950329865
PRDM9,0.01575328896755745
PRDX1,0.0038438342109487237
PREX1|57580,0.006547216067595865
PRF1,0.0058711929468668374
PRF1|5551,0.0061998510106149405
PRICKLE1,0.003943683775101084
PRICKLE2,0.006862662929118107
PRIM2,0.00381271572558527
PRKAA2|5563,0.0056525856916132605
PRKCQ,0.008699043052399326
PRKDC,0.003974511549436889
PRKRIR|5612,0.00471762977443329
PRKX|5613,0.006143054944352197
PRODH,0.002629977196049231
PRPF39|55015,0.0032432721872017282
PRPF40B|25766,0.00409952382549641
PRPSAP2|5636,0.003212839038279951
PRR12,0.003425372441935924
PRR24,0.0038766886130723677
PRRG4,0.002573997202965463
PRRT3|285368,0.00818118948936535
PRRX2|51450,0.003193689075333445
PRSS27,0.006716600782347161
PSD3,0.003409678812728188
PSMB2|5690,0.004230557785293719
PSMB6,0.0026367373846471996
PSMC1,0.003711194408486999
PSMC5;FTSJ3,0.0026956114013244967
PSMD13|5719,0.004175228940445712
PSMD4,0.004361367038174524
PSME3,0.0032843949718310184
PSME4,0.004722450206930955
PSMG1|8624,0.003128851832325276
PSMG2|56984,0.003589917454404762
PSPN,0.004126370071933307
PTCHD3,0.00416118730791524
PTHLH|5744,0.008814624502577854
PTK2B,0.005593831539689571
PTP4A3,0.0040316324765314205
PTPN12|5782,0.003159299750028953
PTPN23|25930,0.003027821493128371
PTPN3,0.003982534884811103
PURB|5814,0.004124745190851489
PUSL1,0.004233063033913314
PWWP2A,0.00483035806719731
PXDN,0.0034852670901027493
PXMP2,0.0037818742004636463
PYGL|5836,0.003992932647993113
PYGM,0.004036980461441088
QPCTL,0.005473803577845001
RAB13,0.0038711620111809165
RAB18|22931,0.0043450898756360375
RAB20|55647,0.006083498837510996
RAB35,0.0033615136142761855
RAB38,0.0035061386059553035
RAB3GAP1|22930,0.003737965168437366
RAB41;ARR3,0.00403788277766734
RAB42|115273,0.0035353566455652613
RABEP1|9135,0.003475260060438577
RABGGTB|5876,0.004561404776565943
RABL3,0.00792714542283856
RABL4,0.005035820955906081
RAD23A|5886,0.004371074190863989
RAD51C|5889,0.0031120492115101206
RAD51L3,0.0024907222145033247
RAD51L3|5892,0.004415354099604486
RAD54L2,0.0031714539618773654
RADIL|55698,0.005499768134337224
RAF1|5894,0.003367732142816175
RAG1AP1,0.003359946761294609
RAI14|26064,0.0057427148218007875
RAI2|10742,0.012696428676467796
RALBP1|10928,0.004171060648115775
RALGPS1,0.0024044471294059626
RALGPS2|55103,0.005980893843876308
RANBP10|57610,0.00422182791814148
RANBP1|5902,0.004884467803119955
RAP1A|5906,0.0037753674652142247
RAP2B,0.004709595646784167
RAPGEF3|10411,0.00847933391304529
RAPGEF5|9771,0.0038519784439864074
RASAL1,0.003917486035426249
RASGEF1B,0.003203557341075625
RASGRP1,0.004328030611018607
RASSF5,0.004055229476281778
RBAK,0.003510858015915082
RBBP8|5932,0.003915525593370753
RBP1|5947,0.005812073847488963
RBPMS,0.00448601180651884
RCE1,0.00377153073803751
RCE1|9986,0.0033565353432530474
RCSD1,0.00653463408706784
RDBP;SKIV2L;MIR1236,0.005246229487647202
RDH11|51109,0.0036063965535349084
RECQL5|9400,0.002898497838694441
RERG|85004,0.007617510115776486
REXO2,0.0028295532119759883
REXO4|57109,0.003006931070453486
RGS3|5998,0.003941063769047782
RGS4|5999,0.005854286016399299
RGS9,0.004251437997448936
RGSL1,0.002976180774177554
RHCG,0.0061003028162962
RHEBL1,0.0035942366188065388
RHOBTB3,0.0032778009214872216
RHOB|388,0.006905602272005564
RINL,0.006949310968568021
RIOK3,0.0045987184215581685
RIOK3|8780,0.0037361916362113356
RIPK2|8767,0.005514115986445378
RIPK3,0.011437195519038228
RMST,0.015249260474133762
RNASE4|6038,0.008494184641676061
RND2,0.0034476594433408363
RNF103|7844,0.003949272907695652
RNF115|27246,0.0036120019324919904
RNF130,0.00269308786365419
RNF144B|255488,0.004884486379803215
RNF160,0.003052485751742436
RNF180,0.004377005015837246
RNF20,0.002179823956802626
RNF207|388591,0.003780028263229273
RNF216,0.004813370387434818
RNF216|54476,0.003909463896701118
RNF44|22838,0.003177346532189004
RNF5;RNF5P1,0.00429354192492421
RNF5|6048,0.0032037270902350134
RNF8|9025,0.0031650060787443237
ROBO2,0.003824530712885163
RPA2|6118,0.004371689444679008
RPGRIP1L|23322,0.0037710379927534763
RPL13AP20,0.004434752170832904
RPL13AP3,0.004766227988166197
RPL17|6139,0.0034048022915213146
RPL18AP3;SNORA68;RPL18A,0.013046037238207459
RPL21P44,0.006407817865420586
RPL22L1,0.004692330024101157
RPL36,0.003814956535305902
RPL38|6169,0.004031231628091264
RPL39|6170,0.004907799982727288
RPS10P7|376693,0.004839149429743854
RPS11|6205,0.005614227847344616
RPS15AP10;GPBP1L1,0.0033451139537733045
RPS3|6188,0.004605592026062968
RPS6KA4,0.003569355279535028
RPS6KC1|26750,0.0038547412052761867
RRN3P2,0.004872370828500462
RRP7B|91695,0.005401230518574777
RSBN1L|222194,0.0029049460773980726
RSL24D1|51187,0.004555503817537215
RSRC1|51319,0.002995573954415024
RTEL1|51750,0.003719836104387206
RTKN2,0.003608646447329975
RTL1,0.0062089373065925095
RTN3|10313,0.0025535914429354947
RTN4RL1|146760,0.008252094817328158
RTP4|64108,0.0036651080322605495
RUNDC2A,0.003053576961165842
RUNDC2C|440352,0.004280749820378281
RUVBL1,0.0031293652255748525
RXRA,0.005492739093772606
S100A5;S100A6,0.004617254902217551
S1PR5|53637,0.005253637555253666
SAP130|79595,0.003216386949794178
SAPS3,0.00389001652960296
SAR1A,0.004400307337379738
SAR1A|56681,0.003394296440177402
SARM1,0.0037732175441083106
SARS,0.004339417550096904
SARS2|54938,0.005101653892317248
SCAMP2,0.003945835120959755
SCARNA10;NCAPD2,0.004233302874739052
SCCPDH|51097,0.006699481068084999
SCG2,0.005615972654197799
SCML1|6322,0.0040800401462012
SDHAP3|728609,0.004716932141882665
SDSL,0.003948536801515336
SEC16A|9919,0.0035250599217415994
SEC22A|26984,0.00533345362462228
SEC23A|10484,0.0033885386958233143
SECTM1|6398,0.004034079639561128
SELE,0.0028990263998850603
SELS,0.004125851478788879
SELS|55829,0.0035625931671590377
SEMA4A|64218,0.0040042282242968765
SEMA4D|10507,0.0033370136507728802
SEPSECS,0.003243026962497542
SEPT14,0.009925998329765527
SEPT2|4735,0.004617668794381274
SEPT6,0.004052551986812622
SERGEF|26297,0.003320542269291062
SERP1|27230,0.003246575391384254
SERTAD1|29950,0.004140503490006352
SERTAD2|9792,0.004336698063306735
SFRS12,0.004842623496251128
SFRS14|10147,0.0036379122164714828
SFRS4,0.0034316292386071083
SFT2D2|375035,0.005507422417585884
SFTPD,0.005054510921567188
SFXN5,0.0036537051011293065
SGMS2|166929,0.0035214240217356263
SGPP1|81537,0.004285745108617659
SGSM3|27352,0.003966096061866466
SH2D3A,0.003942041004528144
SH2D4A|63898,0.004441019683811475
SH3RF1,0.0037673240302531145
SHB,0.0047758559665188865
SHC4,0.005371229134992363
SHCBP1,0.0038275629068712093
SHISA2|387914,0.007024403231663659
SHOX2|6474,0.00312404241908345
SIAH2|6478,0.007144338029572703
SIGLEC15,0.004033810401185073
SIK1|150094,0.006021392372154389
SIN3B,0.004244067211079873
SIRT5|23408,0.0028525202691524728
SKINTL,0.006859907930163089
SLAIN1,0.0050414268182937885
SLAIN2|57606,0.003163654240820649
SLC13A1,0.0074390937345033175
SLC16A13|201232,0.0038608133299287695
SLC17A9|63910,0.00444828348864361
SLC19A3,0.007442523581423541
SLC1A1|6505,0.012623593037177184
SLC1A6,0.010501033303551309
SLC22A18,0.004342235024091662
SLC22A24,0.00568495017522633
SLC22A4,0.003040828742045831
SLC24A3|57419,0.004320575889898109
SLC25A10,0.003625603045309576
SLC25A22,0.0044669434964635804
SLC25A26,0.0034346849316531157
SLC25A29;MIR345,0.005228363523920552
SLC25A3;SNORA53,0.0054281342446258
SLC26A11;SGSH,0.0038071328399208034
SLC26A4;LOC286002,0.0052300732438647175
SLC29A1|2030,0.0028966737350380957
SLC2A3|6515,0.004499567242131142
SLC2A7,0.005168552217235533
SLC35D1|23169,0.003060921211281322
SLC35D2|11046,0.00434376352193774
SLC35E2,0.0025659661912034383
SLC35F2,0.0034810183699514005
SLC37A4|2542,0.0037171182562646355
SLC38A10|124565,0.0034737620552920214
SLC38A2|54407,0.004025454084714734
SLC38A4,0.006403183415874226
SLC38A9|153129,0.0048256278181354195
SLC39A7,0.0055865321852214475
SLC43A1|8501,0.003766289847276574
SLC43A3|29015,0.006676787039113026
SLC4A8|9498,0.013842942743758165
SLC6A4,0.003937716298431752
SLC7A5|8140,0.007659849970074148
SLC7A9,0.005823914025805834
SLC9A11,0.011774037476655713
SLCO1A2;IAPP,0.009963780434984096
SLIT3;MIR218-2,0.007509193370359314
SMAD7|4092,0.004743156854881131
SMAP2|64744,0.0045804414320342966
SMARCE1|6605,0.0042221309347557695
SMC1A,0.006807964028051474
SMC3|9126,0.003159693564886953
SMC5,0.0038699072599415927
SMPD3,0.004792592176403649
SNAP25,0.005162260767320421
SNAR-H,0.004316317970107198
SNAR-I,0.005763441869303947
SNHG4;MATR3,0.003367304222418665
SNHG5|387066,0.005738360708594789
SNORA10;SNORA64;RPS2,0.010104112586034435
SNORA11;MAGED2,0.005268208283951164
SNORA14B;TOMM20,0.003850562827477655
SNORA23;IPO7,0.025899857830381207
SNORA35;HTR2C,0.006653968433773968
SNORA60;SNHG11,0.010181883642913817
SNORD115-15;SNORD115-21;SNORD115-33;SNORD115-34,0.009074007459942931
SNORD115-9;SNORD115-12;SNORD115-10;SNORD115-5,0.004287148114079651
SNORD116-17;SNORD116-19;SNORD116-16,0.0037609156185041412
SNRNP200|23020,0.004409779946969002
SNRPA1|6627,0.004923367375030589
SNRPD1,0.003978260049373916
SNTA1|6640,0.0033021127223365077
SNTG2,0.006457877819863676
SNX10|29887,0.00455018049306646
SNX15|29907,0.0031671069941471884
SNX16|64089,0.004044770557862832
SNX2,0.002828861345353841
SNX22,0.005394693336370489
SNX30|401548,0.004832060777838449
SNX4|8723,0.0028635832108248995
SOCS3,0.00549939236939343
SOCS4|122809,0.0032055551942506456
SOCS6|9306,0.0036217417631052755
SORBS1|10580,0.005815822062700111
SOX10,0.012213930937882728
SP110|3431,0.004918196011022995
SPATS2L,0.0035246379333234118
SPATS2L|26010,0.0028760313903425476
SPCS2|9789,0.00491860422054884
SPDYE3,0.003171875794078398
SPEF2|79925,0.005590387587837531
SPHK1,0.004457524646292117
SPI1,0.003232486307060807
SPTLC3,0.006859256485379614
SQLE|6713,0.009954606784371448
SRA1|10011,0.003447797520946304
SRGAP1|57522,0.003767952370867437
SRGAP3|9901,0.0036094009486070285
SRI,0.0028731437311716387
SRP19,0.0036313801834458436
SRPR|6734,0.003851821339798556
SRPX,0.004998369560696703
SS18L1|26039,0.00405631977912326
SSBP3|23648,0.002618523622212514
SSX4B;SSX4,0.004827903054317665
ST20,0.004853639063304032
ST3GAL1,0.002832814513554951
ST3GAL6|10402,0.00473252076284142
ST6GAL1,0.005818410610733014
ST6GALNAC1,0.006140160718901057
STAC3,0.0038332474043738848
STAMBPL1|57559,0.004611724765191247
STARD10|10809,0.007767454665089392
STARD4|134429,0.004830803627730317
STARD6,0.004101490373566733
STK17A|9263,0.0049699902231903
STK35|140901,0.005488085839997362
STK38,0.0033110107379430154
STK39,0.0041730365362805865
STMN4,0.003412350452357324
STX2,0.002986828616137885
SUCLG2,0.003726139981286808
SULT1C4,0.009163801911746585
SUPT3H;RUNX2,0.004365059946177902
SUPT7L|9913,0.004334950403923551
SUSD3,0.005899394771713348
SUSD4,0.0037122060188916365
SUZ12P|440423,0.006332554115850238
SV2A|9900,0.005593802634428889
SYBU|55638,0.006583575776198229
SYMPK|8189,0.0048486562408024915
SYNGR1|9145,0.003967471113640727
SYT11|23208,0.003726122007245221
SYTL2|54843,0.004081489398801205
SYTL4|94121,0.006356102723860296
TAAR8,0.008169703675273681
TAB2|23118,0.0043941174350355895
TACR2,0.0038261908509505667
TADA2A|6871,0.0029417776602516364
TADA2B|93624,0.003196645551014497
TAF1;BCYRN1,0.005760271949214089
TAF1B|9014,0.0024042505742921513
TAF1C|9013,0.003656053629148663
TAGLN3,0.007446363715722115
TAS2R40,0.00889069705347506
TAS2R7,0.006675267520399086
TATDN3|128387,0.0032475340007862338
TBC1D10A|83874,0.005291425783650219
TBC1D22A|25771,0.004128194966668367
TBC1D24|57465,0.00523803618675893
TBK1,0.002995342892730066
TBL1XR1,0.0050891668764353176
TBPL1,0.005260864806813804
TBP|6908,0.004057999645841104
TBX19|9095,0.0043154125058243445
TCEAL1|9338,0.0044707579163192
TCEB2,0.003281750573377762
TCF7L1|83439,0.006381004785554159
TCF7L2,0.004033445978935168
TCFL5,0.0033394689547862847
TCFL5|10732,0.0035642693470692996
TCIRG1|10312,0.0034370508756968446
TEAD3|7005,0.003579700300057693
TECPR1|25851,0.00418328502421365
TERF2|7014,0.003521885609042069
TET3,0.0030909934475829197
TEX2|55852,0.0033231252067345883
TFG,0.0039777032024852065
TGM2,0.004150291317724685
TGM5,0.006018574444200465
TGS1,0.0036162747802314494
THAP8,0.003276163008184667
THBS3|7059,0.004767534303974573
THOC7|80145,0.0042462046778005465
TIAF1|9220,0.005699002147286505
TIGD1|200765,0.0036590498943023944
TIMM17A,0.004821697180464892
TINAGL1|64129,0.013191989989091917
TIRAP|114609,0.0037610930446181348
TK1;AFMID,0.0038356092953736845
TK1|7083,0.011239439222694957
TLE3|7090,0.003424531254813803
TLR6,0.0036749612000544466
TMBIM4|51643,0.003823238473954131
TMBIM6|7009,0.0024632415735450653
TMC4|147798,0.008905850318343154
TMCC2|9911,0.009541876396006873
TMCC3,0.003917394782867164
TMCO3;DCUN1D2,0.004154997570444949
TMCO4|255104,0.004011642044329291
TMCO6|55374,0.004673192805199801
TMEM120B,0.002932044790736098
TMEM138|51524,0.004239334417179102
TMEM144|55314,0.005036183377722489
TMEM150B,0.0028664713247828415
TMEM161A,0.003317590379477345
TMEM163|81615,0.006623527431526688
TMEM164,0.008068621804835835
TMEM167B,0.0033311487630732143
TMEM168|64418,0.003159277704824229
TMEM175,0.004630515887901706
TMEM18,0.0037995969562901353
TMEM187|8269,0.006529181119374514
TMEM206|55248,0.004245637685496345
TMEM216,0.0052950251388042035
TMEM25|84866,0.007850571816912844
TMEM30B,0.004322971549767842
TMEM39B|55116,0.004100965344151389
TMEM5|10329,0.0039835744648835485
TMEM81,0.003747332931299585
TMEM91,0.005620102095473775
TMEM98|26022,0.004152867479481262
TMIGD2,0.004648063468633791
TMPRSS11D,0.010018430868619725
TMPRSS13|84000,0.004645138941077493
TMSB4X;TMSL3,0.007574816333615618
TMTC4|84899,0.003529291491776471
TMX2|51075,0.004589937595103873
TMX3;CCDC102B,0.004078023125961946
TNFAIP3|7128,0.004343912608601605
TNFAIP8L1|126282,0.0052232083383432736
TNFRSF10B,0.0034381205192651892
TNFRSF25,0.0038874967028439955
TNFRSF6B|8771,0.0056648015950537065
TNIK|23043,0.007354277530426232
TNKS1BP1|85456,0.0043869131143025215
TP53INP1|94241,0.006921334242469811
TPD52L3,0.0037911122969175376
TPI1|7167,0.004723018288377749
TPSB2,0.00923620572977862
TRAF3IP1,0.004197810722611019
TRAPPC1|58485,0.004609494170834517
TREML2,0.0052096713124670894
TREX1,0.0039030816637981944
TRIB2|28951,0.004720569023209597
TRIM14|9830,0.0042103191448952665
TRIM22|10346,0.00298035188467818
TRIM34;TRIM78P;TRIM6-TRIM34,0.0043881021929897445
TRIM38|10475,0.004468837105801836
TRIM3|10612,0.00656908790885653
TRIM5|85363,0.004027555856795026
TRIM6,0.005865976333464926
TRIM63,0.003815398842794547
TRIM66,0.0033825714754333464
TRIM73;TRIM74,0.0044076935938425574
TRIM9|114088,0.007498381265236326
TRMT5|57570,0.004473559449974199
TRNAU1AP|54952,0.0028250079328310963
TRNT1|51095,0.00428288240708866
TROAP,0.0041945961509458635
TRPA1,0.008545856704472101
TRPC4,0.004682170227895527
TRPC5,0.005258954854710103
TSC1,0.003999946285623885
TSNAX-DISC1;DISC1;DISC2,0.014076458830520219
TSPAN1,0.005383910156992138
TSPAN12|23554,0.0043634961516731035
TSPAN4;POLR2L,0.004069555477667361
TSSK2,0.004075866653957578
TSTD1;USF1,0.0035922498169775117
TTC27|55622,0.002956995799688062
TUBA1A,0.0028769637146207295
TUBA1A|7846,0.004291953778972553
TUBB|203068,0.004585896529100569
TUBGCP5|114791,0.0025332133075763796
TYW1|55253,0.002751389658232585
UAP1L1|91373,0.0037034105368465796
UAP1|6675,0.004405632662840438
UBA2,0.002803847311034558
UBAC2|337867,0.003416861292787136
UBE2B,0.002863166766518995
UBE2MP1,0.0034451776665506573
UBE3C|9690,0.0032784681230853714
UBE4B|10277,0.004597552371994202
UBL7|84993,0.002814699293941616
UBLCP1|134510,0.0034564414890340916
UBR5|51366,0.00489590842037223
UBTD2|92181,0.0038077991746793285
UBXN6,0.003551778614332532
UCA1,0.007557945551571471
UGGT1|56886,0.002963373772794095
UMODL1;C21orf128,0.006345672608544406
UNC119|9094,0.003273213184159008
UNC13B|10497,0.003101625159735786
UNK,0.0028256005632782168
UPF1|5976,0.004429055366486674
UPK2,0.004378387908914287
UQCRC1|7384,0.004487564839862334
UQCRC2|7385,0.0047484857944539985
URM1|81605,0.0032923635396000725
UROC1,0.004121118940453094
UROS,0.004810288157313598
USP11|8237,0.005044253944655256
USP14,0.0036426060373427704
USP2,0.00446907042608875
USP28|57646,0.00458457424214737
USP51|158880,0.005041205254726975
USPL1|10208,0.0035219830815511046
UTP20,0.005703441515926378
UTP20|27340,0.0038214686587601026
UTS2D;CCDC50,0.016819697243682735
VANGL2,0.004600675730075581
VAV1,0.0038521039350595666
VCX2,0.00468180285245147
VENTXP7,0.006302499936621677
VEPH1,0.004865942626906986
VGLL3,0.005608297165492564
VIPR1|7433,0.005409099556823184
VKORC1L1,0.003977237983742443
VNN3,0.003759561091551474
VPS13A|23230,0.0050211801678774915
VPS28;NFKBIL2,0.012366375287800364
VPS37A|137492,0.004999352518561793
VPS39|23339,0.005555484092754297
VPS41,0.005829480676276014
VSIG10|54621,0.004053828253448459
VTI1A,0.0038738711444713516
VWF,0.003734497817299197
WBP11P1|441818,0.005247487035567849
WDR19|57728,0.00391752437665257
WDR5,0.004551977072651292
WDR53,0.00395110083460075
WDR67|93594,0.006975701676144446
WDR77,0.006407415317530654
WFS1|7466,0.005273172013197615
WIPI2|26100,0.003650680366713752
WISP3,0.010989088006976734
WNT3,0.006385075163408939
WRB,0.0042328796139768365
WWP1|11059,0.004412533197927664
XPO4,0.003259790966873898
XPO5|57510,0.0034122179035654746
XYLT1|64131,0.0026075165512096216
YARS|8565,0.003319786534921686
YBX2,0.0030699438623940766
YEATS2|55689,0.004663673790156845
YIPF2;C19orf52,0.003942331345655853
YIPF3|25844,0.003714354562496897
YIPF5|81555,0.002976093448786269
YY1|7528,0.0040063965269874265
ZACN,0.009397084781411703
ZAK,0.00416375861527578
ZAN,0.006717609322361253
ZBED1|9189,0.003686228558780175
ZBED3,0.008481862807370786
ZBTB10|65986,0.005204533088559681
ZBTB2|57621,0.0037045893790086802
ZBTB42|100128927,0.007022109968202279
ZBTB44|29068,0.003331541160810335
ZBTB4|57659,0.004087789247385564
ZC3HAV1L,0.003604856019886661
ZC4H2,0.006875635579629053
ZCCHC12,0.004019979517106146
ZCCHC17|51538,0.0032705715401037815
ZCWPW2,0.007267262480645841
ZDHHC13,0.0031398024806659577
ZDHHC14,0.0034089569527756504
ZDHHC4|55146,0.0036173287251573616
ZFAND2A,0.0043674278479382215
ZFAND2B|130617,0.0038197842769488004
ZFAT|57623,0.003505391905146405
ZFP112|7771,0.004686146432327716
ZFP161,0.003732049825839319
ZFP161|7541,0.0031076006087497406
ZFP1|162239,0.004292224806138518
ZFP28,0.007098678544811339
ZFP30|22835,0.003965206077884614
ZFP36,0.003625027383191453
ZFYVE21;XRCC3,0.0041627217484898815
ZHX3,0.00356770241242349
ZIC4;ZIC1,0.03136691803188884
ZKSCAN3,0.003295227754707839
ZMAT3|64393,0.0052815952960235165
ZMPSTE24,0.004213184661509591
ZMYND8;LOC100131496,0.009468448744194561
ZNF12|7559,0.005118401456308179
ZNF135|7694,0.004896305506020634
ZNF137|7696,0.00418078575880902
ZNF143|7702,0.004077251143692485
ZNF155|7711,0.004285119350900772
ZNF197|10168,0.004972163804754784
ZNF238|10472,0.012941027688509429
ZNF266|10781,0.0032086104664633486
ZNF268|10795,0.0030062107035430862
ZNF276;FANCA,0.004549468640749092
ZNF285A,0.0034163730008771776
ZNF286B;FOXO3B,0.00364084015842555
ZNF321|399669,0.004049534818385531
ZNF322A|79692,0.004855329056460034
ZNF33B|7582,0.004559347465038484
ZNF347|84671,0.004072955427852831
ZNF354A|6940,0.003673235058239188
ZNF383|163087,0.004237933387034058
ZNF384|171017,0.003986601616941043
ZNF396|252884,0.007657738977249182
ZNF418,0.0052055066801132265
ZNF423,0.007139708603864366
ZNF45,0.004108801118675903
ZNF451,0.0037777382898425624
ZNF467,0.004322925590227715
ZNF467|168544,0.006300570543731123
ZNF469,0.004056165392948931
ZNF470|388566,0.0046751962129430585
ZNF490,0.004173568418968877
ZNF492,0.023262544467588266
ZNF496|84838,0.002453574021877567
ZNF517|340385,0.0038106065102359275
ZNF529;ZNF382,0.01464871730008666
ZNF574|64763,0.0041439957242156
ZNF576,0.01033499526138657
ZNF576|79177,0.004614763954167462
ZNF577,0.011421833331278317
ZNF580,0.003017206232422696
ZNF584|201514,0.003687842067700499
ZNF616|90317,0.00371956706442959
ZNF627,0.004230504379855057
ZNF682|91120,0.004522060728549357
ZNF703|80139,0.00865656655928392
ZNF710|374655,0.004643602118078097
ZNF718|255403,0.00477402616939307
ZNF746|155061,0.0032229681751099453
ZNF750|79755,0.00906454062639677
ZNF763|284390,0.005889732585679637
ZNF76|7629,0.0027838597905266854
ZNF788|388507,0.004630390821858732
ZNF804B;MGC26647,0.0057925776973141024
ZNF84,0.0036581712871997987
ZNF878,0.005102709443656126
ZNF90,0.009873050849304824
ZNHIT6|54680,0.004273660965273438
ZNRD1,0.00504344095653172
ZNRF1,0.004240501898789849
ZNRF3|84133,0.0040053046739964
ZRANB3|84083,0.003849342301815489
ZSCAN5A,0.003675567366315812
ZSWIM4,0.0033386043534619648
ZSWIM7|125150,0.003917364335451692
ZXDA,0.0031721482228485166
hsa-let-7c,0.02902630404883231
hsa-let-7d,0.05880003001809239
hsa-let-7e,0.021956034716492934
hsa-let-7f-1,0.037971396832929175
hsa-let-7g,0.010256142179925262
hsa-mir-1-2,0.007010954322249388
hsa-mir-101-1,0.06456994461010894
hsa-mir-101-2,0.09091099457281947
hsa-mir-103-2,0.018296425783739644
hsa-mir-106a,0.011761522493436968
hsa-mir-107,0.007549236791989868
hsa-mir-1180,0.010226086557344222
hsa-mir-1228,0.024414114866748167
hsa-mir-1229,0.028713223016413686
hsa-mir-1245,0.050162229146654885
hsa-mir-1247,0.016432242000466182
hsa-mir-1249,0.02118931198626439
hsa-mir-126,0.026832678177443083
hsa-mir-1266,0.02004407166656437
hsa-mir-127,0.006981527634640471
hsa-mir-1270-2,0.0291452342486367
hsa-mir-1274b,0.023122524670538054
hsa-mir-1277,0.026243231245506093
hsa-mir-128-1,0.006432587510574291
hsa-mir-128-2,0.0055529649337879225
hsa-mir-1287,0.010603832914039622
hsa-mir-129-1,0.005980131994823316
hsa-mir-129-2,0.006551698529097233
hsa-mir-1291,0.013514154660269864
hsa-mir-1292,0.020201572297667707
hsa-mir-1301,0.028176203308665233
hsa-mir-1306,0.0420870362335726
hsa-mir-130a,0.011742552094383898
hsa-mir-130b,0.06868824461325017
hsa-mir-132,0.0327053640998008
hsa-mir-133a-1,0.005813640487799467
hsa-mir-134,0.014721111904509759
hsa-mir-135a-1,0.01086819090875951
hsa-mir-136,0.004837294732731218
hsa-mir-142,0.026493790928402955
hsa-mir-144,0.003388963201315303
hsa-mir-1468,0.01743964502807458
hsa-mir-146a,0.027985059766784528
hsa-mir-146b,0.02132565742341026
hsa-mir-147b,0.012193805538055706
hsa-mir-148a,0.035325439141652315
hsa-mir-150,0.0341317308327193
hsa-mir-151,0.030564017090358202
hsa-mir-152,0.049851514425802004
hsa-mir-153-1,0.03040129941697446
hsa-mir-153-2,0.009423064327689345
hsa-mir-154,0.006309953150131357
hsa-mir-15a,0.021962919733173554
hsa-mir-15b,0.06570303786446798
hsa-mir-16-1,0.006940993741229577
hsa-mir-16-2,0.005390855033331278
hsa-mir-181a-1,0.005182718632391075
hsa-mir-181c,0.00967907464957581
hsa-mir-181d,0.00897432406053461
hsa-mir-184,0.007507199580565881
hsa-mir-185,0.018868984920850207
hsa-mir-193b,0.05650364925476459
hsa-mir-194-1,0.017725669113897304
hsa-mir-194-2,0.01683575419057626
hsa-mir-196a-1,0.03684644286322335
hsa-mir-196a-2,0.020600166293944854
hsa-mir-196b,0.07042228031957379
hsa-mir-1976,0.021540270044673217
hsa-mir-199a-1,0.032282995627131744
hsa-mir-199a-2,0.025564171935718468
hsa-mir-199b,0.021844218917588358
hsa-mir-19b-1,0.02231184948621693
hsa-mir-19b-2,0.030877790027055846
hsa-mir-200b,0.04618827432771537
hsa-mir-203,0.006332735765138988
hsa-mir-204,0.02080367756444978
hsa-mir-20b,0.0053200505337770015
hsa-mir-2110,0.02502772410505038
hsa-mir-214,0.041802927607141695
hsa-mir-215,0.011763212565806896
hsa-mir-217,0.013533272154911846
hsa-mir-218-2,0.01867441173053945
hsa-mir-219-1,0.03245140939449703
hsa-mir-22,0.031344633033760276
hsa-mir-221,0.0190353156924442
hsa-mir-223,0.03847502991086306
hsa-mir-2277,0.025665321241807253
hsa-mir-2355,0.03377784669423747
hsa-mir-23a,0.014277059474635926
hsa-mir-23b,0.02203278126196305
hsa-mir-24-1,0.010526383140489884
hsa-mir-25,0.005642104372514018
hsa-mir-26a-1,0.041003976530997
hsa-mir-26a-2,0.05129563498078062
hsa-mir-27b,0.015761103530679416
hsa-mir-28,0.0703298381108929
hsa-mir-296,0.039047953989053766
hsa-mir-29a,0.027068778813032317
hsa-mir-29b-1,0.03138345520135587
hsa-mir-29c,0.10281707915843055
hsa-mir-3065,0.020511986792031405
hsa-mir-3074,0.09224214804688335
hsa-mir-30b,0.02828802516538754
hsa-mir-30c-1,0.02418206919990854
hsa-mir-30c-2,0.09863974159948616
hsa-mir-30d,0.017923921026445026
hsa-mir-3127,0.02748260732243854
hsa-mir-3129,0.016278280591495047
hsa-mir-3130-1,0.027047083833724186
hsa-mir-3150b,0.027714496966409236
hsa-mir-3173,0.02778118034351759
hsa-mir-32,0.029577574434895625
hsa-mir-320b-2,0.012884346410410192
hsa-mir-320d-1,0.03429252832731339
hsa-mir-320d-2,0.02068686893297715
hsa-mir-323,0.010344521443514542
hsa-mir-323b,0.007751494956108844
hsa-mir-326,0.04894013891885814
hsa-mir-328,0.06499067203593925
hsa-mir-330,0.028627794077889103
hsa-mir-335,0.008297112491181298
hsa-mir-337,0.017855597028123085
hsa-mir-338,0.0072889264868101055
hsa-mir-339,0.03176765470926921
hsa-mir-33a,0.010292437198529182
hsa-mir-33b,0.01186211646084146
hsa-mir-340,0.014255827422697261
hsa-mir-342,0.12106926032866021
hsa-mir-345,0.056487546368589256
hsa-mir-34a,0.016769045830653306
hsa-mir-34b,0.022584008895635728
hsa-mir-34c,0.01619230477378974
hsa-mir-3605,0.05173081147345211
hsa-mir-3607,0.06395731094153619
hsa-mir-361,0.02123721895538058
hsa-mir-3610,0.047723950949572665
hsa-mir-3613,0.02697916421326435
hsa-mir-3614,0.005555725252745935
hsa-mir-3615,0.007647042080352036
hsa-mir-363,0.012051279827577067
hsa-mir-3647,0.032813525237554916
hsa-mir-3648,0.007477387629054812
hsa-mir-365-1,0.04264860713845179
hsa-mir-365-2,0.03445992750440719
hsa-mir-3651,0.02510701808596224
hsa-mir-3653,0.027511430344378907
hsa-mir-3676,0.01468202618700417
hsa-mir-3677,0.06356600255819733
hsa-mir-3678,0.0314988250310915
hsa-mir-3682,0.05427704157223666
hsa-mir-3687,0.027809556307123035
hsa-mir-369,0.005660737530531922
hsa-mir-3690,0.069919984472264
hsa-mir-370,0.004433483787145341
hsa-mir-374a,0.023698335123214693
hsa-mir-374b,0.03292558386413147
hsa-mir-376a-1,0.003321855747097865
hsa-mir-376b,0.007478151867106136
hsa-mir-376c,0.006298440564626634
hsa-mir-379,0.008201862795995501
hsa-mir-380,0.003655379664752251
hsa-mir-382,0.006463331402375727
hsa-mir-3909,0.028522690324385827
hsa-mir-3912,0.04142055014872849
hsa-mir-3913-1,0.0037938156510023014
hsa-mir-3917,0.035585511212166104
hsa-mir-3922,0.05051513221918795
hsa-mir-3934,0.027479467520769154
hsa-mir-409,0.03955947040651591
hsa-mir-410,0.004529593233665969
hsa-mir-411,0.005673689600594004
hsa-mir-412,0.029944293149751458
hsa-mir-421,0.01875440710462947
hsa-mir-424,0.02317154535211639
hsa-mir-425,0.04138856857937786
hsa-mir-431,0.006324424079161787
hsa-mir-432,0.004984029151588342
hsa-mir-4326,0.03024504719993063
hsa-mir-433,0.015428955868191725
hsa-mir-450a-1,0.019272037708295043
hsa-mir-450a-2,0.06816500931435275
hsa-mir-450b,0.011237091107038803
hsa-mir-451,0.005517993093410625
hsa-mir-483,0.007643358484185243
hsa-mir-484,0.022263421557858654
hsa-mir-485,0.008116953760093202
hsa-mir-486,0.004045046500414484
hsa-mir-487a,0.004800261450126282
hsa-mir-487b,0.00416054098503946
hsa-mir-491,0.03146786234372342
hsa-mir-493,0.0066784499668940105
hsa-mir-496,0.005161555440400976
hsa-mir-500a,0.016320899720244902
hsa-mir-501,0.01456715819494865
hsa-mir-503,0.02183908613126452
hsa-mir-504,0.04692577093835009
hsa-mir-508,0.01110920556532776
hsa-mir-509-1,0.00816861877957399
hsa-mir-509-2,0.016587466510385635
hsa-mir-509-3,0.007944903045993573
hsa-mir-514-1,0.005831367267073629
hsa-mir-514-2,0.007704037312405554
hsa-mir-514-3,0.005638945281581424
hsa-mir-526b,0.009686306179303982
hsa-mir-532,0.029162268399912393
hsa-mir-539,0.008714571420616338
hsa-mir-541,0.01942157256218811
hsa-mir-542,0.020523852204405325
hsa-mir-543,0.005740961373449555
hsa-mir-548v,0.0135208413170895
hsa-mir-550a-1,0.01083266353750068
hsa-mir-550a-2,0.011653212215016542
hsa-mir-551b,0.015536624370986823
hsa-mir-556,0.021541917864892336
hsa-mir-574,0.031382700324792914
hsa-mir-576,0.06493715606675118
hsa-mir-579,0.01760950729485623
hsa-mir-581,0.050005309544721516
hsa-mir-582,0.03490861336877504
hsa-mir-589,0.00499123126178046
hsa-mir-598,0.025386533651677725
hsa-mir-615,0.02692444397627932
hsa-mir-624,0.01149657438484228
hsa-mir-625,0.027739348710389165
hsa-mir-627,0.05356186960015593
hsa-mir-628,0.043477508284122106
hsa-mir-629,0.02896896746711331
hsa-mir-639,0.05526087412274393
hsa-mir-642a,0.008849067106378117
hsa-mir-643,0.05727860790449922
hsa-mir-651,0.021513678910652326
hsa-mir-652,0.010829938236350822
hsa-mir-653,0.008654342860289928
hsa-mir-654,0.00905856551651992
hsa-mir-656,0.017495005925827138
hsa-mir-659,0.007193625383280229
hsa-mir-660,0.020278782476269
hsa-mir-675,0.006283892020199759
hsa-mir-7-2,0.01124792053294454
hsa-mir-708,0.019138016518591528
hsa-mir-758,0.007752252409231256
hsa-mir-766,0.0388516643613387
hsa-mir-874,0.033185118963672065
hsa-mir-885,0.02983602735504572
hsa-mir-887,0.044587136792689615
hsa-mir-889,0.006012039715609409
hsa-mir-9-1,0.009770804428016618
hsa-mir-9-2,0.010256619430472113
hsa-mir-92a-2,0.01194942717691512
hsa-mir-935,0.029862212619710782
hsa-mir-937,0.028408308519695794
hsa-mir-942,0.004978236325804052
hsa-mir-944,0.020980710891247922
hsa-mir-95,0.00564518675473164
hsa-mir-98,0.015083102183817327
hsa-mir-99a,0.04260966796203351
hsa-mir-99b,0.04148709264367428
