features,aggregate
A4GALT|53947,0.005896526136783846
AADAT,0.006658366171660431
AAGAB,0.0026509822371590945
AAGAB|79719,0.0030912686689747444
AATK|9625,0.0050804278437719995
ABCA7,0.002305182175198978
ABCB6|10058,0.004596183972382364
ABCC10,0.0023176450153806617
ABCC4,0.00471056630939606
ABCC5,0.0017387030197156136
ABCC6P1,0.004276228322814426
ABHD13|84945,0.0028697404727649886
ABHD14B;ABHD14A,0.0023321917270679353
ABHD3|171586,0.00246186322086554
ABLIM3|22885,0.020835388097434487
ABO,0.006646556756272919
ABTB1;PODXL2,0.002067821500408233
ACACB|32,0.014977413509852534
ACADVL;DLG4,0.0036405386563959355
ACADVL;MIR324,0.005260137879507239
ACAP1,0.007500378818988382
ACAP3|116983,0.0037722948667688553
ACCN2,0.003613252035428639
ACOT11|26027,0.005962579339000134
ACOT2,0.003003997639778585
ACOT4|122970,0.009568775240410752
ACOX1;FBF1,0.027001283969698153
ACP6|51205,0.0030545928815436277
ACRC|93953,0.0030198699589039594
ACSM1,0.005553872598236557
ACSS1|84532,0.005508142205593521
ACTR1B|10120,0.002718237148499872
ACTR3,0.002505612569954267
ACTR3C|653857,0.0027588257492708766
ACTR5|79913,0.0029348846391425566
ACVR2B,0.0028444439327176985
ACY1|95,0.002605575854462641
ACYP1|97,0.0032418657743747623
ADAM22,0.002006800192676279
ADAMTS4|9507,0.003977054965046527
ADAMTS7|11173,0.00455512920170037
ADAMTS8,0.0030975725073607535
ADAT1,0.002253328660576569
ADH1B,0.01811464688068511
ADI1,0.0016571341634702289
ADM,0.001794485508012724
ADPRHL1|113622,0.0035618740783576195
ADRBK2,0.0014039095974977805
AEN|64782,0.002036937307495739
AFAP1;LOC84740,0.0041696821599156155
AFARP1;SLC16A1,0.0029798030428211265
AFF4,0.001968572862815839
AGPAT5|55326,0.0027067882233288623
AGPHD1|123688,0.0024337436352709126
AGRP,0.002351954445013583
AIFM2,0.0046822700905668245
AIMP1,0.0075076782801853205
AIMP1|9255,0.002381976726187913
AKAP11,0.0029272193912682383
AKR7A2,0.015671344693060276
AKR7A3,0.0056756084628281755
ALAD|210,0.003882907032934646
ALDH16A1;PIH1D1,0.0022715167672112003
ALDH5A1|7915,0.003462207568019782
ALDH7A1|501,0.0023714794489872286
ALDH9A1|223,0.002505770208535411
ALG11;UTP14C,0.004070121788678475
ALG2|85365,0.002944615816528896
ALG8|79053,0.0037317440620937407
ALG9|79796,0.0021284950284959554
ALKBH5,0.002482797153174096
ALS2|57679,0.002559979490773926
AMBN,0.004224471254953807
AMD1|262,0.005524604131196338
AMOT|154796,0.003588361302774663
AMPD1,0.016816241194326075
AMPD2,0.0029023309024177654
ANKDD1A,0.0028260793586671715
ANKRD10|55608,0.0032209623910796907
ANKRD13A,0.0026876120809559297
ANKRD13B|124930,0.0052458011570376654
ANKRD29|147463,0.019127352953564877
ANKRD36BL1,0.003167605545104555
ANKRD37|353322,0.0043457552906350245
ANKRD42|338699,0.0052358682962280806
ANKRD52|283373,0.002349794257791547
ANKRD54|129138,0.0018531488518603093
ANO10|55129,0.002816206255268152
ANP32A|8125,0.0020868184341721876
ANP32D,0.006399783075864022
ANXA2|302,0.0025913134985381973
ANXA8L2,0.015419388424094887
AOC2;AOC3,0.01102208543868168
AP1M1|8907,0.003317075921118712
AP3D1|8943,0.002323712048710219
AP3M2,0.0026785701431056384
AP3M2|10947,0.0028610974428454616
AP4B1|10717,0.0020781832309975557
AP4E1|23431,0.0030892748554237934
APBB2|323,0.005763255705675805
APEX1;OSGEP,0.001568157013533335
APH1B|83464,0.006741038741309475
APIP|51074,0.0026973837196960816
APLP1,0.002002261745723129
APLP2|334,0.002527067942673655
APOA1,0.004046544442110518
APOC1|341,0.007648878548802365
APOE,0.0037630968009207035
AQP6,0.0030965342550210717
ARF4|378,0.002076715575367521
ARFGAP2|84364,0.0027942060884080383
ARFRP1;ZGPAT,0.0030958824393934868
ARHGAP4,0.00761187461122404
ARHGEF1,0.004489396812749977
ARHGEF11|9826,0.0024915614639499572
ARIH2|10425,0.0014035852932526034
ARL2BP|23568,0.002205121711552231
ARL6IP1,0.00233863586231085
ARL6IP6|151188,0.002625392569362527
ARMCX3,0.005006976601267461
ARNT2,0.0030893879188092664
ARNT|405,0.002931521663964538
ARPC1A,0.0022083158954387563
ARPC4;TADA3,0.0025750035115247004
ARSK|153642,0.002638589223193645
ARV1,0.010039796755827654
ASAH2,0.00736612277047866
ASAP1|50807,0.003785715043597272
ASAP3|55616,0.00323483605927176
ASB16;C17orf65,0.0031106033745707078
ASCC2|84164,0.0017766386658649527
ASRGL1,0.002655345875608605
ASTE1|28990,0.002971684300713758
ATAD2B|54454,0.003318878205638933
ATAD3C|219293,0.015366012334743866
ATF1|466,0.001742505392957689
ATG4A|115201,0.0025674299786528276
ATP10D|57205,0.0028295211173753896
ATP1A3,0.0048339394661117184
ATP5B|506,0.0023439642681043
ATP5H|10476,0.0024277084336272034
ATP5O|539,0.003315468190023027
ATP6AP2|10159,0.0019060249302008702
ATP6V1A|523,0.0027566626147693123
ATP6V1D|51382,0.0024007047135182645
ATP7B|540,0.012957599386872184
ATP8B1|5205,0.005912204442632438
ATXN10|25814,0.003611404758775897
ATXN1|6310,0.0037314664363257656
ATXN2,0.003047685024479004
ATXN7L3B|552889,0.002459235946290843
AVL9|23080,0.0028860669705433883
AWAT1,0.0041851516153874535
AXIN1,0.0021262296930441528
B3GALT4|8705,0.005577857768512343
B3GNT4,0.003119505939040295
B4GALNT4,0.0030319528654235714
B9D1|27077,0.0025675945349956926
BACE1,0.002741031121488355
BASP1;LOC285696,0.0089942333568991
BAT4;CSNK2B,0.0016350689491292012
BAZ2A;RBMS2,0.009261315051866649
BBS4|585,0.004196796761455616
BBX,0.0020462091256710194
BCAM|4059,0.016595714136960905
BCAR1|9564,0.0031353341614456407
BCAS2|10286,0.0019319678805198746
BCORL1|63035,0.0036012235346488597
BCR|613,0.0023767380856070056
BDNF;BDNFOS,0.005747834448807556
BFSP1|631,0.004065469680615592
BGLAP|632,0.003371774683456395
BOC|91653,0.012473435848101882
BPESC1,0.005986142763881002
BPTF|2186,0.0032588822796187243
BRAP|8315,0.0021591572457995006
BRD9|65980,0.0023361273732307774
BRF2|55290,0.004252820672641693
BRPF1|7862,0.0026256002912182635
BSDC1|55108,0.003544923656449794
BST1,0.004711905932241132
BST2|684,0.004662492852886554
BTBD10|84280,0.00213092240645033
BTG2|7832,0.017086235341098828
BTK;TIMM8A,0.016591283468028635
BUB3,0.0026763355074763827
C10orf111;RPP38,0.0034136580954617314
C10orf113;NEBL,0.005505352806513911
C10orf116,0.008800473905336339
C10orf26|54838,0.0026561157122684904
C10orf2;MRPL43,0.003114768628968283
C10orf32|119032,0.0040536372038427705
C10orf41,0.014470948074119803
C10orf41;ZNF503,0.0021512889438910646
C10orf88|80007,0.0028324797717735424
C11orf1|64776,0.002567198268610061
C11orf70,0.0037395626373021526
C11orf94,0.003131584140230818
C12orf27,0.005708418629054697
C12orf41|54934,0.0019762184542776633
C12orf53,0.007388749946885459
C12orf5|57103,0.0032937751678773415
C12orf72|254013,0.003858318162764927
C12orf76,0.002281904307572959
C13orf1,0.0026763661724888083
C13orf29|283487,0.004436787698731521
C13orf31|144811,0.002988330332217547
C14orf101|54916,0.0024481847079054152
C14orf118|55668,0.002486449953374733
C14orf1|11161,0.0024060536991694454
C14orf4,0.002537204307992671
C14orf45|80127,0.008256823561735366
C14orf49,0.003592541046197377
C14orf64,0.00621530661345756
C14orf80,0.002121069586958387
C15orf40,0.0027193643909686916
C15orf40|123207,0.001804273305093097
C15orf48;MIR147B,0.010143898038450241
C15orf50,0.01298825238470629
C15orf61|145853,0.0021645555699947527
C16orf42|115939,0.0028784281743807535
C16orf53;PRRT2,0.002791140506445491
C16orf7,0.0026390923946033695
C16orf71|146562,0.017181399981475016
C17orf54,0.007493482393872684
C17orf62,0.0031887075684325777
C17orf67,0.0026958983833059555
C17orf67|339210,0.005215886365444943
C17orf77;CD300LD,0.006374614197800352
C17orf81,0.00277748056302605
C18orf1,0.003145655845609367
C18orf8|29919,0.0023637610802625417
C19orf53,0.0017585895048696052
C19orf57|79173,0.005261453093958457
C1QTNF7,0.013739242179659689
C1orf103|55791,0.0029658986444692746
C1orf216|127703,0.002417707003884902
C1orf92,0.006128291297643013
C20orf111|51526,0.0027112210825505664
C20orf141;LOC100288797,0.0023777579452853694
C20orf144;NECAB3,0.0029047781187351977
C20orf194,0.0016972365278675912
C20orf196,0.002558114872151561
C20orf4|25980,0.002835038251183151
C20orf54|113278,0.006353759810946158
C20orf71,0.012504833035643472
C21orf130,0.05550143367791538
C21orf29;KRTAP10-5,0.025968345429390045
C21orf67|84536,0.00237525119012416
C2orf16,0.007638109687707541
C2orf24|27013,0.0021983814112019875
C2orf55|343990,0.007797071209079437
C2orf64|493753,0.002823438391183938
C2orf66,0.005472409064804935
C2orf72,0.005573389667291305
C2orf79|391356,0.0022542256998377133
C2orf7|84279,0.0033223525767745177
C2orf80,0.003919249860359278
C2orf89,0.0031140231615557866
C3orf17,0.0027785265961767893
C3orf21,0.002251243139593739
C3orf34|84984,0.0035268422144389923
C3orf39|84892,0.0027198611954049753
C3orf42|84657,0.003168479771927962
C3orf47|339942,0.004880949356721079
C3orf49,0.004852935008309755
C3orf62|375341,0.0020796537059817543
C4A|720,0.0311312250140878
C4orf32|132720,0.011331117150589399
C4orf42;CTBP1,0.0031057283349586007
C4orf52,0.0016623626904846878
C4orf52|389203,0.0027954510436995093
C5orf25|375484,0.003367102952160155
C5orf33|133686,0.0027468575419595867
C5orf39|389289,0.005534299161297053
C5orf53|492311,0.003964161887084198
C5orf54|63920,0.002473506699402027
C6orf132|647024,0.004554643585449686
C6orf141,0.0028755701104746273
C6orf145|221749,0.006699602796077028
C6orf211|79624,0.015072780983139265
C6orf222,0.0042327508785692984
C6orf48|50854,0.0027130766474803684
C6orf64,0.0019084387054759489
C7orf10;C7orf11,0.00201837185799557
C7orf50;GPER,0.004305818693560562
C7orf55|154791,0.0029789699766637943
C7orf69;PKD1L1,0.01107698167214254
C8orf37,0.00247536982104992
C8orf39;RBM12B,0.0020854424562116256
C8orf42|157695,0.00297971899825198
C8orf55|51337,0.0023976211177536345
C8orf58;KIAA1967,0.0028050491417935084
C8orf76|84933,0.004624573370141728
C8orf84|157869,0.011364738529948615
C9orf153,0.002927159369671169
C9orf30|91283,0.0038830512215911276
C9orf3|84909,0.003147166150056351
C9orf4,0.00590107713113164
C9orf40,0.0023692892084046023
C9orf57,0.0097435911729397
C9orf66;DOCK8,0.005598934566326866
C9orf78;USP20,0.0028082776790161255
C9orf9,0.008341164251455122
CA5B,0.026268491159776478
CABYR,0.0024454555925231894
CACNA1I,0.003597088918368944
CACNA2D2|9254,0.026498020105000346
CALB2,0.0035361341925819623
CALCOCO1|57658,0.004470266829395038
CALM2|805,0.002826352442692275
CAMK1D|57118,0.004308209402834835
CAMKK1|84254,0.0036262705508538196
CAMKK2|10645,0.0027514139090990433
CAMSAP1L1,0.0015354669470359274
CAP1,0.002400879151339748
CAPN10,0.0034553443878182597
CAPN12|147968,0.0052667411191693395
CAPN1|823,0.002783326126334234
CAPN2|824,0.0032830944234237005
CAPN7,0.0029157303571451733
CAPRIN1|4076,0.001812013094770812
CAPRIN2,0.002730322461359837
CAPZA2|830,0.0022014484481972206
CARD10,0.00379345803301795
CARD16|114769,0.0033467533526270604
CARKD,0.0023420705335169766
CASC1,0.018426507554907913
CBWD2|150472,0.0022861099919504295
CC2D1A|54862,0.0027044342699112708
CC2D2B,0.006431693841015187
CCAR1,0.0026705020606969535
CCDC101|112869,0.00246126683985979
CCDC102B|79839,0.0028134306676273336
CCDC112|153733,0.0025542908674721023
CCDC12,0.0026588878336509672
CCDC132|55610,0.0027315090528671955
CCDC142,0.0029780305926977732
CCDC149,0.002527494640372721
CCDC22;CACNA1F,0.00354059972081719
CCDC34|91057,0.0036809157410257064
CCDC48,0.003933587301425176
CCDC61;MIR769,0.002225374487055865
CCDC64|92558,0.008597408553121268
CCDC70,0.004991760923866831
CCDC82;JRKL,0.0028068855800902005
CCDC82|79780,0.0051124525429732635
CCDC85A,0.0028109059700648503
CCDC9,0.0017871463964295384
CCDC93,0.003114141100880671
CCKAR,0.006135110894393944
CCNT1,0.0025078642455534884
CCR1|1230,0.0056385097939132675
CCRN4L,0.002984755971608956
CCT5|22948,0.004102861455374366
CCT6A|908,0.0032338991127375495
CD19,0.003906797562452013
CD24|100133941,0.008501776685003945
CD274,0.00409229191790714
CD276,0.0021584644546373895
CD2AP,0.002734819212866987
CD2AP|23607,0.0029543057820779917
CD72,0.002846371659772428
CDC123,0.05398905943095405
CDC123|8872,0.0026831231941689122
CDH11|1009,0.004029816181624945
CDH1|999,0.013403116175292967
CDK11A|728642,0.002532191212660001
CDK2AP1|8099,0.004320477723584532
CDK5RAP1|51654,0.002186453615544029
CDK5RAP3|80279,0.003224683813042943
CDKL4,0.00408247896689529
CDKN1B|1027,0.003458046795565252
CDR2|1039,0.0017317411617243886
CDYL|9425,0.0026822085854806697
CELSR1|9620,0.016715980592249397
CENPJ,0.0027369264030515984
CENPT,0.0030365287936919426
CEP120,0.0018873207050809642
CEP135|9662,0.0029715722030016936
CEP170|9859,0.0037379418831583466
CEP250|11190,0.0030252857693824635
CEP350,0.001785949534653644
CEPT1|10390,0.003572750381594676
CERK|64781,0.0029259672393676696
CHAT,0.01250185483748997
CHCHD10|400916,0.002570184188502594
CHCHD7|79145,0.0026735521979334743
CHD8;SNORD9,0.0018703897787574694
CHGA,0.005176907103188499
CHKB;CHKB-CPT1B;CPT1B,0.0023143277085616153
CHRNA4,0.008035088416704611
CHST12|55501,0.003410399286606259
CHST2|9435,0.0069609106720137995
CHTF8;HAS3,0.0041786312064706855
CIRBP|1153,0.006525073659675319
CIT|11113,0.010587137936883349
CLCA2,0.00353982012976984
CLDN25,0.008057309198618492
CLEC3B,0.004546814400558592
CLGN,0.0023760130537811303
CLIP1|6249,0.002293725384407318
CLSTN2|64084,0.040768079498510454
CLTC,0.002140790648797655
CMPK2|129607,0.006733273563639022
CNGB3,0.0134366258615064
CNN1|1264,0.01974414165948413
CNN3|1266,0.002710845300323823
CNOT2|4848,0.0024071731832813934
CNOT7;VPS37A,0.0032422365723115054
COASY,0.005481597505081298
COG1|9382,0.002024435032738265
COG4|25839,0.0035397363415959103
COMT|1312,0.002556062806452795
COPG2|26958,0.0018329987451148697
COPS6|10980,0.0027220684556907354
COPS7A|50813,0.002121004251873584
COQ7|10229,0.0028680865065878096
CORO1A;LOC606724,0.019774245945292875
CORO1B,0.0028256083193474225
COX16|51241,0.0021894327787638284
COX17,0.0021252170215673013
COX7A2L|9167,0.002433959439158917
CPA3,0.012149391125867586
CPEB2,0.0025181076291706512
CPNE1|8904,0.0025738909949956333
CPT1B|1375,0.003602681018268633
CREBBP|1387,0.001573275531294802
CREM,0.0024604539547242294
CRKL,0.002477038269714378
CRLF3|51379,0.0027412873773511506
CRLS1,0.002810571928156826
CROCCL1|84809,0.0037065038786159763
CRYAA,0.005486421150512099
CRYZ|1429,0.0036892589187055066
CSDA|8531,0.005244250067114242
CSDE1,0.0019325179331326596
CSK,0.002795096851482332
CSNK1A1L,0.007135143489926153
CSNK1D|1453,0.0023483975518179797
CSNK1G1,0.0017255433851798901
CSRP2|1466,0.007200024324573911
CTNNBIP1,0.0026793823833010703
CTNND1,0.007967919490283422
CTSA|5476,0.003118268409995451
CTSB|1508,0.003369746529609549
CTSL2,0.0022446002476524587
CTU2;RNF166,0.0021542308204266954
CTXN1,0.002113160984320044
CUL7,0.00274277143093614
CXCR4,0.0029030029469002167
CXCR4|7852,0.0021672346473154977
CXorf26|51260,0.0023222618470647343
CYB561D1|284613,0.0033291992864413686
CYB5D2,0.005430371940519218
CYB5R4|51167,0.002886014985274861
CYB5RL|606495,0.002832127099157982
CYBASC3|220002,0.0020379665438705822
CYP4F8,0.004939453340691758
CYP51A1|1595,0.002199289908887744
CYP8B1,0.004984540886352682
CYYR1|116159,0.009928478983471782
DACH1|1602,0.043515742546384274
DAPP1|27071,0.002935666472103247
DAZL,0.0031453612065191314
DBF4|10926,0.0061909979631260695
DCAF15,0.0020511053689987397
DCAF8L1,0.008360816084126067
DCP2|167227,0.0027304040790727202
DCT,0.026359971378922927
DCTD,0.0020332820563027784
DCTD|1635,0.002719531200532893
DDX20;C1orf183,0.002151272896356457
DDX3X,0.002744776869104737
DDX46|9879,0.0026012043898708185
DDX53,0.010588350837450935
DDX59|83479,0.002745355551723199
DEAF1|10522,0.003128948531637493
DECR2,0.0033520479523144325
DEF6,0.00772460269401168
DEFA6,0.014038788321572016
DEFB135,0.008950053251146492
DENND1A;MIR601,0.002342752905141142
DENND1C|79958,0.0022989255872592155
DENND3,0.0031557828491582157
DENND4B|9909,0.002516434978044587
DERL3,0.022542322638755236
DGCR9,0.010530744216854418
DGKA|1606,0.0051197906297965464
DGUOK,0.00645819721386184
DHDDS,0.002176513912779252
DHRS4|10901,0.0037021067371808647
DIAPH1|1729,0.002598015897870463
DIAPH2;RPA4,0.006078392597402467
DIO2|1734,0.009741733858427703
DIO3;MIR1247,0.010381010971877271
DIO3OS,0.01720372229141197
DIP2B,0.002144547070436309
DIP2B|57609,0.0023654779363709967
DIS3L2|129563,0.003142375766410502
DKFZp686O24166,0.003159506210445745
DLG1|1739,0.0029086831952539103
DLX1,0.006001136995935879
DLX6;DLX6AS,0.022871217664535808
DMXL1,0.002474761260864876
DNAJA2|10294,0.002532885989218067
DNAJB11|51726,0.0032282355515626075
DNAJB14,0.0018824102100000078
DNAJB8,0.0031645937093585427
DNAJC10|54431,0.0023199736898805614
DNAJC12|56521,0.03985185147777111
DNAJC13|23317,0.002773719776348384
DNAJC21|134218,0.0028721816548490436
DNAJC24|120526,0.0017731542280923602
DNAJC25|548645,0.002389462632566126
DNAJC6|9829,0.007194152753278507
DNAJC7,0.002707739975799802
DNAJC7|7266,0.0017844849142306946
DNASE1L1;RPL10,0.004556207000277611
DNM1L,0.002587078683574244
DNM1|1759,0.004281290796548187
DNMBP,0.002719114792294632
DOC2B,0.006140711377704073
DOCK1,0.002493921772041508
DOCK1;FAM196A,0.002544994556714875
DOCK2;FAM196B,0.0865462349395215
DOCK9,0.0029576281817441565
DOK3|79930,0.0028651350543731705
DOLPP1,0.0023265593350445223
DOT1L|84444,0.002123252175531975
DPAGT1|1798,0.0033120744856689963
DPEP1,0.005457074090110231
DPEP2|64174,0.004916287788036319
DPH1;OVCA2,0.0027080483803292267
DPPA3,0.0036998028528342198
DPY19L1,0.002723942412335215
DPY19L2,0.0057921303384315505
DPY19L3,0.0017069763925505927
DRAM1|55332,0.00354155763919675
DRG2|1819,0.0020797555705102558
DSCR3|10311,0.0022890530203598615
DSG2|1829,0.004027115412241014
DSN1|79980,0.005320475692268725
DSTN,0.0015725745429949135
DST|667,0.009254654636593791
DULLARD;C17orf81,0.001967460790272668
DUSP10|11221,0.0032193508488864556
DUSP14|11072,0.003324450061739296
DUSP7|1849,0.003295722618921271
DYNLRB1|83658,0.0029167654969209146
ECH1|1891,0.003926796238525955
EDC3,0.002504629230760878
EEF1DP3,0.0020744294048354443
EFCAB1,0.008217349835108582
EFHD2|79180,0.0028066046826877022
EFR3B|22979,0.004263583457460175
EIF2B1|1967,0.0024509868047677525
EIF3F|8665,0.002446525811026109
EIF3H|8667,0.0025264114763243377
EIF4A2|1974,0.0024332746892122632
ELF3|1999,0.004349958799027753
ELFN1|392617,0.004856878228919263
ELOVL4,0.009601263928284162
EMB|133418,0.003881908914021314
EML1|2009,0.002750278714933176
ENAH|55740,0.0032195534822152985
ENDOD1,0.002213705194507266
ENO1|2023,0.006161124098163804
ENPEP,0.009967098915762994
ENPP5,0.002794571307382102
ENTPD6|955,0.002727920548032196
ENTPD8,0.0038034095941323637
EPCAM,0.0023206666131129743
EPHX1,0.003501689906151022
EPHX1|2052,0.0029767271254576982
ERCC2,0.002108210987950455
ERCC8|1161,0.002006574738165439
ERI1|90459,0.002377522442418515
ERLIN1|10613,0.0020758756302638164
ESPNL;SCLY,0.034462549151659805
ETFB,0.002379955916594792
ETFB|2109,0.00473448030173063
ETHE1|23474,0.0043551358581727685
EVL|51466,0.01563366476542366
EWSR1|2130,0.002056836382603575
EXOC6|54536,0.004414566772318371
EXOC7;ZACN,0.0046129286799875
F2RL3|9002,0.004903562697795858
F5|2153,0.010635501796799325
FADD|8772,0.002518194121337914
FAH,0.0025665532347905
FAIM3|9214,0.00577577816681016
FAM102A|399665,0.004717523198405411
FAM107A|11170,0.027728997213419183
FAM108B1|51104,0.0029258483183676617
FAM108C1,0.0024760718945299504
FAM109B|150368,0.0028014598234063865
FAM120B,0.0021931624250856995
FAM128A,0.008725075166728002
FAM134C,0.004139286472871574
FAM160B2,0.0036821725858632907
FAM164A|51101,0.004878674878377876
FAM167B|84734,0.005249923025083978
FAM171A2,0.0030313284992241982
FAM177A1,0.002531870273676296
FAM184A,0.0027978673527005106
FAM186A,0.001796976274886736
FAM189A2,0.005125895900007064
FAM200A|221786,0.0021544766869387756
FAM21C|253725,0.002781819020365922
FAM22F,0.012741826737872934
FAM24A,0.010010657881453153
FAM26E;BET3L,0.01257081403982234
FAM46A|55603,0.0026606206953197816
FAM50B|26240,0.006359915066462522
FAM53A,0.002202239862933991
FAM53A|152877,0.00488948431982638
FAM53B|9679,0.00378039835674768
FAM53C|51307,0.0024260688737340872
FAM63A|55793,0.008357910768574636
FAM83C,0.00488580947215689
FAM86B1|85002,0.006530296859393816
FAM8A1|51439,0.002541272414627186
FAM90A1,0.0022354789990922963
FASN,0.00936354800243882
FASTKD2,0.0047143147514260774
FASTKD2|22868,0.0017279210487320899
FAT1,0.008001424063254797
FAT2,0.007305943987957278
FBP2,0.005079028775553761
FBXL17,0.0023432931438405304
FBXL18|80028,0.003008982051730359
FBXL19;NCRNA00095,0.0026214031912726627
FBXL4|26235,0.0022663626272972073
FBXO36|130888,0.008075649265908261
FBXO43|286151,0.010268469246813397
FBXO47,0.03311131804198698
FBXW8,0.002683435382605864
FBXW8|26259,0.002929788024063599
FCGR1A,0.00801202038821756
FCGR1B,0.007049548358256069
FCHO1,0.002549481305093197
FCHO2,0.00217749913836382
FCHSD1,0.010747051957999191
FDFT1|2222,0.003559898530391831
FEN1;C11orf10;MIR611,0.0022582575106809884
FGD3|89846,0.027065178164398178
FGD6|55785,0.002836516054674604
FGF10,0.007324776385451811
FGF11;CHRNB1,0.003035940011548398
FGF2|2247,0.022309969688161416
FGFBP3,0.002862370951882232
FGFRL1|53834,0.0025503143236940136
FLCN|201163,0.0029761691020268512
FLJ11235;EPB41L4A,0.002108075438807527
FLJ16779;NKAIN4,0.008135276522940622
FLJ26850,0.023190325925402547
FLJ35024,0.007245158443227447
FLJ35220,0.003375170998228045
FLJ35390;RASA4P,0.004151284311835673
FLJ35776|649446,0.004058211786418961
FLJ36031|168455,0.004849151022947759
FLJ42627|645644,0.004070942921247698
FLJ43950,0.004274710716514275
FLJ45244|400242,0.006091106756495466
FLOT1,0.003871148132114168
FOXJ3|22887,0.0024471473015450886
FOXO3|2309,0.0022839711504037737
FOXRED1|55572,0.002005686247232007
FRAT1,0.002115890100464155
FREM3,0.005250759508676879
FRMD5;LOC728758,0.0026158430754483794
FSCN1|6624,0.007646148894357532
FTH1,0.001910128417611115
FTL|2512,0.003670211663320876
FTSJD2,0.0021973613523204203
FUT11,0.0033574515162098687
FUZ;AP2A1,0.00231178165840177
FZD6|8323,0.005164868696380139
GABARAPL3,0.0031441568632181597
GADD45A,0.002297106306562776
GADD45B|4616,0.006025902693001098
GAL3ST2,0.0036124571867609365
GALNT11|63917,0.002736509875568786
GANAB;INTS5,0.011630455189140285
GAS5;SNORD76;SNORD75;ZBTB37;SNORD74,0.002443453906751963
GATS,0.003302453573559451
GATS;PVRIG,0.004656936067008985
GBE1,0.0028080678700642845
GBP5,0.006595686832423774
GCHFR|2644,0.004381371236544429
GCK,0.0032105724068348645
GCNT7;C20orf106,0.004787354012542307
GCOM1,0.002593255288348304
GEMIN5|25929,0.0017904593525173056
GFOD2|81577,0.0029898716632145847
GFPT2|9945,0.003026251088855658
GGTLC2|91227,0.014348540732189087
GIMAP2|26157,0.0043813671265767965
GINS4|84296,0.012455527819881976
GIPC3|126326,0.004116961539568757
GIYD1;SULT1A3;GIYD2;BOLA2B;BOLA2;SULT1A4,0.011669340328045735
GJA1|2697,0.006481465486494082
GJB7,0.011468416234129426
GLA,0.007399479050360126
GLB1L|79411,0.0027668442593093948
GLIPR1,0.008610820781106181
GLIS2|84662,0.0029755557107525076
GLRX2,0.001829996513155586
GLS2,0.002283466723236809
GLTPD1,0.00346507328053978
GMEB2|26205,0.003557301248092698
GMFB,0.0026698950596490876
GNAI1|2770,0.008334769948706786
GNGT2;ABI3,0.0041376329993303915
GNL3;SNORD19B,0.003483730043772937
GNS,0.002047665550468039
GOLGA1|2800,0.002652478016119638
GOLGA7|51125,0.002450208059912128
GOLPH3L,0.00525275207157333
GOPC|57120,0.0016156848412330765
GORAB|92344,0.0022356728132201086
GPC1,0.001960720534751848
GPC1|2817,0.00451790049523475
GPD1L|23171,0.005758673033612618
GPN2|54707,0.0017906636752064908
GPR12,0.004261275294030333
GPR128,0.006221845766752017
GPR27;EIF4E3,0.0038701608316004535
GPR4|2828,0.0028836430593952426
GPR68,0.0026461822094900325
GPR89B,0.001839574352784004
GPSM1|26086,0.002522748617840229
GPSM2|29899,0.006750479413150693
GPX4|2879,0.0037199835481111212
GRAPL,0.0052775287708925304
GRIPAP1|56850,0.0027366043600886808
GRM5,0.003753309177589515
GSDMA,0.0030918440034593806
GSDMB|55876,0.011277218242626293
GSK3B,0.0018576299859835396
GSTP1|2950,0.009946083064900869
GTF2IRD1,0.004732653080207691
GTPBP4,0.002027148966286231
GXYLT1|283464,0.0029745451904774007
GZMH,0.015930142515900664
H19;MIR675,0.012960941266936558
H2AFY|9555,0.0027737671840902876
HABP2,0.008057551553174289
HAR1B;HAR1A,0.012187998951678589
HBXIP|10542,0.002092213632864204
HCCA2;KRTAP5-6,0.016201045086045158
HCG4,0.008698846441528572
HDAC2|3066,0.004053051276163416
HDAC8|55869,0.0024125163268326096
HDGF|3068,0.0033453658857328307
HEATR7A|727957,0.002718062019535671
HEPACAM,0.013570087023851119
HERC2P2,0.0025687630518955993
HERPUD1|9709,0.0019342947468292352
HES1|3280,0.0034870763491747637
HESX1,0.002611666664152654
HEXIM1,0.0021149904885586525
HGSNAT|138050,0.0032342778207110766
HHIP,0.0037135772930424324
HHIPL1|84439,0.0035139372198264704
HIF1A,0.0035033472295291765
HINT2|84681,0.0029237595601912807
HIPK2|28996,0.0043454374678359945
HIST3H2BB;HIST3H2A,0.03255322955283138
HLA-A,0.00724697616729352
HLA-C|3107,0.002476461732072603
HMBOX1|79618,0.003677827185399384
HMGA1|3159,0.006784918704260877
HMGCS1,0.0019199185534758063
HNRNPA3|220988,0.0021633973804359888
HNRNPF,0.0022184120996150496
HNRNPH2,0.0064359892218999355
HNRPLL|92906,0.002168267270342343
HOMER1|9456,0.0067969330217337596
HOOK3|84376,0.002224796565146318
HOPX|84525,0.003804798179720299
HOXA3,0.015597869069014596
HOXA7,0.008929918761306006
HOXB6|3216,0.011690065419072975
HPS4|89781,0.0024413491681355435
HRASLS,0.01684618329698022
HSBP1|3281,0.0025248354522762785
HSD17B8,0.0065643948381970225
HSDL1|83693,0.0021947507334481213
HSF4|3299,0.006060102026991605
HSP90AB2P|391634,0.005206152618872973
HSPA14,0.0060371609308602445
HSPA6|3310,0.0025651994958994073
HSPA7,0.0034254982737855462
HSPBAP1;DIRC2,0.005666682757354083
HTR7P;HEBP1,0.0019933550054707467
IARS,0.002233378867653354
ICAM5;ICAM4,0.03019312500237902
ICK|22858,0.0023666457277187556
ICOSLG|23308,0.003497605292487414
IER3;FLOT1,0.002387196606651373
IFFO2|126917,0.007513379405913537
IFT172|26160,0.002629359638124581
IFT27|11020,0.0028065130961843804
IGSF3|3321,0.0037431255667935426
IKZF5;ACADSB,0.002052359741819548
IL16,0.003146523793535595
IL18|3606,0.0029150099522524636
IL1F10,0.004201055630718728
IL1F9,0.008979502940281438
IL1RN,0.0027945768049820693
IL22,0.004575780809239673
IL28A,0.009782861577463319
IL28RA,0.0028431510012552627
INCA1|388324,0.004388942404526755
INF2|64423,0.00407779351872738
ING5|84289,0.002552739877958579
INPP4A,0.0024761891162549936
INPP4B|8821,0.01362990161967087
INPP5J|27124,0.0200181113484598
INPPL1|3636,0.0019167531138007477
INSIG2|51141,0.0034855893182157392
INTS3|65123,0.002398038817851821
IPO5,0.002085656475538177
IQCD|115811,0.0069203397175950955
IQUB,0.002189732884650972
IRF5|3663,0.0030802697585046125
IRGQ,0.0027760383801562452
IRX3|79191,0.0044048523193542825
ISG20|3669,0.003843857570318579
ITCH,0.0031439323299633157
ITGA2|3673,0.006224417919244704
ITGAV,0.0023795576021090623
ITGB3BP|23421,0.002459477474324631
ITPKC|80271,0.003010753779824713
ITPR1|3708,0.009857016947947548
ITPRIPL2|162073,0.003440705938939576
IVD|3712,0.005442519252817004
IWS1|55677,0.0015534027670439268
JRK|8629,0.0029381200752599643
KARS,0.003903093863833828
KATNB1|10300,0.00297027565157652
KBTBD11|9920,0.0050721404493105846
KCMF1|56888,0.002518735762043088
KCNC1,0.001665521587517302
KCND1,0.0030595302471778073
KCNE2,0.0021656742150526916
KCNH4,0.003611622675157011
KCNJ10,0.009771131405770734
KCNJ3,0.005681166690929986
KCNQ1|3784,0.004578685032625533
KCNQ3,0.0058189678715721265
KCTD11;ACAP1,0.00984634911142961
KCTD11|147040,0.0025239776624674734
KCTD15|79047,0.004417402868944626
KCTD17|79734,0.002301719017128227
KCTD19,0.015135111757135177
KHK,0.0019729170408112687
KHNYN;CBLN3,0.008647133843946728
KIAA0040|9674,0.006466292765559621
KIAA0141|9812,0.002965988659681918
KIAA0146|23514,0.0025209990300845116
KIAA0226|9711,0.0025528666386641307
KIAA0232|9778,0.003501813597287222
KIAA0319L,0.004549375190574356
KIAA0368|23392,0.00128248639844266
KIAA0652,0.005827400446316431
KIAA0753|9851,0.0020459549067817595
KIAA1257,0.002903363920397661
KIAA1370|56204,0.008277216971467972
KIAA1632,0.0024131879061621815
KIAA1704|55425,0.0026813968411253265
KIFAP3|22920,0.002681199816358502
KLC1|3831,0.0024268159593023217
KLC2;RAB1B,0.025298675498285253
KLF1,0.0037176132797918904
KLHDC2|23588,0.0038321932524985
KLHL15,0.004443489551719674
KLHL29,0.006462951391818155
KLHL5,0.0037115705552902677
KLHL9|55958,0.0031732807103441564
KLK8,0.011483768388285243
KLRAQ1,0.0017547746652230225
KRAS|3845,0.0028443921813756184
KRBA1|84626,0.0036233234458961545
KRBA2,0.003262857127151004
KRT33A,0.0036486493610376506
KRT40,0.01205206849652524
KRT86,0.003973635582034158
KRTAP10-8;C21orf29,0.016666123928998935
KRTAP17-1,0.007772928784966487
KRTAP19-4,0.01452985806003069
KRTCAP2;TRIM46,0.004025879180602894
L3MBTL4|91133,0.014826359699274122
LAMB1|3912,0.0034542859772811
LAMB4,0.008579557665261204
LAMP1,0.001989328173388677
LAMP2|3920,0.0023457195646144065
LASS2|29956,0.0030805783045127775
LBH,0.004068353928060401
LBX2;LOC151534,0.028228277112779906
LCAT,0.0074067648320541276
LCE2C,0.017016492819140028
LCMT2|9836,0.0045223208841683096
LCN2,0.003296338150035629
LCORL|254251,0.0023728132509367667
LDHB|3945,0.010637841456895473
LDLRAD2;HSPG2,0.002487199144741428
LEFTY1,0.0025784644789877955
LEMD3|23592,0.0024187523839857734
LEPREL1|55214,0.010750183396033645
LEPREL2,0.002950176983902613
LGSN,0.019387301815056674
LHFP,0.00443448028665617
LHFP|10186,0.009536669506371715
LIMA1|51474,0.004370210625520265
LIMD1|8994,0.002462899040740697
LIN28B,0.01505083400892469
LIN54,0.0027944963317111417
LIN7C,0.0059702262795715885
LITAF|9516,0.003156749164851795
LLPH|84298,0.0030692764152607122
LMCD1|29995,0.0029409172970731308
LMX1B|4010,0.02307603143766114
LOC100128542,0.006940722838338645
LOC100129034;PSMB7,0.002340259371317506
LOC100129387|100129387,0.003375028063224503
LOC100130015|100130015,0.0029389579103029227
LOC100130776|100130776,0.004275094379469099
LOC100133331,0.003355695805652344
LOC100134317,0.01184791958396798
LOC100192378;ZFHX4,0.027196539823010478
LOC100240726,0.005282576493146975
LOC100286844;BCDIN3D,0.002872376008248777
LOC143666|143666,0.0038807703218506706
LOC145783;TCF12,0.005064259469102032
LOC146481,0.017686575835530866
LOC146880|146880,0.0019711490494876225
LOC149837|149837,0.0033951163792485446
LOC158376|158376,0.010343091462604655
LOC162632;LOC100129396,0.004618003685429292
LOC25845|25845,0.002005709368454075
LOC284688,0.010191888762756382
LOC284749,0.007463289444839818
LOC285733,0.006786259440889094
LOC285780,0.0058659367159738015
LOC286002;SLC26A4,0.010025935770354301
LOC286016,0.005072729726813887
LOC286367|286367,0.011054683162358327
LOC339047|339047,0.0030172423403272424
LOC388955,0.003097730192053785
LOC400043,0.0038417481984790343
LOC400657|400657,0.0029439121441943517
LOC401127,0.00897216463396373
LOC401588;ZNF674,0.006943664138236214
LOC441294,0.0076305823172049545
LOC442459,0.008074316066031121
LOC493754|493754,0.002781594034096679
LOC644936|644936,0.0034876341691850174
LOC645166|645166,0.004182100767096438
LOC645332,0.0019891183633786755
LOC645752,0.0057137891080611776
LOC646405,0.011395244222486467
LOC646498,0.002914822454304054
LOC647309,0.004774265293782178
LOC649330|649330,0.0025780194999479315
LOC651250|651250,0.003060972773945541
LOC678655|678655,0.0027913130004325526
LOC723972|723972,0.002661338962959862
LOC727677,0.05434871016235589
LOC729082|729082,0.00258655200676787
LOC729121;RGPD4,0.003632182976025182
LOC729467,0.004317174273711578
LOC729678|729678,0.002016323731099329
LOC730101,0.0025277083819470643
LOC730101|730101,0.0036231949190868723
LOC731789,0.002970420984375422
LOC91316;RGL4,0.003321444791123957
LOH12CR2;LOH12CR1,0.014954462320520688
LOXL1,0.0043078073484218524
LPHN1|22859,0.002900194545237714
LPIN1|23175,0.006322505562181523
LPPR4,0.006750285694212741
LRBA;MAB21L2,0.004583573554074174
LRIG1|26018,0.006360982124123206
LRIG3,0.002451238222835057
LRRC10,0.0018567321903124525
LRRC18;WDFY4,0.004994737318391375
LRRC20|55222,0.0035762986285856604
LRRC3,0.005565335150171575
LRRC36;KCTD19,0.01829433985121779
LRRC37A3,0.0028835192253292073
LRRC57|255252,0.002435299993843393
LRRC7,0.007235754857845002
LRRC70;IPO11,0.004550412659215023
LRRN1|57633,0.016839388403537388
LRRN2,0.0032952618623138877
LSM11,0.0017822639005273299
LSM5|23658,0.002443029544969934
LSM6,0.0021411663181368354
LTBP1|4052,0.006859054715633205
LTBP4|8425,0.011724572787156851
LY6E,0.03480512877323845
LY6E;LOC100133669,0.002677366540587813
LYPD2,0.0049358388182292835
LYRM4|57128,0.0024303084183427345
LYRM5|144363,0.002520547155937156
M6PR;PHC1,0.014846398635396944
MAGED1,0.005317093803605801
MAGEF1,0.0024861394644113246
MAK16|84549,0.001758963023370997
MAML3,0.0025182074679783364
MAMSTR|284358,0.00398836808011922
MAP1LC3A,0.003509850064080779
MAP3K4|4216,0.00230398589266043
MAPK1IP1L|93487,0.0014501511473943769
MAPK8,0.003851294354279028
MAPK8IP1,0.0030332774736139883
MAPKAPK3|7867,0.0027511922424027367
MARCH6|10299,0.002969067032910955
MARS2,0.0027825054485023444
MASTL,0.0044796827492106514
MAT2A|4144,0.0025422887010508074
MBD1|4152,0.00220111204185816
MBL1P,0.013787189938444534
MBNL3,0.003512211554550974
MBTD1|54799,0.0029600916345905687
MBTPS1,0.0023034649620876776
MBTPS1|8720,0.0019518471675647065
MCCD1,0.007486082883873349
MCM6|4175,0.005186334009101078
MDK|4192,0.003304520971521373
MDM4,0.0020792075139204787
MED19|219541,0.0025258371286913136
MED24;SNORD124,0.005607801823316019
MED4,0.002361056136744856
MED6|10001,0.002610090887524031
MEF2C,0.003431585697972289
MEIG1,0.002044631029531148
MESDC1,0.0025877773851654376
MESDC1|59274,0.002134867034183602
METT10D,0.0037844030686684594
METT10D|79066,0.002228806402650162
MEX3C|51320,0.002857935655236391
MFGE8|4240,0.007228201699088785
MFN2|9927,0.002861323627828786
MFNG,0.0033001015995711945
MFSD11|79157,0.0019416729642278822
MFSD6|54842,0.0032713028533210998
MFSD7,0.0039291956913434165
MGAT4B;MIR1229,0.002300966014967012
MGC12982|84793,0.003392676292039391
MGC23270|196872,0.0037509142013839123
MGC2889;HRASLS,0.003079971408960644
MGC57346|401884,0.0030433722481010474
MICALL1|85377,0.0056038967839388
MICA|4276,0.0030282556763551387
MIER2|54531,0.00344923534760805
MIOX,0.013861621234719837
MIR126;EGFL7,0.0057493253833379825
MIR1304;SNORA8;SNORD5;SNORA18,0.026087288677320936
MIR136;RTL1,0.0063421840117512986
MIR192,0.0022213006820532458
MIR195,0.04063783452044617
MIR1973,0.005793870142983854
MIR2114,0.011598740661792652
MIR410;MIR656,0.015228781130446694
MIR450A1;MIR450B;MIR542;MIR450A2,0.0076720591137849365
MIR509-3;MIR509-1;MIR509-2,0.0165650151051586
MIR518B,0.0056964365006102816
MIR548H4;TMEM84,0.009031217273205773
MIR675;H19,0.008846321384967036
MIR98;HUWE1;MIRLET7F2,0.007121528097005678
MIS12,0.013955648422925994
MKS1,0.0023903945271564093
MLF1,0.0022243829229686967
MLLT3|4300,0.004258797912717978
MMP11|4320,0.0201735111929636
MMP12,0.00943607757950735
MMP15|4324,0.0058821971093428625
MOBKL2A|126308,0.0025812356657883865
MOCS1,0.0028890107122001235
MORF4L1|10933,0.0026273153284665425
MPEG1,0.006173869734856354
MPP1|4354,0.0020974762909287533
MPPED2,0.003928112461960911
MREG|55686,0.005033643215899991
MRI1|84245,0.0029032482438221463
MRM1,0.0026138903882479076
MRPL17,0.0028615724678070476
MRPL4,0.002334886081200722
MRPL43|84545,0.0027128920076496346
MRPL45,0.0028888171934429692
MRPS12;SARS2,0.0028368715342935343
MRPS24,0.0016065286627211192
MRPS27,0.0020782546428025793
MRPS28|28957,0.002247218598332346
MRPS30,0.0027844060435535
MRPS31|10240,0.0024855650672516386
MS4A6A,0.018255126901419744
MTA1|9112,0.0018813369105833645
MTCP1NB|100272147,0.0015075975716246895
MTCP1|4515,0.002662363439856479
MTHFD2|10797,0.005053022895820052
MTM1|4534,0.0021389828231401535
MTMR11;SF3B4,0.0024522474672827687
MTMR11|10903,0.003821481350899004
MTMR4|9110,0.0025466114332656827
MTNR1B,0.012126652406811553
MTR,0.002628006583321225
MTR|4548,0.0017487923653238613
MTVR2,0.004795681142424078
MUTYH,0.012428628482823131
MUT|4594,0.0025640362671490845
MX2,0.005236892727743468
MYB|4602,0.029479062811817433
MYCBPAP,0.010823566698439022
MYCL1|4610,0.005159891949951787
MYCT1,0.009860984003850189
MYH14|79784,0.013552195910464176
MYH9|4627,0.0023407485289422504
MYO1D|4642,0.0030471493036346754
MYO5B|4645,0.0026180395098025834
MYO9A,0.003179432499987692
MYO9B,0.003412248807888138
NAA40|79829,0.0023224336470966966
NAAA|27163,0.002767022680024436
NAALAD2,0.020952696844250353
NAP1L1|4673,0.0023412957970220826
NAP1L6,0.03079179870110159
NAPB|63908,0.0027576316619193075
NARS|4677,0.001956393980972141
NBPF3,0.002342943459968127
NCAPD2|9918,0.0049831972451291505
NCAPH,0.0024071595497089666
NCAPH2,0.0021222351447803974
NCK2,0.002008048450282642
NCL;SNORA75,0.0018850079754881353
NCOA4,0.003748061254256114
NCOR2|9612,0.0019972863412775457
NCRNA00113,0.011319735022837476
NCRNA00115|79854,0.0031983774274987123
NCRNA00159,0.010162484090558178
NCRNA00161,0.008848137154452386
NCRNA00169,0.006079922614835503
NCRNA00182;MIR374B;MIR421,0.010245722276532079
NCRNA00207,0.005686606672117645
NDC80;METTL4,0.002766031534875929
NDNL2|56160,0.001955093665915283
NDRG2|57447,0.014225568577040732
NDUFA10|4705,0.003018281272191267
NDUFA13;TSSK6,0.0025537138263874415
NDUFA6|4700,0.0027591761449310883
NDUFAF4|29078,0.0037179797672686294
NDUFB5|4711,0.0025013480066910423
NDUFS7,0.0026176220350751745
NECAB3;C20orf144,0.001780420971720788
NEDD8|4738,0.0024831287881478094
NEIL2|252969,0.0029618546835542513
NEK2,0.0033844057830410426
NEK9|91754,0.0027818914934570112
NENF|29937,0.003148914816745934
NETO2,0.00196782198967543
NEURL3,0.00309243036793886
NFASC|23114,0.007445861879662324
NFATC2IP|84901,0.0014814658478864231
NFE2L2,0.002492715731998094
NFKB1|4790,0.0017383297170757758
NFKBIE,0.0034270466552802957
NFRKB,0.0030221440037423485
NIPAL3|57185,0.0034757379472294485
NIT2,0.002034647254869867
NKX6-3,0.0035549727355679555
NLGN2|57555,0.0039194729187806655
NME2P1|283458,0.0028960427955919367
NME4,0.003631466147017437
NME6|10201,0.0019637845021347996
NME7,0.002524676947096351
NMNAT1|64802,0.0023113354606042746
NNT|23530,0.003550153222280565
NOL6|65083,0.0025730327823463147
NOL9|79707,0.0022824164888125176
NOLC1,0.0019463006133216632
NOM1|64434,0.003410565054368953
NOMO3|408050,0.0019200173922752355
NOTCH2NL|388677,0.0027761889694283897
NOTCH3|4854,0.003875250643769824
NPHP1,0.001787693614331858
NPRL3|8131,0.002447076996783872
NPTN,0.002510052710881405
NQO1,0.0024038623275326612
NR1I2,0.004217394098038807
NRIP3|56675,0.011779763146608077
NRP2|8828,0.0033218600511236455
NSUN2,0.002429180388239376
NT5C3|51251,0.0032942357919409056
NT5DC1|221294,0.0025902666038479863
NT5DC2;LOC440957,0.011140428564549703
NTRK2|4915,0.03505063189869631
NUDT12|83594,0.006837106522250837
NUFIP1|26747,0.002555410107572281
NUP133|55746,0.0022512165333502063
NUP188|23511,0.002859511288068487
NUP43|348995,0.0025459525012229223
NUP93|9688,0.0026792089414699226
NUPL1|9818,0.002607524487900527
NXF1;TMEM223,0.0038453268215499757
NXT2,0.00525292645897532
OAZ3;MRPL9,0.002633290632622659
OBFC1,0.0026291532475635074
ODZ1,0.004884232177645494
ODZ3,0.00742254500799564
OGFRL1,0.0030225890617241024
OLFM4,0.008702750394098069
OPA3|80207,0.002527614509195445
OPHN1|4983,0.0023974456322870532
OR10G9,0.015154356616632277
OR13C4,0.021912672679701553
OR1I1,0.005071883752317986
OR2C1,0.014797683020973493
OR52A5,0.010894044032816116
OR7E37P,0.0066311632808595125
OR8B12,0.026687814700429222
OR8H1,0.008690975035129476
OR8U8;OR5AR1,0.0274282003032332
OSBPL6|114880,0.005349641654864481
OSGEPL1,0.0018169624154716671
OSR2|116039,0.007049782695930936
OSTF1|26578,0.002333146823574576
OSTN,0.012263085841490658
OSTalpha|200931,0.005493666428506408
OTUB1,0.0018623543311594435
OXA1L|5018,0.0019461494338445656
OXNAD1|92106,0.0023421970712515644
OXSR1,0.0028791701651960837
P2RX7,0.00566140853599342
P4HA2|8974,0.0028209901265943246
P4HTM|54681,0.007097353251551261
PACSIN2|11252,0.004258805348546771
PAFAH1B3|5050,0.006014432781390404
PAK1|5058,0.0030476537264846767
PALM3,0.0030308127088751226
PANK2;MIR103-2,0.0019317395850848265
PAPD5|64282,0.003607392548832261
PAPPA,0.004333826603661811
PAR-SN;SNORD107,0.003343448064160138
PARD6B|84612,0.020562338657013193
PARG|8505,0.0028966766418610625
PARP9,0.004058848888035729
PCBD1|5092,0.0034074496725795636
PCBD2|84105,0.00402139727717766
PCBP1|5093,0.0017109945621898437
PCDHA6;PCDHA2;PCDHA1;PCDHA9;PCDHA7;PCDHA5;PCDHA10;PCDHA3;PCDHA4;PCDHA8,0.013336351458473986
PCDHB14,0.008957542835993492
PCDHB16|57717,0.007016591763259017
PCDHB2,0.011832237679001902
PCDHB3|56132,0.006653248578155886
PCDHB9,0.006419505058052995
PCDHGA4;PCDHGA12;PCDHGA11;PCDHGA9;PCDHGA1;PCDHGB1;PCDHGB6;PCDHGB3;PCDHGB7;PCDHGA6;PCDHGA8;PCDHGA10;PCDHGA5;PCDHGB4;PCDHGA3;PCDHGA2;PCDHGB2;PCDHGA7;PCDHGB5,0.011382821437542988
PCDHGA4;PCDHGA6;PCDHGA9;PCDHGA1;PCDHGA8;PCDHGA5;PCDHGB1;PCDHGB4;PCDHGA3;PCDHGA10;PCDHGA2;PCDHGB6;PCDHGA7;PCDHGB2;PCDHGB5;PCDHGB3,0.026375445541197556
PCMTD2,0.0020641594399686595
PCNA|5111,0.004689683575806199
PCNP|57092,0.0027933412580950553
PCNXL2,0.002396208482889426
PCOLCE;FBXO24,0.0030619962193712026
PCYOX1,0.003667662505808717
PCYT2|5833,0.0027578975993166905
PDCD4,0.0016686563410624987
PDCL|5082,0.002037955337679472
PDE6D|5147,0.0026975628688332854
PDE6H,0.002215202187816063
PDGFA,0.003255690585430887
PDLIM7|9260,0.005161571628794584
PDP1|54704,0.004658796590574837
PDZD3,0.005544416261447275
PDZD7;SFXN3,0.003065810004118187
PEG10,0.0028333744378101124
PEX3|8504,0.0015914481427789747
PFAS|5198,0.0027467910747994177
PGAM4|441531,0.002933610144632901
PGAM5,0.0025694213964242794
PGAP3;ERBB2,0.002178686779120614
PGM2|55276,0.002485196030125189
PGPEP1|54858,0.0062189443483051015
PHF15|23338,0.007034545609405021
PHF21A|51317,0.0025108066098286468
PHF3|23469,0.0025287966585597938
PHGDH|26227,0.020650111896257338
PHPT1,0.002873207880396851
PHRF1|57661,0.0019413757766528561
PHTF2,0.004518736132121624
PIF1|80119,0.018238653296323296
PIGU,0.002339251188832759
PIGZ|80235,0.002791943886093961
PIK3C3|5289,0.002147717314526571
PITPNC1,0.0019391713651350502
PITPNM1,0.0019766110028611185
PITPNM1|9600,0.004959205955694983
PLA2G2D,0.002859613021094715
PLA2G4C,0.00828147676259073
PLA2G7,0.00528896100437998
PLAGL2|5326,0.0028866745073250055
PLAU|5328,0.008797535298716939
PLBD1|79887,0.00413667278088251
PLCE1,0.004356540146065534
PLD5,0.007078675659857961
PLEKHA5|54477,0.0024599205011162227
PLEKHH1,0.0028453276336837738
PLEKHN1;KLHL17,0.0020809167679390365
PLOD1|5351,0.00511865045602075
PLP1,0.012423933090052996
PM20D2|135293,0.012342224953368126
PMS2L1|5379,0.0034974128042546005
PMS2L5|5383,0.0026931072807246316
PNLIP,0.009596707715891476
PNMA5,0.006146046339813991
PNO1|56902,0.0025800683607591682
PNPLA3,0.0035995196337363215
PODXL,0.0021380891254855787
PODXL2,0.0041388732409052345
POFUT1|23509,0.0019327279234881793
POGZ|23126,0.002528725856353449
POLH|5429,0.0030325640243236565
POLQ,0.0027955033449721667
POLR2J3;SPDYE2L;SPDYE2,0.003449311083279608
POLR3F|10621,0.002508757401177178
POM121L8P,0.0038985361816123035
POM121|9883,0.0018307798587783807
POMT1|10585,0.0019255209896841823
POP1|10940,0.0067861539182354075
PORCN|64840,0.0027087354410354598
POU2F2|5452,0.005683761515780454
POU3F3,0.037474696871372906
POU6F2,0.009478828306897101
PPBPL2,0.0099227135155618
PPCDC|60490,0.0024052904966986284
PPFIA3|8541,0.006039984517869332
PPFIBP2|8495,0.0033518454490164967
PPHLN1|51535,0.0028415742653224254
PPIL1,0.0028471365606675516
PPM1H,0.0019315133878975517
PPM1K,0.002508672291378057
PPME1|51400,0.0024575754575272245
PPP1R15B|84919,0.0026986333816533953
PPP2R3B|28227,0.0026809245681595007
PPP2R5A|5525,0.0026514346076052216
PPYR1,0.007804415784199993
PQLC3|130814,0.0028801339524966415
PRCD,0.0035303071282215843
PRDM4,0.0028330156173682524
PRDM9,0.02708694634496803
PRDX1,0.002113907226398496
PREX1|57580,0.012586967601156351
PRF1,0.0031104765964028126
PRF1|5551,0.005743273039444859
PRICKLE1,0.0029636893196256066
PRICKLE2,0.003297302048802377
PRIM2,0.002216188912967056
PRKAA2|5563,0.011489494141970577
PRKCQ,0.007895920359357204
PRKDC,0.0040361190673550255
PRKRIR|5612,0.0024189904419371325
PRKX|5613,0.00725302143052056
PRODH,0.0022758999209036277
PRPF39|55015,0.0021204338335471026
PRPF40B|25766,0.0025850957100702864
PRPSAP2|5636,0.0020251472490810194
PRR12,0.0019048649507128165
PRR24,0.0027662741125365166
PRRG4,0.0017946574474623665
PRRT3|285368,0.010475859824384027
PRRX2|51450,0.003731271037181225
PRSS27,0.006740479674100375
PSD3,0.002416416541678208
PSMB2|5690,0.0031014161633227703
PSMB6,0.0029937210146787864
PSMC1,0.0020816337455900388
PSMC5;FTSJ3,0.0022652088332571754
PSMD13|5719,0.002278081347411189
PSMD4,0.0023787670779506203
PSME3,0.0024281404761049953
PSME4,0.002209575788874746
PSMG1|8624,0.004788541034220404
PSMG2|56984,0.0029011407255102577
PSPN,0.004895663259271158
PTCHD3,0.006004276770528749
PTHLH|5744,0.012342939119772649
PTK2B,0.0024408646395867603
PTP4A3,0.0031645823268433943
PTPN12|5782,0.002119105653310687
PTPN23|25930,0.0023011242464210766
PTPN3,0.002290826113618114
PURB|5814,0.0024956436011599314
PUSL1,0.003737030137657751
PWWP2A,0.0020542396859251455
PXDN,0.0029924790628691445
PXMP2,0.0021057023355010034
PYGL|5836,0.0037676760917309537
PYGM,0.002213039349006117
QPCTL,0.0026463994584312034
RAB13,0.0031582197393547314
RAB18|22931,0.0029658306162533327
RAB20|55647,0.003710040565867166
RAB35,0.0027694701176325352
RAB38,0.006720935413576147
RAB3GAP1|22930,0.002355933527135492
RAB41;ARR3,0.00928711832744997
RAB42|115273,0.004911531503009974
RABEP1|9135,0.007024527355801309
RABGGTB|5876,0.00304640932925341
RABL3,0.022247107927070305
RABL4,0.0020839317224807113
RAD23A|5886,0.0027189398310229727
RAD51C|5889,0.003240439197487169
RAD51L3,0.002423028369908536
RAD51L3|5892,0.0027531369464858352
RAD54L2,0.0026755908116379828
RADIL|55698,0.010005444608474905
RAF1|5894,0.0018281344941501248
RAG1AP1,0.0028996213080412655
RAI14|26064,0.0031269723648464825
RAI2|10742,0.01969026241458763
RALBP1|10928,0.0023144938944751306
RALGPS1,0.0013528569737914888
RALGPS2|55103,0.010222189092964455
RANBP10|57610,0.0021165168996301045
RANBP1|5902,0.0036454630566953704
RAP1A|5906,0.00226206389749595
RAP2B,0.0024180808370845614
RAPGEF3|10411,0.013304154058586305
RAPGEF5|9771,0.002946412448312307
RASAL1,0.002604278650162036
RASGEF1B,0.00213851160450614
RASGRP1,0.0033109316641914996
RASSF5,0.003558258876449562
RBAK,0.00191821366392973
RBBP8|5932,0.004835090150492174
RBP1|5947,0.007172628845283321
RBPMS,0.002618401450491692
RCE1,0.0026995871378720426
RCE1|9986,0.002826902277544895
RCSD1,0.005202266601407384
RDBP;SKIV2L;MIR1236,0.006464488422258616
RDH11|51109,0.0036099329466187003
RECQL5|9400,0.002292247600644095
RERG|85004,0.030790194496671155
REXO2,0.00217638132341747
REXO4|57109,0.0017671881572773607
RGS3|5998,0.003468038641330954
RGS4|5999,0.0048266227685116875
RGS9,0.0025141268321713698
RGSL1,0.006729566922601692
RHCG,0.005067370416120349
RHEBL1,0.0024082493528680957
RHOBTB3,0.0022411366988534876
RHOB|388,0.009960692380577507
RINL,0.006156282991075609
RIOK3,0.0030477160329096756
RIOK3|8780,0.002120697348259056
RIPK2|8767,0.005569687178329529
RIPK3,0.016258633371686062
RMST,0.02822782911029245
RNASE4|6038,0.009293063479734727
RND2,0.00533150204878047
RNF103|7844,0.0030566844587990535
RNF115|27246,0.0026223761527732117
RNF130,0.0027160621946638393
RNF144B|255488,0.003999085468507185
RNF160,0.0029325047796066577
RNF180,0.00568611485587343
RNF20,0.002990664501718714
RNF207|388591,0.00335644300575958
RNF216,0.003359559618785157
RNF216|54476,0.0020424230993632275
RNF44|22838,0.0026553370755140098
RNF5;RNF5P1,0.003464348498576377
RNF5|6048,0.001872042329667582
RNF8|9025,0.0028176848314257776
ROBO2,0.0028344181961178646
RPA2|6118,0.0011207349779478364
RPGRIP1L|23322,0.003011084926113812
RPL13AP20,0.0035562429100247602
RPL13AP3,0.004627018405769684
RPL17|6139,0.003558714028384251
RPL18AP3;SNORA68;RPL18A,0.021949674067841162
RPL21P44,0.0034645839790030035
RPL22L1,0.002473904461367383
RPL36,0.0020591404025156754
RPL38|6169,0.0015227546593237166
RPL39|6170,0.0023499030572528977
RPS10P7|376693,0.002164762314595134
RPS11|6205,0.004016120114108002
RPS15AP10;GPBP1L1,0.0028629432525149956
RPS3|6188,0.00373924341401092
RPS6KA4,0.0021415472037665615
RPS6KC1|26750,0.002962528325485158
RRN3P2,0.0031636647070554962
RRP7B|91695,0.005068522314056529
RSBN1L|222194,0.00210193517783359
RSL24D1|51187,0.00242924252862068
RSRC1|51319,0.0027092796451977626
RTEL1|51750,0.0028738857676539405
RTKN2,0.002129108109059733
RTL1,0.011676419713218356
RTN3|10313,0.0028587045972475575
RTN4RL1|146760,0.017444150193602445
RTP4|64108,0.004581731976719976
RUNDC2A,0.0029357097374894453
RUNDC2C|440352,0.005390947200235126
RUVBL1,0.0023021473025360826
RXRA,0.003761457901874196
S100A5;S100A6,0.00442262566871618
S1PR5|53637,0.004702358376484646
SAP130|79595,0.00195039513693327
SAPS3,0.0024217235424727128
SAR1A,0.003336669568649033
SAR1A|56681,0.0018895587158436577
SARM1,0.004978404804946161
SARS,0.0037163577016768937
SARS2|54938,0.0026072989860463055
SCAMP2,0.00291776128346947
SCARNA10;NCAPD2,0.002260420306792992
SCCPDH|51097,0.010162444318296018
SCG2,0.004936769048805665
SCML1|6322,0.004579883738782075
SDHAP3|728609,0.003817938153500222
SDSL,0.0041335640114804105
SEC16A|9919,0.0031750472961240344
SEC22A|26984,0.0022628040243472753
SEC23A|10484,0.0025407202123739646
SECTM1|6398,0.004719083527953192
SELE,0.0034442517255191185
SELS,0.0021201370163042702
SELS|55829,0.0022033651824462613
SEMA4A|64218,0.0027035220378712563
SEMA4D|10507,0.0023346049484905367
SEPSECS,0.0017183862797563482
SEPT14,0.00806491738086898
SEPT2|4735,0.0028946605192755317
SEPT6,0.0038421456287299296
SERGEF|26297,0.0039730186780945285
SERP1|27230,0.00278402853551724
SERTAD1|29950,0.003384854869920711
SERTAD2|9792,0.002751350046700354
SFRS12,0.0029432134612678612
SFRS14|10147,0.003042405580407914
SFRS4,0.0018050279735161569
SFT2D2|375035,0.004706288764571487
SFTPD,0.006240182926566076
SFXN5,0.002437809635056013
SGMS2|166929,0.004193515787697167
SGPP1|81537,0.003475323621245521
SGSM3|27352,0.002931922487124895
SH2D3A,0.0022780586430720057
SH2D4A|63898,0.00568909275832711
SH3RF1,0.0030800555768933204
SHB,0.0028884126809965707
SHC4,0.003196432117767668
SHCBP1,0.0021975813486939965
SHISA2|387914,0.016812435269742694
SHOX2|6474,0.0029982669263619857
SIAH2|6478,0.008634880067891686
SIGLEC15,0.0036205539199689403
SIK1|150094,0.006684314604669845
SIN3B,0.002644588200340724
SIRT5|23408,0.002176952176872781
SKINTL,0.004625328628155779
SLAIN1,0.005741990150676474
SLAIN2|57606,0.002433535888383664
SLC13A1,0.008559972983602063
SLC16A13|201232,0.0036054462845492748
SLC17A9|63910,0.0041780242018883175
SLC19A3,0.00684541922972152
SLC1A1|6505,0.017700673275270536
SLC1A6,0.018051555449324293
SLC22A18,0.0028217359952632587
SLC22A24,0.007409454053969292
SLC22A4,0.002131592836071449
SLC24A3|57419,0.006942413778924708
SLC25A10,0.0018348534206062655
SLC25A22,0.008272051893297038
SLC25A26,0.0026357272299223234
SLC25A29;MIR345,0.002749826985535329
SLC25A3;SNORA53,0.002631569363540187
SLC26A11;SGSH,0.002500184586422752
SLC26A4;LOC286002,0.009100312719027696
SLC29A1|2030,0.002339214439730579
SLC2A3|6515,0.003971445491076076
SLC2A7,0.0033513625292105713
SLC35D1|23169,0.0020382222795955686
SLC35D2|11046,0.0023859657264084858
SLC35E2,0.0026086048770669556
SLC35F2,0.002508996575571511
SLC37A4|2542,0.003174890401634213
SLC38A10|124565,0.0030528214980620684
SLC38A2|54407,0.0024559751240932144
SLC38A4,0.008906609196615387
SLC38A9|153129,0.0023335734783776463
SLC39A7,0.006163442715489135
SLC43A1|8501,0.006861347356108246
SLC43A3|29015,0.004508851740777227
SLC4A8|9498,0.02116973651367714
SLC6A4,0.003515635241514197
SLC7A5|8140,0.02051270538993121
SLC7A9,0.005078516561462191
SLC9A11,0.01824913074817151
SLCO1A2;IAPP,0.01110170484651901
SLIT3;MIR218-2,0.006148473246105438
SMAD7|4092,0.0028338037034904614
SMAP2|64744,0.0023328651215910375
SMARCE1|6605,0.0026704197425814744
SMC1A,0.01937208316379324
SMC3|9126,0.002538425433514504
SMC5,0.003967949242157267
SMPD3,0.0038780354926324515
SNAP25,0.002100109292325456
SNAR-H,0.005808876292109362
SNAR-I,0.006986517025859838
SNHG4;MATR3,0.002354060844830191
SNHG5|387066,0.004834014448539462
SNORA10;SNORA64;RPS2,0.023463453730097873
SNORA11;MAGED2,0.01564806478159419
SNORA14B;TOMM20,0.0021818295509779518
SNORA23;IPO7,0.07832302580246071
SNORA35;HTR2C,0.009328262964264766
SNORA60;SNHG11,0.017351036507410565
SNORD115-15;SNORD115-21;SNORD115-33;SNORD115-34,0.010766107393590348
SNORD115-9;SNORD115-12;SNORD115-10;SNORD115-5,0.006924546294615324
SNORD116-17;SNORD116-19;SNORD116-16,0.008004692478295704
SNRNP200|23020,0.002361759762391946
SNRPA1|6627,0.0037420083695205177
SNRPD1,0.002225935401926769
SNTA1|6640,0.0022417679355572007
SNTG2,0.005636797099561241
SNX10|29887,0.004629792940181456
SNX15|29907,0.002848078770828471
SNX16|64089,0.0031685740258843025
SNX2,0.00322103350444205
SNX22,0.0026722415186581326
SNX30|401548,0.00242632331585544
SNX4|8723,0.003551305893279298
SOCS3,0.005520442390216429
SOCS4|122809,0.0030420067522916945
SOCS6|9306,0.0026945261455556487
SORBS1|10580,0.011049644115457094
SOX10,0.026390209080184808
SP110|3431,0.0021411905922353687
SPATS2L,0.0027799779340582052
SPATS2L|26010,0.0024714327915118196
SPCS2|9789,0.0029307920135080183
SPDYE3,0.003466702378598578
SPEF2|79925,0.010909294788338662
SPHK1,0.0020813047117937454
SPI1,0.0035822661092201474
SPTLC3,0.004973419174449338
SQLE|6713,0.011902784178711582
SRA1|10011,0.002551569377820069
SRGAP1|57522,0.0043322825411223126
SRGAP3|9901,0.005026912393448077
SRI,0.002424209126389402
SRP19,0.0025331448137787824
SRPR|6734,0.0022052107588878696
SRPX,0.0058476382997821015
SS18L1|26039,0.0030569537602728046
SSBP3|23648,0.0015874975242117137
SSX4B;SSX4,0.008590518873991619
ST20,0.0020335788396895144
ST3GAL1,0.0022994033166586726
ST3GAL6|10402,0.005930798012229364
ST6GAL1,0.0038311463493026594
ST6GALNAC1,0.010633464107074025
STAC3,0.0027251775116645745
STAMBPL1|57559,0.0034797230525950543
STARD10|10809,0.013311325770046475
STARD4|134429,0.005870672157313674
STARD6,0.003951488418582385
STK17A|9263,0.0022292964371349753
STK35|140901,0.0030667969411256506
STK38,0.0017350232389246839
STK39,0.0030459617916464912
STMN4,0.004541856663227909
STX2,0.0023510070069442755
SUCLG2,0.002517076419700506
SULT1C4,0.011821006961003114
SUPT3H;RUNX2,0.002522678711227167
SUPT7L|9913,0.002833018808623395
SUSD3,0.003026240904578717
SUSD4,0.002365312989008069
SUZ12P|440423,0.002503633793746923
SV2A|9900,0.0071827718686950795
SYBU|55638,0.018272149328605124
SYMPK|8189,0.0019911872761398065
SYNGR1|9145,0.003065244302126392
SYT11|23208,0.003263478354523431
SYTL2|54843,0.011212636926510193
SYTL4|94121,0.008112019875117107
TAAR8,0.007067545850091584
TAB2|23118,0.0033431370802222858
TACR2,0.002620909557758882
TADA2A|6871,0.0027202556099759486
TADA2B|93624,0.0031740328308917966
TAF1;BCYRN1,0.0032500524960550063
TAF1B|9014,0.0029391668951093694
TAF1C|9013,0.0022144202236269455
TAGLN3,0.0092763155412196
TAS2R40,0.009286042714850973
TAS2R7,0.01929033994650932
TATDN3|128387,0.002754020203615131
TBC1D10A|83874,0.002657467826381291
TBC1D22A|25771,0.002438152257381308
TBC1D24|57465,0.003314494378280748
TBK1,0.0021440581094792923
TBL1XR1,0.002646789763396286
TBPL1,0.0017862405920733722
TBP|6908,0.0017451255751999922
TBX19|9095,0.0050254382944869835
TCEAL1|9338,0.008059332789284845
TCEB2,0.0015277037619243713
TCF7L1|83439,0.010195132371539083
TCF7L2,0.0022104268155903302
TCFL5,0.002401434703219468
TCFL5|10732,0.002943852576856017
TCIRG1|10312,0.0027815610544587813
TEAD3|7005,0.003069238395421536
TECPR1|25851,0.003476606466861436
TERF2|7014,0.0020412247407963643
TET3,0.001979948923877193
TEX2|55852,0.00235392731512913
TFG,0.0028138423227422067
TGM2,0.0028872029551180603
TGM5,0.004501734822453148
TGS1,0.002474376669679972
THAP8,0.0022141629044116775
THBS3|7059,0.0024067299670723964
THOC7|80145,0.002943234286915927
TIAF1|9220,0.005187980809303026
TIGD1|200765,0.0022817976243521333
TIMM17A,0.0025001823531771977
TINAGL1|64129,0.016346743733627683
TIRAP|114609,0.003188710601773378
TK1;AFMID,0.0027615980483153466
TK1|7083,0.014986266336249554
TLE3|7090,0.00495361780147008
TLR6,0.002531295263157623
TMBIM4|51643,0.0036623450800603264
TMBIM6|7009,0.0038912447625420207
TMC4|147798,0.014905165591282788
TMCC2|9911,0.009919105402691296
TMCC3,0.005141232260474185
TMCO3;DCUN1D2,0.0044612028069551226
TMCO4|255104,0.002395340782287082
TMCO6|55374,0.0027337826350780493
TMEM120B,0.0033717100822203616
TMEM138|51524,0.0023527392560941883
TMEM144|55314,0.00571483427222611
TMEM150B,0.0026730070851840163
TMEM161A,0.0018249802876922528
TMEM163|81615,0.0068953301165206055
TMEM164,0.0088395548136988
TMEM167B,0.0016785223598943734
TMEM168|64418,0.0015939785357703784
TMEM175,0.004512058859071432
TMEM18,0.0019080715332989691
TMEM187|8269,0.002943156833550754
TMEM206|55248,0.004483520497230668
TMEM216,0.0026799570364123343
TMEM25|84866,0.008483775223329725
TMEM30B,0.0057159004043493555
TMEM39B|55116,0.0025249169668402844
TMEM5|10329,0.002582258420530577
TMEM81,0.0026026007518622366
TMEM91,0.0034035957178869852
TMEM98|26022,0.0028955620864808997
TMIGD2,0.007472990884508245
TMPRSS11D,0.012373260673467498
TMPRSS13|84000,0.010890419655510778
TMSB4X;TMSL3,0.010858582546059266
TMTC4|84899,0.00314155214718141
TMX2|51075,0.002038898753638861
TMX3;CCDC102B,0.002604133219898792
TNFAIP3|7128,0.002274819233220108
TNFAIP8L1|126282,0.002934872399777889
TNFRSF10B,0.002632224786881908
TNFRSF25,0.007012770400620521
TNFRSF6B|8771,0.008146197310454715
TNIK|23043,0.007842673048869766
TNKS1BP1|85456,0.004433466092399721
TP53INP1|94241,0.005865414471310299
TPD52L3,0.006956093727512388
TPI1|7167,0.004831465156606869
TPSB2,0.0092259995616295
TRAF3IP1,0.0022788479772177664
TRAPPC1|58485,0.0030032445034446995
TREML2,0.006722484516648995
TREX1,0.003267892798638916
TRIB2|28951,0.003338295652482265
TRIM14|9830,0.002220625617341426
TRIM22|10346,0.0035637021459421023
TRIM34;TRIM78P;TRIM6-TRIM34,0.0036375493978679104
TRIM38|10475,0.002053640772294062
TRIM3|10612,0.006073368885409384
TRIM5|85363,0.0026111511275752194
TRIM6,0.0028265679137266047
TRIM63,0.0062700047972529
TRIM66,0.0033295764692379323
TRIM73;TRIM74,0.006269997301579847
TRIM9|114088,0.00793885745169657
TRMT5|57570,0.0018957029241408688
TRNAU1AP|54952,0.0023201725738800794
TRNT1|51095,0.002537232927782919
TROAP,0.0024488341811008643
TRPA1,0.00930548794749664
TRPC4,0.005394229927918522
TRPC5,0.005014412198374841
TSC1,0.002692906488795974
TSNAX-DISC1;DISC1;DISC2,0.017071953185139453
TSPAN1,0.0038135357786355365
TSPAN12|23554,0.004796818437666672
TSPAN4;POLR2L,0.0034486304287261594
TSSK2,0.003455461223061322
TSTD1;USF1,0.0024160121235853975
TTC27|55622,0.0024767014368648694
TUBA1A,0.0033208003721550616
TUBA1A|7846,0.0037953722514302997
TUBB|203068,0.0046819641093840195
TUBGCP5|114791,0.002265593608066687
TYW1|55253,0.00256901849827252
UAP1L1|91373,0.002847490380675454
UAP1|6675,0.002612590501627049
UBA2,0.0032730020289838636
UBAC2|337867,0.0027905675531150406
UBE2B,0.0026548125224480495
UBE2MP1,0.0031472621560218695
UBE3C|9690,0.0019539610504144557
UBE4B|10277,0.002114149378275894
UBL7|84993,0.0021507960421744358
UBLCP1|134510,0.0023759063122541905
UBR5|51366,0.0032899200135968597
UBTD2|92181,0.00238005594451266
UBXN6,0.002855725534362853
UCA1,0.010034648864756777
UGGT1|56886,0.002958485177031989
UMODL1;C21orf128,0.0028257368016104453
UNC119|9094,0.0020535987593197883
UNC13B|10497,0.002246967559931461
UNK,0.002563150490895756
UPF1|5976,0.0017040485745149624
UPK2,0.004016782064599007
UQCRC1|7384,0.002376780139530936
UQCRC2|7385,0.0030176743951811644
URM1|81605,0.002398138930455982
UROC1,0.0035405213948038108
UROS,0.004615622873293687
USP11|8237,0.00230231208143782
USP14,0.0021341157100422865
USP2,0.003913011323351263
USP28|57646,0.0032218976050645103
USP51|158880,0.0034316333148603764
USPL1|10208,0.002577912034195899
UTP20,0.0021371694007313825
UTP20|27340,0.0033753466312893194
UTS2D;CCDC50,0.014560905371972669
VANGL2,0.003207355657863159
VAV1,0.005414534654100503
VCX2,0.006176700993725774
VENTXP7,0.00495471741411032
VEPH1,0.002214800357184241
VGLL3,0.00463492073909506
VIPR1|7433,0.010030921787806873
VKORC1L1,0.0020921111977270706
VNN3,0.004179838636292497
VPS13A|23230,0.0027433723382790723
VPS28;NFKBIL2,0.011203503660548874
VPS37A|137492,0.0036261553776136685
VPS39|23339,0.003021498311353052
VPS41,0.0025011022271870056
VSIG10|54621,0.003941319520484635
VTI1A,0.003379585991554948
VWF,0.0031247827264052454
WBP11P1|441818,0.003627901247824137
WDR19|57728,0.004714439850429606
WDR5,0.002011115721647873
WDR53,0.0024882628498045976
WDR67|93594,0.007221462753669038
WDR77,0.018818917175946224
WFS1|7466,0.004883710245503405
WIPI2|26100,0.0021472259124501176
WISP3,0.014893095971733836
WNT3,0.003036160049257463
WRB,0.002216689740248595
WWP1|11059,0.008252134270949299
XPO4,0.0023778528056454
XPO5|57510,0.0036232458922243597
XYLT1|64131,0.0023207098628224266
YARS|8565,0.003090771696135995
YBX2,0.002762608177502325
YEATS2|55689,0.004002666488518158
YIPF2;C19orf52,0.002797850986553504
YIPF3|25844,0.002347870298755616
YIPF5|81555,0.002534748833795609
YY1|7528,0.0018185837633793935
ZACN,0.014247071855621933
ZAK,0.0032915206621418696
ZAN,0.017977187434640583
ZBED1|9189,0.0024726509670055046
ZBED3,0.015142819981863096
ZBTB10|65986,0.006806210990999971
ZBTB2|57621,0.0034020905160108863
ZBTB42|100128927,0.006688283691096008
ZBTB44|29068,0.00226791942556204
ZBTB4|57659,0.0040097813862699965
ZC3HAV1L,0.0033290473305595276
ZC4H2,0.00368123411249297
ZCCHC12,0.0039936993394693865
ZCCHC17|51538,0.0020932855225235542
ZCWPW2,0.004740417750182608
ZDHHC13,0.0029127440776096723
ZDHHC14,0.002522286991972381
ZDHHC4|55146,0.0028406003362967287
ZFAND2A,0.002535760585104841
ZFAND2B|130617,0.003319095843120026
ZFAT|57623,0.0022163028391526058
ZFP112|7771,0.002321484731217112
ZFP161,0.0019972436810783054
ZFP161|7541,0.003123230303026486
ZFP1|162239,0.002516616806733423
ZFP28,0.008152326102510606
ZFP30|22835,0.0026836605493439263
ZFP36,0.0016717304281570274
ZFYVE21;XRCC3,0.0025009962569191987
ZHX3,0.003057878429190718
ZIC4;ZIC1,0.06469940495433217
ZKSCAN3,0.004265585556404373
ZMAT3|64393,0.0022965103160981944
ZMPSTE24,0.0026617597372318776
ZMYND8;LOC100131496,0.009263963995494413
ZNF12|7559,0.0023900965068624123
ZNF135|7694,0.007395396121359357
ZNF137|7696,0.0033937681765110065
ZNF143|7702,0.002611650870473832
ZNF155|7711,0.002603663479014756
ZNF197|10168,0.0026523222010794052
ZNF238|10472,0.008453001845601197
ZNF266|10781,0.002109244559816312
ZNF268|10795,0.003110020129519316
ZNF276;FANCA,0.002644270087060889
ZNF285A,0.005976036076293644
ZNF286B;FOXO3B,0.003285357142310998
ZNF321|399669,0.0033340116202840143
ZNF322A|79692,0.0026504615127971596
ZNF33B|7582,0.0032386619655674753
ZNF347|84671,0.0037423947814632648
ZNF354A|6940,0.0023790573029527553
ZNF383|163087,0.002710339442574761
ZNF384|171017,0.0037375822659234913
ZNF396|252884,0.00952055345527698
ZNF418,0.009291800875954983
ZNF423,0.010627108931537808
ZNF45,0.003266549971186563
ZNF451,0.0028495032845283043
ZNF467,0.0027053565610342307
ZNF467|168544,0.009167347407961136
ZNF469,0.007898659646606385
ZNF470|388566,0.0025343248481510326
ZNF490,0.002016637769435651
ZNF492,0.0168187248103691
ZNF496|84838,0.0028730259629329044
ZNF517|340385,0.0025266533291587482
ZNF529;ZNF382,0.014711422208421298
ZNF574|64763,0.0023002371372545394
ZNF576,0.020484983671469767
ZNF576|79177,0.002577024949476433
ZNF577,0.031106037595509627
ZNF580,0.0022910905487431845
ZNF584|201514,0.001930111066243535
ZNF616|90317,0.0021543251198756276
ZNF627,0.0031330829837803234
ZNF682|91120,0.0032892770225810284
ZNF703|80139,0.014459535677103038
ZNF710|374655,0.003189852314170756
ZNF718|255403,0.0031317932193824644
ZNF746|155061,0.0019550636598130826
ZNF750|79755,0.010955698115604923
ZNF763|284390,0.007574424056472505
ZNF76|7629,0.0022678097969526106
ZNF788|388507,0.003608587290605165
ZNF804B;MGC26647,0.010920541773278263
ZNF84,0.0032946924059427743
ZNF878,0.004051522165333454
ZNF90,0.012531718913515018
ZNHIT6|54680,0.00264219800481101
ZNRD1,0.0035297293356452955
ZNRF1,0.003375968231987148
ZNRF3|84133,0.0029687205126206285
ZRANB3|84083,0.0033706629675001286
ZSCAN5A,0.0033805332391826214
ZSWIM4,0.002968603072826981
ZSWIM7|125150,0.003046627069513677
ZXDA,0.003040346458828914
hsa-let-7c,0.010995586472063413
hsa-let-7d,0.005314284501174627
hsa-let-7e,0.00853208497389354
hsa-let-7f-1,0.008092057403749577
hsa-let-7g,0.01478413562685181
hsa-mir-1-2,0.003256836144876751
hsa-mir-101-1,0.019476276951562066
hsa-mir-101-2,0.03392696259989774
hsa-mir-103-2,0.007160386375746883
hsa-mir-106a,0.0021136857245110724
hsa-mir-107,0.005213855833019347
hsa-mir-1180,0.0032272200195255264
hsa-mir-1228,0.004019767691931455
hsa-mir-1229,0.007783939766017939
hsa-mir-1245,0.01752803863208595
hsa-mir-1247,0.002650698098886954
hsa-mir-1249,0.009700925551191808
hsa-mir-126,0.012693154031594295
hsa-mir-1266,0.0037995868759752908
hsa-mir-127,0.004608765975428151
hsa-mir-1270-2,0.007256972116228423
hsa-mir-1274b,0.008464518197661152
hsa-mir-1277,0.004535647771710682
hsa-mir-128-1,0.003708663690780791
hsa-mir-128-2,0.0036486348191661537
hsa-mir-1287,0.006810013058697832
hsa-mir-129-1,0.002804573925600573
hsa-mir-129-2,0.002390789537733915
hsa-mir-1291,0.016722490998514094
hsa-mir-1292,0.006231705632664494
hsa-mir-1301,0.006161517014519853
hsa-mir-1306,0.01384500964527135
hsa-mir-130a,0.003483172066458708
hsa-mir-130b,0.021194907845886707
hsa-mir-132,0.010460291768194498
hsa-mir-133a-1,0.002969336052204382
hsa-mir-134,0.004830626577859801
hsa-mir-135a-1,0.0017248033444775962
hsa-mir-136,0.002382730475553908
hsa-mir-142,0.005528815187615412
hsa-mir-144,0.001935823028087528
hsa-mir-1468,0.00439980080410093
hsa-mir-146a,0.006929415689846224
hsa-mir-146b,0.005017961882898247
hsa-mir-147b,0.0033913873114451727
hsa-mir-148a,0.005349931318717082
hsa-mir-150,0.006176274237442551
hsa-mir-151,0.004981898811355266
hsa-mir-152,0.010222372022929586
hsa-mir-153-1,0.0047147138390112725
hsa-mir-153-2,0.0030051914393212763
hsa-mir-154,0.002389734505914736
hsa-mir-15a,0.010484399315609249
hsa-mir-15b,0.009140559509637056
hsa-mir-16-1,0.003004411945516796
hsa-mir-16-2,0.0021165157739669086
hsa-mir-181a-1,0.008874911755435306
hsa-mir-181c,0.003541717499221951
hsa-mir-181d,0.0029803011435179196
hsa-mir-184,0.003135556397278942
hsa-mir-185,0.0026067446137237036
hsa-mir-193b,0.00627973372648477
hsa-mir-194-1,0.004449750733025633
hsa-mir-194-2,0.0031378256756504986
hsa-mir-196a-1,0.010235027388113735
hsa-mir-196a-2,0.004431460411023077
hsa-mir-196b,0.010050119643010906
hsa-mir-1976,0.003471484176497684
hsa-mir-199a-1,0.009675985861186993
hsa-mir-199a-2,0.008242581156120917
hsa-mir-199b,0.007303663798815574
hsa-mir-19b-1,0.005424087512036282
hsa-mir-19b-2,0.010570241797318055
hsa-mir-200b,0.009250085532615443
hsa-mir-203,0.002386991943467292
hsa-mir-204,0.003314397388569106
hsa-mir-20b,0.002240857865841435
hsa-mir-2110,0.009089276312008225
hsa-mir-214,0.010309628020129007
hsa-mir-215,0.0026668321318992125
hsa-mir-217,0.002069500094965852
hsa-mir-218-2,0.01354156122183337
hsa-mir-219-1,0.004776630138110305
hsa-mir-22,0.012779255254124816
hsa-mir-221,0.002336126839933554
hsa-mir-223,0.010344027215138924
hsa-mir-2277,0.013306372903189125
hsa-mir-2355,0.00432149196071739
hsa-mir-23a,0.005656742666491552
hsa-mir-23b,0.007658040234148229
hsa-mir-24-1,0.005351098417066717
hsa-mir-25,0.002471934706512304
hsa-mir-26a-1,0.009882825865003015
hsa-mir-26a-2,0.019714543531386155
hsa-mir-27b,0.007101492727206393
hsa-mir-28,0.008620460744035729
hsa-mir-296,0.007266976588793685
hsa-mir-29a,0.013698035247164415
hsa-mir-29b-1,0.01554656960855449
hsa-mir-29c,0.025200448269156885
hsa-mir-3065,0.0030276244959014913
hsa-mir-3074,0.01621874288372413
hsa-mir-30b,0.009075834724264655
hsa-mir-30c-1,0.007642140652398393
hsa-mir-30c-2,0.027859293221280147
hsa-mir-30d,0.005607296997062448
hsa-mir-3127,0.005455339011632997
hsa-mir-3129,0.0035920430913371913
hsa-mir-3130-1,0.006596768141657304
hsa-mir-3150b,0.013167984039506243
hsa-mir-3173,0.00468693531699831
hsa-mir-32,0.009138992587810705
hsa-mir-320b-2,0.007012954784191247
hsa-mir-320d-1,0.009445646028671855
hsa-mir-320d-2,0.004939161685895258
hsa-mir-323,0.003320552583357555
hsa-mir-323b,0.002919079357060836
hsa-mir-326,0.004441855145417451
hsa-mir-328,0.004801362557282401
hsa-mir-330,0.004589325298651847
hsa-mir-335,0.0034998402647567943
hsa-mir-337,0.004981709228310354
hsa-mir-338,0.003474739331889637
hsa-mir-339,0.007857278922387318
hsa-mir-33a,0.0038934361299384638
hsa-mir-33b,0.004426749786772376
hsa-mir-340,0.004760925729363813
hsa-mir-342,0.037417710253696945
hsa-mir-345,0.01817718097168594
hsa-mir-34a,0.009480877405773537
hsa-mir-34b,0.004314193258113544
hsa-mir-34c,0.004137553403976468
hsa-mir-3605,0.005338383434714251
hsa-mir-3607,0.011163477590110256
hsa-mir-361,0.010185259426149283
hsa-mir-3610,0.0062116404258532225
hsa-mir-3613,0.003273804136050857
hsa-mir-3614,0.0027826783114226184
hsa-mir-3615,0.0019128319158306633
hsa-mir-363,0.0021308076201012266
hsa-mir-3647,0.003234819033316593
hsa-mir-3648,0.002975143344234016
hsa-mir-365-1,0.010847441102461726
hsa-mir-365-2,0.010564426132288675
hsa-mir-3651,0.010355035818196115
hsa-mir-3653,0.0060068106415554065
hsa-mir-3676,0.0024911171457458895
hsa-mir-3677,0.01155378786324891
hsa-mir-3678,0.0045251012049678085
hsa-mir-3682,0.02041494553265448
hsa-mir-3687,0.004767336233368869
hsa-mir-369,0.0037412511388803804
hsa-mir-3690,0.011452497470338854
hsa-mir-370,0.002973566113822499
hsa-mir-374a,0.011312147849013628
hsa-mir-374b,0.013712520108608552
hsa-mir-376a-1,0.0029046273518481694
hsa-mir-376b,0.002774955054995599
hsa-mir-376c,0.0032596754787016257
hsa-mir-379,0.0036289079167104647
hsa-mir-380,0.0024978094100462558
hsa-mir-382,0.0029361030336698306
hsa-mir-3909,0.010800246961361953
hsa-mir-3912,0.024336113062626043
hsa-mir-3913-1,0.002503625777585532
hsa-mir-3917,0.008108052855406002
hsa-mir-3922,0.007972228558505006
hsa-mir-3934,0.011922976106486488
hsa-mir-409,0.008914697711125286
hsa-mir-410,0.0023918868179362836
hsa-mir-411,0.0024635638030963717
hsa-mir-412,0.013891233308761611
hsa-mir-421,0.005610355940847244
hsa-mir-424,0.0029289663373350972
hsa-mir-425,0.0068786493753066474
hsa-mir-431,0.0024950936943084513
hsa-mir-432,0.0025985965727297064
hsa-mir-4326,0.0055010650445289615
hsa-mir-433,0.003716427962951039
hsa-mir-450a-1,0.009749150729881518
hsa-mir-450a-2,0.007303693420469393
hsa-mir-450b,0.006367030393249498
hsa-mir-451,0.001632461691540099
hsa-mir-483,0.0015203910839971075
hsa-mir-484,0.003080950029164329
hsa-mir-485,0.002741486074715543
hsa-mir-486,0.002122016194648949
hsa-mir-487a,0.002271157784495875
hsa-mir-487b,0.004073299404442919
hsa-mir-491,0.004372705606503941
hsa-mir-493,0.0016706089869801511
hsa-mir-496,0.0022389451000528935
hsa-mir-500a,0.006360186556639396
hsa-mir-501,0.006418048252890158
hsa-mir-503,0.003967915917994612
hsa-mir-504,0.00486616863334905
hsa-mir-508,0.0025723781369124178
hsa-mir-509-1,0.004483074817208914
hsa-mir-509-2,0.006163412195691158
hsa-mir-509-3,0.00525820049150665
hsa-mir-514-1,0.004180291177773488
hsa-mir-514-2,0.004077758982821526
hsa-mir-514-3,0.004588868712115114
hsa-mir-526b,0.0023897367975796013
hsa-mir-532,0.007939217957181345
hsa-mir-539,0.0023102073244663157
hsa-mir-541,0.0036323652242518925
hsa-mir-542,0.012261540258752085
hsa-mir-543,0.0031948221643545403
hsa-mir-548v,0.0031678918087771767
hsa-mir-550a-1,0.0019717551551243924
hsa-mir-550a-2,0.0028745133742201045
hsa-mir-551b,0.002825204020120335
hsa-mir-556,0.004507618508840796
hsa-mir-574,0.00842467837635827
hsa-mir-576,0.00667039727313242
hsa-mir-579,0.009187448442958303
hsa-mir-581,0.007874111797612524
hsa-mir-582,0.003994144264815995
hsa-mir-589,0.0024371215844298725
hsa-mir-598,0.006424373404499131
hsa-mir-615,0.005036293270073562
hsa-mir-624,0.002567406781011097
hsa-mir-625,0.007976075473699986
hsa-mir-627,0.012123943545029412
hsa-mir-628,0.00461368240704457
hsa-mir-629,0.002431666879537088
hsa-mir-639,0.004913725503292156
hsa-mir-642a,0.0021270259873960163
hsa-mir-643,0.00495063310700526
hsa-mir-651,0.003424079258481064
hsa-mir-652,0.0037954173225498485
hsa-mir-653,0.00638824783313928
hsa-mir-654,0.003944411922622937
hsa-mir-656,0.007271843897078477
hsa-mir-659,0.004258916339573804
hsa-mir-660,0.008181670805464053
hsa-mir-675,0.0018887457566323929
hsa-mir-7-2,0.0035266505455837567
hsa-mir-708,0.004279894079822577
hsa-mir-758,0.002876197930773002
hsa-mir-766,0.0062650092796781
hsa-mir-874,0.005620856686352248
hsa-mir-885,0.005031803767350849
hsa-mir-887,0.00770133244777082
hsa-mir-889,0.0030005431618871543
hsa-mir-9-1,0.0020077261581784725
hsa-mir-9-2,0.0025544952404767465
hsa-mir-92a-2,0.004446063303769735
hsa-mir-935,0.003345116624896379
hsa-mir-937,0.003488725435200142
hsa-mir-942,0.00284492457503301
hsa-mir-944,0.005163588028100352
hsa-mir-95,0.0039922393153005945
hsa-mir-98,0.004535202109196404
hsa-mir-99a,0.012887271539937347
hsa-mir-99b,0.011331833263864013
