,features,shapley_values
0,DBF4|10926,0.0010012360225325869
1,DACH1|1602,0.0021305858388630974
2,BBS4|585,0.0008972345436350951
3,L3MBTL4|91133,0.001358405051539315
4,TK1|7083,0.0011081452584795234
5,KIAA1370|56204,0.0010344877803012548
6,GPD1L|23171,0.0009522200735282876
7,RERG|85004,0.001132871118513844
8,RAPGEF3|10411,0.000995394296944382
9,FBXO36|130888,0.0009324839722020639
10,LHFP|10186,0.0009980211365795786
11,PRRT3|285368,0.0010610813566333548
12,CDC123|8872,0.0008329439484226408
13,ZBTB4|57659,0.0008873732025300852
14,LPIN1|23175,0.0010094537354125288
15,CLSTN2|64084,0.0021870373382933445
16,CALCOCO1|57658,0.0009298340000886005
17,INPP4B|8821,0.0014961581815017115
18,CCDC82|79780,0.0007927755989458116
19,TLE3|7090,0.0008478595655994085
20,C16orf71|146562,0.001160206703473716
21,MICALL1|85377,0.0010059750622889666
22,INPP5J|27124,0.0016231168776214872
23,HDGF|3068,0.0006831078171856708
24,TMEM206|55248,0.0008027567666451422
25,RABEP1|9135,0.001018812717193882
26,C10orf32|119032,0.0009343288537835899
27,STARD10|10809,0.0010351986367363834
28,DNAJC12|56521,0.0019646375591970953
29,CELSR1|9620,0.0010087157148484219
30,ACOT4|122970,0.0011109872633884058
31,PGPEP1|54858,0.0011261075962443199
32,KCMF1|56888,0.0008742956810109691
33,WDR19|57728,0.0007384164447520942
34,C6orf211|79624,0.00110467209378997
35,PHGDH|26227,0.0011141604700915942
36,BCAM|4059,0.0011145971419877808
37,POP1|10940,0.0010440707377346444
38,CIT|11113,0.001066089587558815
39,FGD3|89846,0.0018147724488338148
40,ZNF763|284390,0.0008655788773491204
41,LMX1B|4010,0.0013104138584260363
42,TRIM3|10612,0.0009458436516330603
43,MFGE8|4240,0.001117685361486511
44,FAM63A|55793,0.0009397036037750546
45,SLC43A3|29015,0.0007865647440750842
46,PDP1|54704,0.0010307811053879633
47,TYW1|55253,0.0008987606787890232
48,ZBTB44|29068,0.000833729180821965
49,IRX3|79191,0.0009431614231433803
50,NAPB|63908,0.0010041671091079458
51,OPHN1|4983,0.0008488880460858243
52,C16orf42|115939,0.0010721713899184563
53,PFAS|5198,0.0009374232347952672
54,C15orf61|145853,0.0007561295163564224
55,MORF4L1|10933,0.0008889146677927632
56,DIAPH1|1729,0.0008407056964010448
57,AP3M2|10947,0.0006831797958491672
58,ZNF347|84671,0.0008485174222458449
59,RBP1|5947,0.001150948713488194
60,ICK|22858,0.000727591598810959
61,DHRS4|10901,0.0008378054251007837
62,MEX3C|51320,0.0009683600526693603
63,NT5DC1|221294,0.0009056292108157508
64,SNX4|8723,0.0009493003187843474
65,GPC1|2817,0.0009254148657240992
66,C14orf118|55668,0.0008755821395371351
67,FTL|2512,0.0007008091099653595
68,RGS4|5999,0.0010286779131764108
69,C15orf40|123207,0.00077913704558285
70,GGTLC2|91227,0.001034809290468693
71,ZNF384|171017,0.0009417178558181459
72,ZBTB10|65986,0.0007901525652995276
73,ASCC2|84164,0.0006299288249695051
74,BRAP|8315,0.0008098014651793323
75,CYB561D1|284613,0.000837977650704112
76,COX7A2L|9167,0.0009500288742667576
77,GFPT2|9945,0.000943576080722906
78,NNT|23530,0.0008866988154777728
79,FAM21C|253725,0.0008676441232924146
80,RUNDC2C|440352,0.0007412270252207401
81,PSMD13|5719,0.000828295102911664
82,PRF1|5551,0.001007320476591706
83,ITGB3BP|23421,0.0008814487417135382
84,ATP6V1D|51382,0.0007539721501049734
85,PPFIBP2|8495,0.0008354626329400117
86,UGGT1|56886,0.0007833113528719726
87,SP110|3431,0.0009000014595736332
88,FAM53C|51307,0.0009175487910024802
89,MTMR4|9110,0.000932215689241895
90,TRIM22|10346,0.0007892789456412699
91,UBE4B|10277,0.0008858579371202819
92,ZNF383|163087,0.0007068115207008528
93,PQLC3|130814,0.0007886035081217474
94,TMCO6|55374,0.0007269530981830649
95,UTP20|27340,0.0009551379613799546
96,SNX15|29907,0.0008756289207744864
97,LTBP1|4052,0.0008703531222113005
98,TMEM187|8269,0.000904005658575652
99,MMP15|4324,0.0010953264179429214
100,DENND1C|79958,0.0007307328142683579
101,C3orf62|375341,0.0008881287356297973
102,RIOK3|8780,0.0009326023755051394
103,BPTF|2186,0.0008553679485244201
104,GPSM1|26086,0.0009175356358431363
105,SELS|55829,0.0008443549984134309
106,MAMSTR|284358,0.000952414605242459
107,ING5|84289,0.0007530789532514471
108,ATXN7L3B|552889,0.0007812364456277053
109,ZBTB2|57621,0.0008002120766315609
110,PPME1|51400,0.0008667999116710296
111,DNAJC21|134218,0.0008650574324917837
112,RPS11|6205,0.0010301747456869755
113,DNAJC13|23317,0.0010121424217324551
114,ZNF576|79177,0.0008329618862044001
115,SAR1A|56681,0.0008626221906535437
116,HSP90AB2P|391634,0.0009968622521439778
117,STARD4|134429,0.0007547817672109576
118,FLJ42627|645644,0.0010110452387266456
119,CAPN12|147968,0.0008127704915600576
120,ZMAT3|64393,0.0009437608807822135
121,FAM50B|26240,0.0007735091086087546
122,SLC38A10|124565,0.0008882927917549754
123,UNC13B|10497,0.0007554534381465572
124,LOC651250|651250,0.0008912602653404556
125,PPP2R5A|5525,0.0008835418588116057
126,EFHD2|79180,0.0009421416201985985
127,CCDC101|112869,0.0008167426505441686
128,MIER2|54531,0.0008403181094969981
129,ANP32A|8125,0.0008456166328006122
130,NOM1|64434,0.000994833387700665
131,CMPK2|129607,0.0009522750292300104
132,COPG2|26958,0.0006270989123970384
133,TCFL5|10732,0.000765149323332649
134,UAP1|6675,0.0009924697547157863
135,RGS3|5998,0.0009284758341445092
136,NCRNA00115|79854,0.0007909179012426361
137,GLIS2|84662,0.001009163471893886
138,NDUFA6|4700,0.0008857562121416366
139,FAM53A|152877,0.0008973981987329606
140,HES1|3280,0.0008854561794192226
141,JRK|8629,0.0009331114436101086
142,ARL6IP6|151188,0.0010401083169904474
143,CROCCL1|84809,0.000915360992890396
144,GXYLT1|283464,0.0009030763790289681
145,CCDC102B|79839,0.0008088104673446201
146,RTEL1|51750,0.0007441283349440541
147,FOXO3|2309,0.0007588710684676516
148,NUP43|348995,0.0007684365314260121
149,ZNF517|340385,0.0009324571193352793
150,RRP7B|91695,0.000956131695969936
151,TCIRG1|10312,0.0009612639565288689
152,PLBD1|79887,0.0008171158320308461
153,FGD6|55785,0.0010847797383729202
154,KCTD15|79047,0.0008069603441950397
155,RAB3GAP1|22930,0.0008974002671667451
156,NFKB1|4790,0.0007253073944750361
157,CTSA|5476,0.0009409760283361451
158,VSIG10|54621,0.0008430012963731194
159,HMBOX1|79618,0.00097701932219399
160,CDK5RAP1|51654,0.0008589010744529404
161,MAPKAPK3|7867,0.0008322905610334687
162,MTA1|9112,0.0008516132990621256
163,BRD9|65980,0.0008334988420875412
164,C5orf25|375484,0.0009326235204021711
165,SLC38A2|54407,0.0009168214817115381
166,LOC730101|730101,0.0007882620701653213
167,DLG1|1739,0.0008532446805350005
168,CREBBP|1387,0.0008160722668144211
169,ZFP112|7771,0.0008200160675040449
170,CERK|64781,0.0008542191117383237
171,ASAP1|50807,0.0008291266703112215
172,INPPL1|3636,0.0009348277218197183
173,HSDL1|83693,0.0009921087360497656
174,CAMKK2|10645,0.0008199281064170583
175,GIPC3|126326,0.000847142105308731
176,ATP6V1A|523,0.0007917046838984557
177,A4GALT|53947,0.000931794471387757
178,IWS1|55677,0.0007552338325533849
179,SECTM1|6398,0.0009561036505637113
180,C14orf1|11161,0.0007514509882683973
181,MLLT3|4300,0.000776979567900974
182,SUPT7L|9913,0.0008618049805754178
183,RSRC1|51319,0.0009534977406444928
184,SDHAP3|728609,0.0008804301697555455
185,LAMP2|3920,0.000990003877896507
186,DSCR3|10311,0.0007141089433276694
187,SLC43A1|8501,0.0008402048991671021
188,HGSNAT|138050,0.0008924462507708076
189,CNOT2|4848,0.0008298767232852839
190,ZNF682|91120,0.0009592350210304992
191,C2orf7|84279,0.0008075936635944985
192,DDX59|83479,0.0008134595568987965
193,HOPX|84525,0.0008358258356963742
194,POU2F2|5452,0.0009926218528363171
195,CCDC34|91057,0.0007509389727552188
196,POLR3F|10621,0.0008894419248925893
197,ADAMTS4|9507,0.000884121089166146
198,LMCD1|29995,0.0009617592970637837
199,DIS3L2|129563,0.0007878835805712937
200,MUT|4594,0.0008674696841840026
201,PARG|8505,0.0008501770010970312
202,ZNF322A|79692,0.0007611700013262238
203,ANKRD10|55608,0.0008258019759386373
204,TERF2|7014,0.0007740024345118851
205,NIPAL3|57185,0.0008002770402391851
206,UBR5|51366,0.000687316339022488
207,SEPT2|4735,0.0009140701619847528
208,DNAJC7|7266,0.0008303006439845234
209,ACY1|95,0.0008477293424718642
210,GPR4|2828,0.0009836988106326863
211,DPAGT1|1798,0.0009314505482085529
212,ALG8|79053,0.0009339480141634085
213,EML1|2009,0.0007052913008979072
214,POFUT1|23509,0.0009667349834508465
215,NFASC|23114,0.0011201614401881031
216,USP51|158880,0.0010326703092775262
217,TNFAIP8L1|126282,0.0008135142161453104
218,TRMT5|57570,0.0010011500911318208
219,ECH1|1891,0.0007226804352799908
220,SGPP1|81537,0.0008124319350748955
221,CEP250|11190,0.0009727888269352239
222,DIO2|1734,0.0011459406868900583
223,RABGGTB|5876,0.0009156314111675647
224,KIAA0226|9711,0.0008862338924667862
225,ZNF354A|6940,0.0008737826313320853
226,BRF2|55290,0.0010221296677802533
227,LOC100130776|100130776,0.0009294989375325161
228,NOL6|65083,0.0008172318578463141
229,BRPF1|7862,0.0008111554123101437
230,COX16|51241,0.0008064791268877732
231,ZNF616|90317,0.0008802600871437513
232,FLCN|201163,0.0010080129463663737
233,GPN2|54707,0.0009166852381551794
234,C9orf3|84909,0.0009155225058609934
235,MPP1|4354,0.0009913925073106703
236,ZNF268|10795,0.0008480883398803967
237,CD24|100133941,0.0011616860139209968
238,FAM167B|84734,0.0010398907467122171
239,LOC25845|25845,0.0009003345637243914
240,ANKRD13B|124930,0.0008351297034177913
241,PCDHB16|57717,0.0008717699534322077
242,SLC24A3|57419,0.0011854660039113747
243,ZNF197|10168,0.0008881377885670196
244,PTHLH|5744,0.0015860084070955375
245,SGSM3|27352,0.0009752386109132538
246,ACSS1|84532,0.0008156694350270474
247,ZNF155|7711,0.0008667495085111553
248,KIAA0368|23392,0.0008506583300154961
249,ACTR5|79913,0.0009077055439650184
250,ARF4|378,0.0007349713144580989
251,CYB5R4|51167,0.000985633325965006
252,TRIM5|85363,0.0007863807930894896
253,MGC57346|401884,0.0008336871238300202
254,GRIPAP1|56850,0.001030549914513426
255,ALDH5A1|7915,0.000917946030234855
256,C6orf48|50854,0.0008091401501462471
257,OXA1L|5018,0.0008675375464920585
258,NCOR2|9612,0.0007043809205266537
259,KBTBD11|9920,0.000853415690443249
260,ZNF710|374655,0.000723653150807587
261,RAB20|55647,0.0008941903542753654
262,ATP5O|539,0.0009493492406625898
263,NDUFB5|4711,0.0009937190466781367
264,PHRF1|57661,0.0009485450091637256
265,MAPK1IP1L|93487,0.0008467232879945623
266,NAA40|79829,0.0007775465572720271
267,ISG20|3669,0.0008372965542866494
268,CXCR4|7852,0.0009224401888108264
269,RAPGEF5|9771,0.0009428667627073626
270,INTS3|65123,0.0008780618926022811
271,SLC17A9|63910,0.0011916607832929233
272,RAD23A|5886,0.0008972513218048053
273,ASTE1|28990,0.0010663678233497776
274,C10orf88|80007,0.0009938543772711106
275,ITGA2|3673,0.0010001748754430565
276,RAB18|22931,0.0010728665581931527
277,PPFIA3|8541,0.0009976500964127477
278,HLA-C|3107,0.0008169992599142246
279,SFRS14|10147,0.0008622896162626134
280,GEMIN5|25929,0.0008015042414961694
281,LSM5|23658,0.0007902723909371566
282,CDH11|1009,0.0009336138073842383
283,TRAPPC1|58485,0.0008019918482002103
284,FAM108B1|51104,0.0009964009642441391
285,TATDN3|128387,0.0007674381763621306
286,HNRNPA3|220988,0.0008179729046613986
287,ZDHHC4|55146,0.000897513946052403
288,POM121|9883,0.0009198600136609576
289,LRRN1|57633,0.0017565345826960925
290,GOPC|57120,0.0007958153526423658
291,CAMK1D|57118,0.0010437772452757804
292,CEPT1|10390,0.0009318806359732063
293,SLC38A9|153129,0.0007180854726753299
294,ATXN10|25814,0.0009707420403154271
295,SS18L1|26039,0.000892589716529491
296,ELFN1|392617,0.0009875060311513766
297,HNRPLL|92906,0.0008792145808515742
298,DDX46|9879,0.0009545416294213841
299,CARD16|114769,0.0008148470353355145
300,C20orf54|113278,0.0010827905711806053
301,SHOX2|6474,0.0009630690700929866
302,RALBP1|10928,0.0010007371329791574
303,CDYL|9425,0.0008669221507733854
304,NRP2|8828,0.0008607320739190648
305,TUBA1A|7846,0.0008332961819400274
306,HOXB6|3216,0.0011282532720345822
307,KCNQ1|3784,0.0009052642377011622
308,B9D1|27077,0.0008701550595946721
309,TSPAN12|23554,0.0009814611871425873
310,PIGZ|80235,0.0007763260276184478
311,C5orf33|133686,0.0007132030460842175
312,TBP|6908,0.0007011605057204602
313,AGPHD1|123688,0.0008307721873781939
314,RSL24D1|51187,0.0007620332501887441
315,NOL9|79707,0.0009346906613830648
316,STK35|140901,0.0009775306162931132
317,C5orf39|389289,0.000999843981328956
318,ZFP161|7541,0.0007256428460882331
319,SLC29A1|2030,0.001058783321939493
320,PPP2R3B|28227,0.0009580689756552913
321,SNTA1|6640,0.0008561420969221939
322,MTCP1NB|100272147,0.0008169324388836508
323,PRKRIR|5612,0.0007768990992721603
324,AVL9|23080,0.0009313858181926744
325,UBL7|84993,0.0009608505457762869
326,TAF1C|9013,0.0007947902541689661
327,ZNF750|79755,0.0013945597255281567
328,WBP11P1|441818,0.0008966390442886313
329,TTC27|55622,0.0007723273794432085
330,LYRM5|144363,0.0007629163897821961
331,ZNF137|7696,0.0009334070078813315
332,ANKRD52|283373,0.0009636927486255728
333,TBC1D10A|83874,0.0007810084255505507
334,UBAC2|337867,0.0006845778924074662
335,RCE1|9986,0.0007767323579018772
336,UBTD2|92181,0.000836979276740559
337,ZNF574|64763,0.0009295807606117433
338,RAF1|5894,0.0008823932607618212
339,UQCRC2|7385,0.0007279190803678893
340,ENTPD6|955,0.0009411550461686004
341,DEAF1|10522,0.0008194752274715372
342,TIRAP|114609,0.0008537526134865979
343,ATG4A|115201,0.0007531765144237906
344,RNF144B|255488,0.000980710479414291
345,AP4E1|23431,0.0007725620105322224
346,MED19|219541,0.0007503642344739391
347,TNIK|23043,0.0010089965735570632
348,MBD1|4152,0.0009300400940629599
349,TMTC4|84899,0.0007731844719133596
350,MFN2|9927,0.0008604535790486533
351,TRIM38|10475,0.0009573036122366794
352,TNKS1BP1|85456,0.0009863341237780336
353,MAK16|84549,0.0011780327310281803
354,SV2A|9900,0.0007694007560771973
355,PCYT2|5833,0.0007382974457701473
356,INF2|64423,0.0007683645147496628
357,AP3D1|8943,0.0007769749220033368
358,DNAJC24|120526,0.0007976470641060102
359,ACAP3|116983,0.0008500192359150824
360,DSG2|1829,0.0008496608696987191
361,PIK3C3|5289,0.0007872168579077599
362,SERGEF|26297,0.000880655778021036
363,AEN|64782,0.0007586302155715286
364,LITAF|9516,0.0007730148368656003
365,SPATS2L|26010,0.0007714571039350073
366,ANKRD37|353322,0.0008962203684455024
367,HPS4|89781,0.0008351477516322458
368,NARS|4677,0.0006824528649031518
369,COPS7A|50813,0.000998995288946948
370,GADD45B|4616,0.0008946659254965411
371,ZFP1|162239,0.0008147889940568787
372,FGFRL1|53834,0.0008562360280574886
373,C7orf55|154791,0.0008956177425719414
374,C19orf57|79173,0.0010747298346354159
375,LLPH|84298,0.0007969453689653015
376,HHIPL1|84439,0.0008529164078077409
377,FBXW8|26259,0.0007887300933167901
378,SHISA2|387914,0.0016104685526489146
379,GOLGA7|51125,0.000816244229336128
380,SMARCE1|6605,0.0008142990586743173
381,HSPA6|3310,0.0009278727826675301
382,BCR|613,0.0008232853172812312
383,CCR1|1230,0.0011002681196479187
384,NLGN2|57555,0.0008010415955236794
385,ALS2|57679,0.0008782481501813388
386,MFSD6|54842,0.0008097695305820604
387,C8orf42|157695,0.001028053066409468
388,LAMB1|3912,0.0007895371061854244
389,EFR3B|22979,0.0007310022125985902
390,GCHFR|2644,0.00098912155030033
391,LOC149837|149837,0.0008577234923563753
392,RANBP10|57610,0.0008725659812218418
393,KCTD11|147040,0.0008027989131915629
394,IL18|3606,0.0008823676805154712
395,NMNAT1|64802,0.0009309134022397833
396,BST2|684,0.0008301178232500899
397,RDH11|51109,0.0008976774779874393
398,IRF5|3663,0.0007481779178912388
399,ALDH9A1|223,0.0008553314190135017
400,C1orf216|127703,0.0009118501515239278
401,RPL17|6139,0.0009539410860154069
402,EPHX1|2052,0.0007947719640996363
403,NME6|10201,0.0007363808790755368
404,PRPF40B|25766,0.0007585256971138704
405,TRIM9|114088,0.0009278743887543197
406,PITPNM1|9600,0.0008768264783368597
407,LOC146880|146880,0.0007241329830544667
408,RPS6KC1|26750,0.0008041829997328953
409,APOC1|341,0.001004065212884144
410,RNF216|54476,0.0008415446326379845
411,ADAMTS7|11173,0.0009066784541653231
412,FAM164A|51101,0.0009986830976653057
413,ATXN1|6310,0.0010306873657415128
414,CD2AP|23607,0.000870658422585436
415,ACOT11|26027,0.0008963950859919947
416,MAT2A|4144,0.0008080185185948195
417,CXorf26|51260,0.0007896869617008312
418,ARL2BP|23568,0.0008989386261456179
419,ATP5H|10476,0.0009594966958239833
420,B3GALT4|8705,0.000850017990207727
421,MRPS28|28957,0.000775058376413179
422,TRNAU1AP|54952,0.0006901545617228201
423,DUSP14|11072,0.0008870482773195033
424,TUBGCP5|114791,0.000896103336680571
425,ATP10D|57205,0.0008800020423766141
426,GPX4|2879,0.0007422013687135205
427,ERCC8|1161,0.0007791335532068401
428,CAPN1|823,0.0007138604086948931
429,GSDMB|55876,0.0012239452516738867
430,C4orf32|132720,0.0010613548504718037
431,C14orf45|80127,0.0009284855115301003
432,TMCC2|9911,0.0012745185822467659
433,NDRG2|57447,0.0010207690454971867
434,RAI2|10742,0.001336928766779173
435,FSCN1|6624,0.0011401243880129158
436,NCAPD2|9918,0.0010508932930512367
437,LRIG1|26018,0.0010863683979521538
438,MCM6|4175,0.0011831055185253783
439,LDHB|3945,0.0010114991678917492
440,RHOB|388,0.0008814003691793258
441,RNASE4|6038,0.0009487006031026485
442,SPEF2|79925,0.0008119507197163109
443,CACNA2D2|9254,0.0015843162324055329
444,TINAGL1|64129,0.001555652024412765
445,P4HTM|54681,0.0011207309253077721
446,ATP8B1|5205,0.0009599301203269544
447,ZNF467|168544,0.0011357249235456682
448,TMBIM6|7009,0.0007803258234634306
449,PLOD1|5351,0.000836186474524876
450,CHST2|9435,0.0009370979625008714
451,MYB|4602,0.0014826578731138556
452,CSRP2|1466,0.0010643456571973694
453,WDR67|93594,0.000828586453205341
454,FAM102A|399665,0.001052580181497927
455,RALGPS2|55103,0.0012315888548788494
456,TUBB|203068,0.0007793338066972226
457,IVD|3712,0.0008569718614364453
458,NUDT12|83594,0.0009794625876992733
459,SLC4A8|9498,0.0013502648241137973
460,CYYR1|116159,0.0011271103339155115
461,WFS1|7466,0.0008432829472425855
462,CCT5|22948,0.0009246785216184884
463,TADA2B|93624,0.0008321940952751915
464,PREX1|57580,0.0011328269790349607
465,EVL|51466,0.0012561908120845152
466,LOC286367|286367,0.001216366047115778
467,CIRBP|1153,0.000872428977224613
468,TCF7L1|83439,0.0011644651658498468
469,MMP11|4320,0.001963879451843596
470,PCBD2|84105,0.0008098200561211651
471,PSMB2|5690,0.000874777670127388
472,PCNA|5111,0.0009965033526980476
473,YARS|8565,0.0009477543662326205
474,XPO5|57510,0.0009652714548291159
475,AMD1|262,0.0008343539006537386
476,PM20D2|135293,0.0011911285959587356
477,TP53INP1|94241,0.0010020895416231331
478,GNAI1|2770,0.0010860278941535952
479,WWP1|11059,0.0008333811667243742
480,CSDA|8531,0.0009987615010277103
481,FAM107A|11170,0.001771554282932924
482,KIAA0141|9812,0.0009473389857796229
483,MTHFD2|10797,0.0009860640787576992
484,LOC158376|158376,0.001211492336314039
485,ABLIM3|22885,0.0013384506463467913
486,TMBIM4|51643,0.0009497414118800709
487,EXOC6|54536,0.0007999815883006378
488,ANKRD42|338699,0.0008799677281634858
489,RIPK2|8767,0.0009363695326820595
490,RAD51C|5889,0.0009534645660058817
491,PEX3|8504,0.0006942209476024988
492,SLC16A13|201232,0.0009187406875894998
493,FASTKD2|22868,0.0006688836495580827
494,SLAIN2|57606,0.0008986346306039815
495,ATAD3C|219293,0.001198333437241704
496,ALDH7A1|501,0.0007464535740854519
497,XYLT1|64131,0.0009279846167046178
498,DOK3|79930,0.0009293428525660658
499,PHF21A|51317,0.0006508178649497827
500,PDLIM7|9260,0.0009405449548793147
501,PRRX2|51450,0.0009109216712497362
502,LOC100130015|100130015,0.0008060929916645593
503,SEMA4D|10507,0.0006303869052571413
504,MDK|4192,0.0008592586337559098
505,COG1|9382,0.0007919950553815266
506,CDR2|1039,0.0009216016077214482
507,NUFIP1|26747,0.0008455151613589511
508,PMS2L1|5379,0.000809290841451012
509,SERTAD1|29950,0.0010099307442825681
510,CTSB|1508,0.00071514524721077
511,TECPR1|25851,0.0008670605830934644
512,KIFAP3|22920,0.0007139648275803672
513,CPNE1|8904,0.0009333422423005396
514,SLC37A4|2542,0.000998888900989408
515,C2orf24|27013,0.0007829232362234283
516,BGLAP|632,0.0007620572720212332
517,MFSD11|79157,0.0007686242873154827
518,ACRC|93953,0.000854411707416102
519,RECQL5|9400,0.0007760589481886896
520,GALNT11|63917,0.0007373835269040615
521,CALM2|805,0.0008458799746796483
522,LRRC20|55222,0.000771837329090237
523,LOC400657|400657,0.0008635624360172872
524,S1PR5|53637,0.0010214712285651806
525,DAPP1|27071,0.0009838164896975885
526,PPHLN1|51535,0.0009221132275568221
527,USPL1|10208,0.0009577060545675586
528,LOC143666|143666,0.0008462362188287767
529,NUPL1|9818,0.0009282089561258866
530,LOC649330|649330,0.0007464641306069744
531,ZNF584|201514,0.0008675462026799864
532,MBTPS1|8720,0.000792054537306873
533,CEP135|9662,0.000755148232173791
534,SYMPK|8189,0.0009962206989362313
535,NDUFA10|4705,0.0008407059005613043
536,ZNF718|255403,0.0008358372276515265
537,EIF4A2|1974,0.0008112224379453946
538,CNN3|1266,0.000853691511433355
539,C14orf101|54916,0.0007906895788532011
540,RTP4|64108,0.0008700669580912667
541,OSBPL6|114880,0.0009383094143417179
542,HOMER1|9456,0.0008569065744110475
543,MRI1|84245,0.0008722526041936641
544,SARS2|54938,0.0008250534825771182
545,TBC1D24|57465,0.0009757336698562517
546,SNX30|401548,0.0007940255260708408
547,LOC723972|723972,0.0009580468242057765
548,FAIM3|9214,0.0010005040535981152
549,SEC22A|26984,0.0008507610972801825
550,TRIB2|28951,0.0009309770630336338
551,CYB5RL|606495,0.0008881127704026939
552,SUZ12P|440423,0.0008908367871011661
553,CHCHD10|400916,0.0008008524399715114
554,KIAA0753|9851,0.0009064834965616895
555,DRG2|1819,0.0006997530152409714
556,SMAP2|64744,0.0007538602057839476
557,CEP170|9859,0.0007110711861338787
558,DOT1L|84444,0.0009597474251963702
559,ZNF788|388507,0.0008677775564854281
560,DNAJA2|10294,0.0008975629525342023
561,RPA2|6118,0.0007323872810762594
562,YY1|7528,0.0006697329242814971
563,PCDHB3|56132,0.0009644886052041279
564,ZCCHC17|51538,0.0009479936404813096
565,SEC23A|10484,0.0007706665188445822
566,METT10D|79066,0.0009071386210125455
567,C13orf29|283487,0.0008448090033493439
568,ALG9|79796,0.0008667242149546926
569,C6orf132|647024,0.0009914413343835474
570,TMPRSS13|84000,0.0009930086946033953
571,PCNP|57092,0.0008935597753633384
572,SRA1|10011,0.0008961076629625768
573,C4orf52|389203,0.000654959410290941
574,ICOSLG|23308,0.0007498994412522172
575,SNRNP200|23020,0.0008534636472057791
576,SOCS4|122809,0.0009909304055900343
577,RBBP8|5932,0.0009454727155792108
578,ACTR1B|10120,0.0010007623993623339
579,PDE6D|5147,0.0008439450619657247
580,OXNAD1|92106,0.000809879242333179
581,MTMR11|10903,0.0009145187392523921
582,LOC729082|729082,0.0006617584342151348
583,GFOD2|81577,0.000805033403176654
584,PHF3|23469,0.0008461222011193163
585,LOC339047|339047,0.000980160025593438
586,CC2D1A|54862,0.0008712642158375165
587,FAM109B|150368,0.0008769668311577468
588,SEMA4A|64218,0.000926988025894518
589,MYO1D|4642,0.0008044665011213177
590,VPS37A|137492,0.0008354183135897556
591,GLB1L|79411,0.000782956068595462
592,TIAF1|9220,0.0008200254846597638
593,ZFAND2B|130617,0.0008844630137828193
594,FAM53B|9679,0.0009119086604164604
595,ZNF470|388566,0.000855418797939054
596,DNAJC10|54431,0.0008869203068284804
597,LIMD1|8994,0.0008998927590042036
598,AIMP1|9255,0.0008047561159921801
599,CCDC132|55610,0.0007602428356050947
600,FADD|8772,0.0008761480498921618
601,PMS2L5|5383,0.0007487678934139079
602,FAM46A|55603,0.000944381453203485
603,UPF1|5976,0.0007597695519920106
604,SIRT5|23408,0.0006608677132434915
605,SERTAD2|9792,0.0007692228369829868
606,KIAA1704|55425,0.0008806861748908649
607,CPT1B|1375,0.0009567325933853692
608,VPS13A|23230,0.0009560957086403267
609,ELF3|1999,0.0008247600611836305
610,ATP5B|506,0.0007734773197784988
611,NRIP3|56675,0.001211128444481174
612,PLEKHA5|54477,0.0007542639894474184
613,RPL39|6170,0.0008398920447392598
614,ATAD2B|54454,0.0007678254719125893
615,C8orf55|51337,0.0009175773036977922
616,MTCP1|4515,0.000771892811918921
617,MICA|4276,0.0008110447715792883
618,CDH1|999,0.0013373461315687896
619,MAP3K4|4216,0.0008292278647392948
620,C2orf79|391356,0.0007986943204222818
621,HEATR7A|727957,0.000847792485288368
622,TMEM5|10329,0.0007781407070288663
623,IFT172|26160,0.0008553838307576772
624,ZBED1|9189,0.0008052311752035086
625,ETFB|2109,0.0010883836728050563
626,STAMBPL1|57559,0.0009253511446332092
627,DGKA|1606,0.0009330323313875583
628,DNAJC6|9829,0.0010336436595359119
629,OSTF1|26578,0.0008046653690168052
630,THBS3|7059,0.0007967918648288433
631,ZNF33B|7582,0.0010376104763750878
632,OSR2|116039,0.0010566973432576956
633,AGPAT5|55326,0.0007167385099526785
634,HERPUD1|9709,0.000777713408349057
635,CHST12|55501,0.00085621483372909
636,KLC1|3831,0.0007751545700497198
637,CDK11A|728642,0.0008465076862685427
638,PLAU|5328,0.0009087595396137803
639,KRAS|3845,0.0009216778893845404
640,TMCO4|255104,0.0008049236770562636
641,F2RL3|9002,0.0009591534446228812
642,CDK5RAP3|80279,0.0009290925689650645
643,FBXL18|80028,0.0008323983091342598
644,LPHN1|22859,0.0009913287106255002
645,SRGAP3|9901,0.0008734252314965302
646,GJA1|2697,0.000980535248564814
647,SCML1|6322,0.000845048708615426
648,ALG2|85365,0.0007650810388224027
649,ZFP30|22835,0.0009626072670138832
650,MBTD1|54799,0.0008003996987473072
651,ASAP3|55616,0.0008933384431667351
652,YIPF5|81555,0.0009305439328866456
653,NOTCH2NL|388677,0.0010688940090889294
654,CYP51A1|1595,0.0008116961690245246
655,CDKN1B|1027,0.0009429512891995972
656,MOBKL2A|126308,0.0007479571307140343
657,AP1M1|8907,0.0009197347596682777
658,POGZ|23126,0.0007963599029605602
659,RAI14|26064,0.0008123111853746245
660,RAB42|115273,0.0009359606846396499
661,PSMG2|56984,0.000907437140504367
662,NOMO3|408050,0.0007874754425408652
663,ANXA2|302,0.0008738924168682145
664,NME2P1|283458,0.0008742124023508695
665,CLIP1|6249,0.0009269761668480957
666,ATP6AP2|10159,0.001006298172037421
667,USP11|8237,0.0008579684763901364
668,PAK1|5058,0.0009480347402016685
669,RNF115|27246,0.0008039534229004192
670,BCAR1|9564,0.00094304877081325
671,MRPS31|10240,0.0007509832560624311
672,TADA2A|6871,0.0007801277303381218
673,POMT1|10585,0.0007304588724421401
674,MRPL43|84545,0.0007056603013426839
675,C3orf42|84657,0.0009761891218364692
676,ZNF143|7702,0.0009630092015347105
677,ADPRHL1|113622,0.0008277299388444301
678,SSBP3|23648,0.0009984735780154239
679,ZNF135|7694,0.0011090515719724577
680,SLC1A1|6505,0.0017249770857214962
681,ITPRIPL2|162073,0.0007161802444922165
682,BCAS2|10286,0.000687058414339009
683,ZNF321|399669,0.0008375001169875948
684,CRYZ|1429,0.0009020141372243023
685,REXO4|57109,0.0008628485109746958
686,NFATC2IP|84901,0.0008566428856773413
687,C20orf111|51526,0.0008311272881106177
688,HSBP1|3281,0.0008310458178180441
689,TRIM14|9830,0.0007596954058073788
690,GMEB2|26205,0.0007719228065374204
691,LYRM4|57128,0.0009691728148518833
692,ATF1|466,0.0009871670985681453
693,KATNB1|10300,0.0007917759359304708
694,KLHL9|55958,0.00098546124238832
695,NOTCH3|4854,0.0008446907552839996
696,RAP1A|5906,0.0010745146794682693
697,ERI1|90459,0.0009513810205344178
698,SIK1|150094,0.0008795782375303248
699,SRPR|6734,0.0008474837226888266
700,UQCRC1|7384,0.0007812256122906541
701,LOC644936|644936,0.0008876226288877626
702,WIPI2|26100,0.0007109941576172872
703,DNAJC25|548645,0.0006117958954265375
704,EMB|133418,0.0008003234909603783
705,TNFRSF6B|8771,0.0008657765400135894
706,PAPD5|64282,0.0009262979398165547
707,TEX2|55852,0.0007493389354994155
708,RPGRIP1L|23322,0.0007029631064862684
709,HOOK3|84376,0.0009458751427067032
710,DENND4B|9909,0.0007720844839867787
711,PPP1R15B|84919,0.0009029957473474799
712,PPCDC|60490,0.0009007718180537263
713,SERP1|27230,0.0007754539088656539
714,PTPN23|25930,0.0009827934404968916
715,IGSF3|3321,0.0008364718778401923
716,C12orf5|57103,0.0008829844614466167
717,MTM1|4534,0.000903323592757155
718,CHCHD7|79145,0.0007161890592407614
719,CCDC112|153733,0.000790121425753152
720,PYGL|5836,0.000897643125741515
721,SMAD7|4092,0.0007232619514546918
722,ERLIN1|10613,0.0007541125332558788
723,TIGD1|200765,0.0007386273318321572
724,C8orf84|157869,0.0014388236498731621
725,DUSP10|11221,0.0008125874905045824
726,C12orf41|54934,0.000766220709237637
727,POLH|5429,0.0008526459478232615
728,TAB2|23118,0.0010063465806659654
729,MGC12982|84793,0.0010285427098616696
730,APLP2|334,0.0006402682381915122
731,ZNF496|84838,0.0008685391911715858
732,EWSR1|2130,0.0007842404258689632
733,PORCN|64840,0.0008699137895971221
734,ARHGEF11|9826,0.0007918492326631045
735,STK17A|9263,0.0008249150946966694
736,NAP1L1|4673,0.0009429806054816266
737,TMEM163|81615,0.0008250933712888313
738,RTN3|10313,0.0008032311077217726
739,HBXIP|10542,0.0007385956428975094
740,NDNL2|56160,0.0009210494396732745
741,COG4|25839,0.0008349070877216301
742,KCTD17|79734,0.000966153370487225
743,LEMD3|23592,0.0007408225505703636
744,AP4B1|10717,0.0010683725351633374
745,FLJ35776|649446,0.0009604410622448391
746,IFT27|11020,0.0007507806932836111
747,TBC1D22A|25771,0.0007995001618389197
748,C20orf4|25980,0.0010204743197517593
749,NPRL3|8131,0.0008458077628527179
750,TMEM138|51524,0.0009093113400531028
751,C21orf67|84536,0.0009744781715262542
752,ZNF12|7559,0.0009609759474152035
753,TAF1B|9014,0.0007813049678253858
754,ZNF746|155061,0.0007145221232030771
755,C5orf54|63920,0.0009906747140966362
756,RPS3|6188,0.0007844201872054561
757,NUP133|55746,0.0010902179198560083
758,TMX2|51075,0.0007823386801208827
759,SNX10|29887,0.0008529467348341058
760,ENAH|55740,0.0009350927019253544
761,C2orf64|493753,0.0008508857521130032
762,PRPF39|55015,0.0009484545979475067
763,FLJ45244|400242,0.0008716695186247877
764,NEIL2|252969,0.0009172942627085105
765,COMT|1312,0.0009756156523253131
766,ZNRF3|84133,0.0007152122132371039
767,SPCS2|9789,0.0008752857249551992
768,NENF|29937,0.0009694217765662088
769,UAP1L1|91373,0.0007505976452346259
770,FAM200A|221786,0.0008007531242034953
771,CAPZA2|830,0.0008944219057418554
772,HSF4|3299,0.0008247911234299661
773,FAM86B1|85002,0.0008864574579760972
774,AATK|9625,0.0011214392405277957
775,FBXL4|26235,0.0006767123557997923
776,YIPF3|25844,0.0007833325598854896
777,DCTD|1635,0.0008138784596523028
778,C3orf34|84984,0.000899955005044711
779,UNC119|9094,0.000959069965660248
780,MTR|4548,0.0008483761410920341
781,ABCB6|10058,0.0007963454942266509
782,THOC7|80145,0.0008174890593111704
783,ZNF76|7629,0.0010065520933180533
784,SYNGR1|9145,0.0008932127726229562
785,ARSK|153642,0.0010027287218949883
786,ZRANB3|84083,0.0009717633324178206
787,RNF207|388591,0.0009594655775627114
788,HINT2|84681,0.0008293566084576114
789,SRGAP1|57522,0.0009379959687129318
790,ZFAT|57623,0.0008092065362082838
791,CAMKK1|84254,0.0008716788964002463
792,ZNHIT6|54680,0.0009033838887843609
793,USP28|57646,0.0008080475491791274
794,CRLF3|51379,0.0008543530408019194
795,MGC23270|196872,0.0008846676661200363
796,RPS10P7|376693,0.0008313134251567992
797,EIF3F|8665,0.0006645930883125085
798,F5|2153,0.0009532999751303955
799,PDCL|5082,0.000901453822173203
800,EIF2B1|1967,0.0008125511779515874
801,UBLCP1|134510,0.0007681337813615291
802,SNX16|64089,0.000787350271503779
803,HDAC8|55869,0.0009173077270802808
804,TNFAIP3|7128,0.0007926772035034893
805,TEAD3|7005,0.0007969772954323992
806,NUP93|9688,0.00072337213991419
807,TMEM144|55314,0.0008150573127022658
808,CCDC64|92558,0.0010683835687242402
809,DUSP7|1849,0.0007139566897019949
810,AAGAB|79719,0.000977752475944196
811,CNN1|1264,0.0015903649757619718
812,RNF8|9025,0.0009433091531021463
813,SQLE|6713,0.0010982015245865982
814,ZNF396|252884,0.0009333470870255704
815,TCEAL1|9338,0.0009108469751060378
816,SFT2D2|375035,0.0008298263927787498
817,ACACB|32,0.0010965053223033522
818,KIAA0232|9778,0.0008438393927384034
819,DSN1|79980,0.0007635316816309218
820,SYBU|55638,0.0011802758113675302
821,DNAJB11|51726,0.0008782326662667574
822,FBXO43|286151,0.001069126731738802
823,HDAC2|3066,0.0008355233962616012
824,GPSM2|29899,0.0010300762151467526
825,ALAD|210,0.0007125126706407965
826,C9orf30|91283,0.0008199614407971876
827,ATP7B|540,0.0009715356805227308
828,APBB2|323,0.0009329848662170928
829,TBX19|9095,0.0009073838268610083
830,NDUFAF4|29078,0.0008929090033306145
831,C5orf53|492311,0.0008751600804897366
832,SYTL4|94121,0.0009440077115146748
833,IQCD|115811,0.0009714998065408352
834,VIPR1|7433,0.0011051989038212092
835,BOC|91653,0.0010150548998234426
836,SNRPA1|6627,0.0009323285037484639
837,MREG|55686,0.0010568355331115472
838,ST3GAL6|10402,0.0010436125289402642
839,C10orf26|54838,0.000953776088359066
840,ZBTB42|100128927,0.00103574213529324
841,CDK2AP1|8099,0.0008631284205314617
842,KLHDC2|23588,0.0007431981098030175
843,TPI1|7167,0.0008734185970158492
844,SEC16A|9919,0.0008765049202311153
845,PHF15|23338,0.0007847772520981137
846,ANKRD29|147463,0.0014653783544166365
847,DST|667,0.0009691028242731961
848,PIF1|80119,0.0014238809297432377
849,GOLGA1|2800,0.0008787492362084567
850,NEK9|91754,0.0010328575439278662
851,HMGA1|3159,0.00086790008992652
852,LCMT2|9836,0.0009500421891647751
853,ENO1|2023,0.0008718329283187975
854,H2AFY|9555,0.0009747693728693939
855,FGF2|2247,0.001610236250950416
856,LTBP4|8425,0.0010580187194665842
857,ITPR1|3708,0.0011576205048385952
858,RNF103|7844,0.0007603442922188505
859,ZNF703|80139,0.0011381645127347506
860,RANBP1|5902,0.0007268366310879534
861,BTG2|7832,0.0011718668921294935
862,PSMG1|8624,0.0008327353975418757
863,SCCPDH|51097,0.0011759183513869638
864,C4A|720,0.0012974982500695243
865,RTN4RL1|146760,0.001109117724684571
866,LEPREL1|55214,0.001083782176866701
867,TMEM25|84866,0.0010465339138115979
868,PRKX|5613,0.0009582049752576312
869,LASS2|29956,0.0008877964456138624
870,SIAH2|6478,0.0008695846375503804
871,COQ7|10229,0.0010941591118857226
872,TMEM39B|55116,0.0008074287317115369
873,LIMA1|51474,0.0007571295349208065
874,NTRK2|4915,0.0022619849803366
875,C6orf145|221749,0.0007195254128592504
876,IFFO2|126917,0.0010183362468196297
877,C2orf55|343990,0.0009490295435872486
878,YEATS2|55689,0.0009040682045509086
879,GSTP1|2950,0.0011609721402013307
880,PNO1|56902,0.0007906576543040915
881,APH1B|83464,0.0007501174589016524
882,PARD6B|84612,0.0012641592147448139
883,CCT6A|908,0.0007967395768403076
884,KIAA0040|9674,0.000946177901630825
885,PAFAH1B3|5050,0.0009729314458346739
886,SORBS1|10580,0.001242616600625865
887,SLC7A5|8140,0.0011275369532455614
888,VPS39|23339,0.0008728177305679708
889,GINS4|84296,0.0009755588881285417
890,FLJ36031|168455,0.0008126206489833323
891,TMC4|147798,0.0010532169933877987
892,C12orf72|254013,0.0006926304812849724
893,SYTL2|54843,0.0009903341046540953
894,C8orf76|84933,0.0009400687983458001
895,PRKAA2|5563,0.0015596492388470396
896,MYO5B|4645,0.0007995120685179622
897,ZNF266|10781,0.0009064003437060289
898,LOC493754|493754,0.0008125931776653946
899,P4HA2|8974,0.0008306619449469285
900,ITPKC|80271,0.0008729144772788826
901,GORAB|92344,0.0007829886434040269
902,ZSWIM7|125150,0.0009382765973648185
903,UBE3C|9690,0.0010084026679433482
904,TMEM168|64418,0.0008348581484491516
905,DYNLRB1|83658,0.0008491760979330462
906,C13orf31|144811,0.0009203168502133335
907,CSNK1D|1453,0.0008552311045628315
908,DPEP2|64174,0.0008555006661626239
909,FAM8A1|51439,0.0008891120913578443
910,C1orf103|55791,0.0009738157195088792
911,PTPN12|5782,0.0008881433458107169
912,ABHD13|84945,0.0007396379051186392
913,KRBA1|84626,0.0009716492786876113
914,FOXRED1|55572,0.000802473813570295
915,C11orf1|64776,0.0008677042548005177
916,MESDC1|59274,0.00093311602171281
917,OSTalpha|200931,0.001150472897696073
918,LOC729678|729678,0.0008573924935427582
919,SOCS6|9306,0.0008525496981466579
920,RADIL|55698,0.000946826543193387
921,EIF3H|8667,0.0009036624373260299
922,FZD6|8323,0.0010658062030130288
923,PGM2|55276,0.000704223144277233
924,RSBN1L|222194,0.0008322742576445507
925,PURB|5814,0.0008479206168576147
926,ACP6|51205,0.0009278828864053571
927,SAP130|79595,0.000867473064805938
928,NAAA|27163,0.0007774251467936379
929,SLC35D1|23169,0.0008631447795590535
930,C3orf47|339942,0.0007954986265657182
931,LCORL|254251,0.0008945179658361842
932,CAPRIN1|4076,0.0009038984874565526
933,AMOT|154796,0.0008128728016730079
934,CBWD2|150472,0.0007842872583960036
935,RNF44|22838,0.0008065829486992236
936,DCP2|167227,0.0007961193872359916
937,LOC645166|645166,0.0009980402837974282
938,TRNT1|51095,0.000746173505734245
939,RNF5|6048,0.0008538150471486958
940,C18orf8|29919,0.0008115226526353822
941,ARFGAP2|84364,0.0009419691750721438
942,BCORL1|63035,0.0007042219953672424
943,PACSIN2|11252,0.0007583575709620466
944,LOC100129387|100129387,0.0007535865109270098
945,DIP2B|57609,0.0008450306920758746
946,RPL38|6169,0.0008237666229744549
947,ANKRD54|129138,0.0009528612952487257
948,ARNT|405,0.0009339222186738421
949,OPA3|80207,0.0009127815998084878
950,COPS6|10980,0.0007234043330371995
951,PLAGL2|5326,0.0009047673481795259
952,SH2D4A|63898,0.0009090557006072398
953,MARCH6|10299,0.0008254857023737925
954,APIP|51074,0.0008674775200683577
955,SLC35D2|11046,0.0008376396882741317
956,NEDD8|4738,0.0007604646023388445
957,PRPSAP2|5636,0.0008025950390504687
958,SNHG5|387066,0.0009104169296025762
959,SLC2A3|6515,0.0008464816352463056
960,CYBASC3|220002,0.0007912653306010742
961,NT5C3|51251,0.0007940402602431501
962,C17orf67|339210,0.0009205202346435475
963,DNM1|1759,0.000931757253802625
964,URM1|81605,0.0007970567546832186
965,SYT11|23208,0.000766978579970925
966,ABHD3|171586,0.0007843838971237423
967,CAPN2|824,0.0008647485339475197
968,PCBP1|5093,0.0008589141404690031
969,ACYP1|97,0.0009085005792004054
970,ETHE1|23474,0.0008201965390184545
971,BFSP1|631,0.0007812435407381545
972,SMC3|9126,0.000934066600571902
973,DRAM1|55332,0.0009514393929506233
974,LOC678655|678655,0.001071732892291094
975,INSIG2|51141,0.000925814049122489
976,HIPK2|28996,0.0008014300063624477
977,FOXJ3|22887,0.0007910583121718824
978,PCBD1|5092,0.0006603398964687804
979,SGMS2|166929,0.0010715237804657053
980,ZNF238|10472,0.001127477527903725
981,C3orf39|84892,0.0008157269146885683
982,NUP188|23511,0.0007603594209560217
983,TMEM98|26022,0.0007663356458317678
984,LRRC57|255252,0.0008386248352190363
985,RAD51L3|5892,0.0008838409680862868
986,PGAM4|441531,0.0007153455954912025
987,GIMAP2|26157,0.0010068541590414304
988,ARIH2|10425,0.000894269486862999
989,MYCL1|4610,0.0010130998258919242
990,ANO10|55129,0.0008036276315074467
991,FDFT1|2222,0.0009123826003776896
992,MED6|10001,0.0008089724724264179
993,INCA1|388324,0.0008033426260475711
994,MYH9|4627,0.0007915838944641893
995,MYH14|79784,0.0011670262610478
996,BTBD10|84280,0.000849508400308302
997,ACTR3C|653857,0.0007483080769326994
998,KIAA0146|23514,0.0008559630759344722
999,BSDC1|55108,0.000844440629937788
1000,RNF216,0.0009917139587051187
1001,MIR1304;SNORA8;SNORD5;SNORA18,0.0024779300654159744
1002,CDC123,0.005413906291710394
1003,C21orf130,0.006423667241870364
1004,ARHGEF1,0.000994919902353777
1005,PLA2G4C,0.0011479147740369262
1006,BAZ2A;RBMS2,0.0014696374208133301
1007,LOC401127,0.0008035060542885392
1008,SMC5,0.0008987984255881611
1009,RMST,0.0017165407661123115
1010,SOX10,0.002057580926925059
1011,SNORA60;SNHG11,0.0016228628468734957
1012,MKS1,0.0008802498333349456
1013,ALKBH5,0.0009031980695186654
1014,AOC2;AOC3,0.001893286148626164
1015,C9orf9,0.0008258288703838886
1016,SNORD115-9;SNORD115-12;SNORD115-10;SNORD115-5,0.0010049425557933068
1017,LRRC10,0.0009657696813209736
1018,USP14,0.0008196153279508103
1019,OR52A5,0.0012591051715184541
1020,MIR410;MIR656,0.001626970863943629
1021,PDZD7;SFXN3,0.0006983424581829961
1022,DCAF15,0.0007143640247601858
1023,MTNR1B,0.0009203933987680399
1024,ZDHHC13,0.0009018654484660742
1025,BBX,0.0007727059169963081
1026,MARS2,0.0007971729083137242
1027,APOA1,0.0008744833305932194
1028,NKX6-3,0.0009941901935754285
1029,DIAPH2;RPA4,0.0008368390664158494
1030,PRF1,0.0009148893767099717
1031,FAM108C1,0.0008603896093315171
1032,C12orf53,0.0010068059308594101
1033,PITPNM1,0.0009259272096159397
1034,SNX2,0.0009049417448703691
1035,NAALAD2,0.0020769103628323535
1036,SNORD116-17;SNORD116-19;SNORD116-16,0.0010653485051900628
1037,MIOX,0.0014166885031160386
1038,PRKDC,0.0008342715554099595
1039,STARD6,0.0008505414414432893
1040,SARM1,0.000848068269091975
1041,YBX2,0.0008012639674916686
1042,UBXN6,0.0008303728311769775
1043,ZNF804B;MGC26647,0.0012480297865787213
1044,MRPL4,0.0008653851080638927
1045,DPY19L2,0.0011396609954184133
1046,PRIM2,0.0007737086445193305
1047,CHAT,0.001120864813183868
1048,CARKD,0.0007895032966100742
1049,SNORA11;MAGED2,0.0014361358438501047
1050,RBAK,0.0006775595984350158
1051,ZNRD1,0.0007954700545113071
1052,TGM2,0.0010233560938865413
1053,ADRBK2,0.0008318660165011969
1054,LOC100129034;PSMB7,0.0008495183335281162
1055,FAT2,0.0010570833131107015
1056,HCCA2;KRTAP5-6,0.0011371430554928258
1057,FCGR1B,0.0011116529222302337
1058,PSME4,0.0006857881540701188
1059,IPO5,0.000657537756911804
1060,SRP19,0.0008894119440145292
1061,C1orf92,0.0008707089317454919
1062,RAB41;ARR3,0.0014561587928610383
1063,NBPF3,0.0006965359488427509
1064,C9orf153,0.0007788405770246276
1065,OTUB1,0.0008803676256820197
1066,C11orf94,0.0007184659835092932
1067,KCND1,0.000926041275597894
1068,SLIT3;MIR218-2,0.0010978357497308782
1069,C11orf70,0.0009612361068591307
1070,DIO3OS,0.0016763114308216763
1071,MBL1P,0.002112190490772981
1072,TSPAN1,0.0008621474316840709
1073,FAM53A,0.0006974583537112831
1074,DENND1A;MIR601,0.0008790334496519809
1075,ZNF580,0.0007227665736407467
1076,MPPED2,0.0010144429326071362
1077,GLRX2,0.0008582978845188638
1078,RUNDC2A,0.000844651249545948
1079,ENPEP,0.0011600193730679897
1080,PSMD4,0.0008652814581366674
1081,HRASLS,0.002323539258357736
1082,PHTF2,0.0010069703728218752
1083,PNLIP,0.0013318933809563721
1084,RNF130,0.0008184484777189238
1085,FLJ35024,0.0007696141623517041
1086,PRRG4,0.0008513852548724639
1087,MYCT1,0.0011930976129233258
1088,GPR128,0.0011651109614193057
1089,LOC100128542,0.0010197045330509807
1090,FASN,0.0011651993472785597
1091,MUTYH,0.0021227037140412134
1092,CRLS1,0.0009195155010544337
1093,TMCO3;DCUN1D2,0.0007767444799807322
1094,OSTN,0.0014415936496011833
1095,FEN1;C11orf10;MIR611,0.0010252072091148498
1096,ST6GAL1,0.0008349779136968146
1097,RTKN2,0.0008433200924904591
1098,LOXL1,0.0008827158730596026
1099,KRT40,0.0011676456185938488
1100,NXF1;TMEM223,0.0008735154681026349
1101,C16orf53;PRRT2,0.0009093247514126517
1102,IL1RN,0.0007654395139184093
1103,RDBP;SKIV2L;MIR1236,0.0009123659775640358
1104,FUZ;AP2A1,0.0007258217146598517
1105,AADAT,0.0009919840933373936
1106,LCE2C,0.0011545752555905016
1107,NME7,0.0007837899673716067
1108,TCF7L2,0.001034061006718455
1109,ACVR2B,0.0006893712995218186
1110,KLHL29,0.0009627523840546266
1111,C20orf194,0.0009206733066399444
1112,CCAR1,0.0009240809963510098
1113,ERCC2,0.0007256822415895657
1114,PCDHA6;PCDHA2;PCDHA1;PCDHA9;PCDHA7;PCDHA5;PCDHA10;PCDHA3;PCDHA4;PCDHA8,0.0011791590740652998
1115,AKR7A2,0.0014093849056653744
1116,MRPS24,0.0009783196906959822
1117,PIGU,0.0007937190981583237
1118,RNF160,0.0010010160345088766
1119,CCDC142,0.0008855204562600646
1120,TK1;AFMID,0.0010117959166742433
1121,EPHX1,0.0008775809464160745
1122,MRPS30,0.0007668989147988541
1123,FAM83C,0.0009771052432382802
1124,PYGM,0.0008376509043757379
1125,SEPSECS,0.0007573028725796292
1126,PAPPA,0.0008742088874004036
1127,DLX6;DLX6AS,0.0029661148657111522
1128,LOC286016,0.0009476925907596866
1129,RIPK3,0.0018987697089418245
1130,ZCCHC12,0.0009796179703215548
1131,MRPL45,0.0008536449100867537
1132,TFG,0.0007992231510599982
1133,TCFL5,0.0008374773278086425
1134,TMSB4X;TMSL3,0.001987211008550374
1135,ZNF492,0.003996274887666016
1136,ZDHHC14,0.0007259030838418266
1137,MAPK8,0.0007687560894104966
1138,ARV1,0.0011211253455783634
1139,SUPT3H;RUNX2,0.0007763597519043645
1140,C13orf1,0.0008338848116895611
1141,CD276,0.0009513965322533299
1142,KCNE2,0.0008382033861467264
1143,SOCS3,0.0010047705362068958
1144,AMPD2,0.0008856473188657407
1145,FRAT1,0.000790920402743061
1146,C4orf42;CTBP1,0.0007885059388265994
1147,CCDC82;JRKL,0.0010231760532710128
1148,SLC9A11,0.001512353919908774
1149,LOC100133331,0.0012034331754551763
1150,ITCH,0.0007656817050519365
1151,MIS12,0.0012671071360954424
1152,CCNT1,0.000901290502344946
1153,LIN54,0.0009828542558898436
1154,SARS,0.0008061762935905044
1155,GAL3ST2,0.0009907662979387873
1156,CNGB3,0.0011600574285884845
1157,HMGCS1,0.0008745434727957396
1158,PRSS27,0.0012791715931137022
1159,LCN2,0.0009016677883879398
1160,MIR136;RTL1,0.0010600434828282137
1161,CXCR4,0.0008326266010021082
1162,OR1I1,0.0007716885984791356
1163,PTCHD3,0.0009865402327119055
1164,TMCC3,0.0010465875175355182
1165,FAM26E;BET3L,0.0016833647726274554
1166,DLX1,0.0009263804199780565
1167,CSNK1A1L,0.0018847894864764151
1168,PSPN,0.0009006618045955259
1169,ARMCX3,0.0007286621712071485
1170,NECAB3;C20orf144,0.0008486754937095821
1171,CCDC85A,0.0010371371699554146
1172,KIAA0652,0.0010319981651498685
1173,DPPA3,0.0011547623775683413
1174,DNAJC7,0.0008525510811864406
1175,PCDHGA4;PCDHGA12;PCDHGA11;PCDHGA9;PCDHGA1;PCDHGB1;PCDHGB6;PCDHGB3;PCDHGB7;PCDHGA6;PCDHGA8;PCDHGA10;PCDHGA5;PCDHGB4;PCDHGA3;PCDHGA2;PCDHGB2;PCDHGA7;PCDHGB5,0.002689957371157953
1176,FAM128A,0.0013684768722760747
1177,ABTB1;PODXL2,0.0008366366527947088
1178,EPCAM,0.0007803885332834989
1179,CPA3,0.0008105792200202277
1180,P2RX7,0.0007832220647610598
1181,FGF10,0.0009552612866443896
1182,MBTPS1,0.0007198876233935508
1183,SH2D3A,0.000831419321187988
1184,NR1I2,0.000944495798961484
1185,DNAJB8,0.0009097201052238038
1186,DPH1;OVCA2,0.0008758586766226448
1187,RASGRP1,0.0009416088219506126
1188,C9orf78;USP20,0.0008356710998324054
1189,MLF1,0.0008403276130715367
1190,ADI1,0.0010501319809369716
1191,ELOVL4,0.0007892057641518741
1192,RAG1AP1,0.0008277556418145123
1193,CTNNBIP1,0.0008792406574565463
1194,TLR6,0.000759913925623582
1195,CCKAR,0.0008915577184008208
1196,LEPREL2,0.000753963503602532
1197,ACADVL;DLG4,0.0008200898281877719
1198,NEK2,0.0009227911722980088
1199,LIN7C,0.0009606906980084455
1200,WDR53,0.0008343418285287979
1201,IKZF5;ACADSB,0.000854236878669864
1202,AIFM2,0.000915939689077273
1203,DULLARD;C17orf81,0.0009928187314873712
1204,PSD3,0.0010851456263169445
1205,SFRS12,0.0007887162476626434
1206,DSTN,0.0007031658312982247
1207,HEXIM1,0.000730030059535508
1208,PUSL1,0.0009548976103766308
1209,TRPC5,0.0009058171214914089
1210,RTL1,0.0013786310216369383
1211,SPI1,0.0006911837274583522
1212,GBE1,0.0008026389757379291
1213,PLCE1,0.0007859820727167436
1214,GTPBP4,0.000635245051570349
1215,FBP2,0.0008645375827499316
1216,SPHK1,0.0009246489247007588
1217,DPEP1,0.0006967237224363807
1218,ZC3HAV1L,0.000928787855043959
1219,MED24;SNORD124,0.0009620358207884897
1220,RAP2B,0.0007846412199648823
1221,PDE6H,0.000770899636809529
1222,LOC286002;SLC26A4,0.001254116237232497
1223,ACCN2,0.0008581531650155136
1224,TET3,0.000885311654308856
1225,ZSCAN5A,0.0008244244316983565
1226,CAPN10,0.0006852472373770187
1227,ACOT2,0.0008255537544824532
1228,PDGFA,0.0009674337362260646
1229,TSTD1;USF1,0.0008014571500639769
1230,GLTPD1,0.0010059311891167757
1231,MS4A6A,0.0020773836613593305
1232,IARS,0.0007783905065520613
1233,TMEM120B,0.0008243253883590689
1234,PSME3,0.0008460011885824928
1235,FAM171A2,0.0007428813676714765
1236,B3GNT4,0.0009153624310628415
1237,LRRC70;IPO11,0.0009508169130058794
1238,OSGEPL1,0.001020566978908359
1239,PLEKHN1;KLHL17,0.0009460553477912345
1240,ATXN2,0.0007819274071119381
1241,PCYOX1,0.0007265598080147478
1242,SULT1C4,0.0011147582874101887
1243,SELS,0.0009724054520310081
1244,RASAL1,0.0007993369410940856
1245,SKINTL,0.0009217398826494324
1246,KRTAP19-4,0.0011164722957418896
1247,NCL;SNORA75,0.0008466060318703969
1248,KLRAQ1,0.0006755254030973659
1249,RABL4,0.000948469669379011
1250,C9orf57,0.0011371156399435118
1251,FAT1,0.0011678188636276314
1252,INPP4A,0.0007707534855561035
1253,PLEKHH1,0.000628557317221917
1254,C2orf72,0.0008058049909644697
1255,RUVBL1,0.0007081844876766358
1256,TAS2R7,0.002312450305069643
1257,LAMB4,0.0014225592436423683
1258,PAR-SN;SNORD107,0.0008366433886304247
1259,MIR126;EGFL7,0.0008939971715895863
1260,UPK2,0.0010452301044849498
1261,SIN3B,0.0007503553416366389
1262,CCDC12,0.000866574492993639
1263,SDSL,0.0008436308630176148
1264,AIMP1,0.0010926587380373643
1265,VENTXP7,0.0008437998516165695
1266,FLJ16779;NKAIN4,0.0013119875899255881
1267,ADAT1,0.0008088002917904468
1268,LOC100192378;ZFHX4,0.0015390125518475585
1269,RHCG,0.0013443865762131045
1270,CCDC61;MIR769,0.0007622851857697944
1271,LOC729467,0.0010791329774431258
1272,CTNND1,0.0009949911011407045
1273,C17orf67,0.0008087288040064935
1274,C19orf53,0.0007315490447200231
1275,PLA2G7,0.0011588893601290017
1276,ST3GAL1,0.0007727817779630993
1277,MOCS1,0.0008078935191012888
1278,HSD17B8,0.001379657684640839
1279,LRRC7,0.001033605393461454
1280,C17orf62,0.0008920733665504761
1281,ZNF423,0.0010820943906169355
1282,PGAP3;ERBB2,0.0008886406770418512
1283,SLC13A1,0.001055839545579146
1284,HSPBAP1;DIRC2,0.0009686002337882122
1285,C2orf80,0.0008188439309689359
1286,C20orf141;LOC100288797,0.0009272959826139146
1287,GZMH,0.0015513150973388485
1288,CLCA2,0.0008963671398772538
1289,BST1,0.0009329221534768778
1290,ANKRD36BL1,0.000843112197076661
1291,CHKB;CHKB-CPT1B;CPT1B,0.0008512546296004619
1292,MDM4,0.0008031008106278339
1293,RNF5;RNF5P1,0.0007064012763664706
1294,LOC284688,0.0011822635788032033
1295,WNT3,0.0008046035491709499
1296,CNOT7;VPS37A,0.0009123410104410019
1297,SPATS2L,0.0008958578612272561
1298,CYP4F8,0.001150778944788812
1299,PCDHB14,0.0011697815335276036
1300,TMEM18,0.0006710174967600644
1301,TRAF3IP1,0.0009910818176781591
1302,LY6E;LOC100133669,0.0009401231012125982
1303,MGC2889;HRASLS,0.0011131769917655091
1304,ZMPSTE24,0.0007271006901991837
1305,NCRNA00207,0.0008949860267895826
1306,BUB3,0.0007738167107689923
1307,VPS41,0.0009247180399192721
1308,MYO9B,0.0008304504441868613
1309,NXT2,0.0007426571133818073
1310,PEG10,0.000800683201643981
1311,C7orf50;GPER,0.0008190338769196765
1312,CLTC,0.0009377664192732711
1313,MAGEF1,0.0007338149135911582
1314,DERL3,0.0019461008567783927
1315,C6orf222,0.0007655174237918474
1316,RBPMS,0.0006871802100883937
1317,TMEM30B,0.0009382552689809259
1318,ZNF90,0.0014381897731922163
1319,C15orf40,0.0008377816497478802
1320,CCDC149,0.000866833485818185
1321,RAB38,0.0010283863993695963
1322,TREX1,0.0008722239941821736
1323,TUBA1A,0.0008869404162720969
1324,SRPX,0.0009262150918732067
1325,C14orf80,0.0009140743896213695
1326,POLR2J3;SPDYE2L;SPDYE2,0.0007419782476770883
1327,SLC25A29;MIR345,0.0008758736477101068
1328,SLC26A4;LOC286002,0.001194942295140463
1329,MTVR2,0.0007901339801140331
1330,SNRPD1,0.0008558634190416859
1331,C2orf89,0.0009391327087464368
1332,KARS,0.0008771292200150618
1333,GATS;PVRIG,0.0008766529996862397
1334,GCK,0.0008596668987860461
1335,UTS2D;CCDC50,0.0024602950328439467
1336,CC2D2B,0.0007877298468992329
1337,NDUFA13;TSSK6,0.0008001935389246571
1338,RAB35,0.0007965049945088856
1339,SLC38A4,0.001343892995639105
1340,CLDN25,0.0008145625882627781
1341,MMP12,0.0011529273163008
1342,PRKCQ,0.0011641328147420176
1343,ABCC5,0.00098732859169456
1344,LOC400043,0.0009957159772821817
1345,HEPACAM,0.001190777592069136
1346,ABCC10,0.000849020922907368
1347,ZNF467,0.0009127682491423826
1348,C10orf41,0.0014141185645476129
1349,ZNF577,0.0026524536824993296
1350,GANAB;INTS5,0.0011891414460239364
1351,UROC1,0.0008385438051161515
1352,OBFC1,0.0008067898593605034
1353,FREM3,0.0005879907076829444
1354,AXIN1,0.0006656390300790302
1355,CHRNA4,0.0013566190432497721
1356,LRRC36;KCTD19,0.0026646485657474
1357,DIO3;MIR1247,0.001579278460130216
1358,EFCAB1,0.001011381316546356
1359,KLC2;RAB1B,0.003674329249814039
1360,TMEM164,0.0011650929686058099
1361,C10orf113;NEBL,0.0007913034824643763
1362,NFKBIE,0.0008896178317327119
1363,LBH,0.0008273176314036291
1364,TMPRSS11D,0.0019018741025044585
1365,RCSD1,0.0008485724721938568
1366,CAPRIN2,0.0006870433740861759
1367,KCNJ10,0.001429115500546796
1368,OR8B12,0.001789616908698851
1369,ZNF576,0.0018285163854618444
1370,PCNXL2,0.0008526696203192683
1371,LOC647309,0.0008995137651816674
1372,SNX22,0.0006443038737745966
1373,TRIM6,0.0007934483389515508
1374,AQP6,0.0008042223241235672
1375,ASB16;C17orf65,0.0010198564375847948
1376,PCDHB2,0.0010889382266679253
1377,PHPT1,0.0007657009930825006
1378,ABCC6P1,0.0009838963523998198
1379,ZFP161,0.0008330854587138899
1380,C9orf40,0.0007509827623972491
1381,AWAT1,0.0011533210113693032
1382,OR7E37P,0.0010525341900413123
1383,CHGA,0.0013720011953313026
1384,HERC2P2,0.000719837117353163
1385,FAM134C,0.0010880091132661291
1386,IL16,0.0008211652223306378
1387,RPS15AP10;GPBP1L1,0.0009431815589360215
1388,CSK,0.0008576110251802208
1389,C2orf66,0.0010091823783571583
1390,SFTPD,0.0009068985588912825
1391,OLFM4,0.001062408342916328
1392,PLP1,0.001635308704456639
1393,GTF2IRD1,0.000883268387009361
1394,VAV1,0.0011036739328487309
1395,FAM90A1,0.0007585714155126413
1396,PTPN3,0.0009482008709074438
1397,TMIGD2,0.0009382892069638806
1398,WRB,0.0008795013206819092
1399,KIAA1257,0.0009571754679677607
1400,DPY19L1,0.0008353407093589316
1401,NQO1,0.000873294784338067
1402,LOC442459,0.001216192792036159
1403,MIR518B,0.0009059411340143963
1404,LAMP1,0.0007058807586577496
1405,PNMA5,0.0010608101146947929
1406,RIOK3,0.0008707842313410067
1407,LRRC18;WDFY4,0.0011781467815642449
1408,C17orf81,0.000853754585076901
1409,ZKSCAN3,0.0008362486229492559
1410,ENPP5,0.0008462523910459387
1411,SUCLG2,0.0009044645316455149
1412,MYO9A,0.0010128508598018669
1413,RPL13AP3,0.0010605786960496293
1414,UCA1,0.0011278294469468514
1415,C6orf64,0.0008806386099416721
1416,CSNK1G1,0.0009592634380498118
1417,GOLPH3L,0.001265044781086297
1418,CYB5D2,0.0009143355583555752
1419,KCTD11;ACAP1,0.001695838901088733
1420,CALB2,0.0008533057402256056
1421,TSC1,0.0010544337316132615
1422,SCG2,0.000866198609894623
1423,OR10G9,0.002462636425438939
1424,SLC35F2,0.000728102602667002
1425,S100A5;S100A6,0.0008695287755185165
1426,ZNF469,0.0008331377572168067
1427,AGRP,0.0007437213482796766
1428,ODZ3,0.0009466839475261615
1429,LOC162632;LOC100129396,0.001086130320221463
1430,PPYR1,0.0009738003430684945
1431,FBXL19;NCRNA00095,0.0006808570099757266
1432,CTXN1,0.0008206258221944453
1433,SH3RF1,0.000793726209754543
1434,SLC22A18,0.0007540226710495299
1435,SPDYE3,0.0008922562503634071
1436,HIF1A,0.0009655293821161676
1437,ZNF276;FANCA,0.0008229367408288264
1438,DDX53,0.000859129993220491
1439,MIR192,0.0010507664393855243
1440,TRIM73;TRIM74,0.0009534212407819851
1441,DENND3,0.0008699847436279326
1442,CD2AP,0.0007914311608239538
1443,LOC645332,0.00073191775419031
1444,C20orf71,0.0015598712810900677
1445,NFE2L2,0.0008834878736418222
1446,RPL36,0.0008306322999067771
1447,TAGLN3,0.0016831421546459565
1448,CCRN4L,0.000925844731357521
1449,MIR1973,0.0009384684168077715
1450,TNFRSF10B,0.0008334643610892658
1451,SLC25A10,0.0008461392776956608
1452,ESPNL;SCLY,0.004118406410796598
1453,ZNF45,0.0008904554885342822
1454,BPESC1,0.0008824958433877945
1455,PRICKLE1,0.0007889239361420657
1456,TIMM17A,0.0007732209028944471
1457,FASTKD2,0.0008513786479562947
1458,ZNF285A,0.0010044262163077034
1459,ACSM1,0.0009623635386401409
1460,AP3M2,0.0010311335612170397
1461,CD274,0.0012713918982007395
1462,C10orf111;RPP38,0.00090541242517318
1463,MFNG,0.0009355303754703957
1464,CTSL2,0.0008647747332360338
1465,SLC19A3,0.0009833716013087715
1466,DCAF8L1,0.0008595967244793133
1467,RASGEF1B,0.0007115968693634689
1468,HIST3H2BB;HIST3H2A,0.006824029027898964
1469,ACADVL;MIR324,0.0009495222358123783
1470,LOC285733,0.0008625412642614403
1471,FTSJD2,0.0009606676081966303
1472,C12orf76,0.0007871452579568105
1473,NAP1L6,0.004163536026358339
1474,ZMYND8;LOC100131496,0.0014657083497504094
1475,MRM1,0.0007943500464901851
1476,SNAR-I,0.001069718829340744
1477,DGUOK,0.0010547444441021566
1478,PPM1H,0.0007612881195202101
1479,ENDOD1,0.0009330984241849578
1480,CCDC70,0.0008921535535679954
1481,ZNF878,0.000934223984999137
1482,ZFYVE21;XRCC3,0.0007578488912804366
1483,CAMSAP1L1,0.000815690672398897
1484,FLOT1,0.0009732858148641022
1485,LOC91316;RGL4,0.0009509783618558065
1486,ST6GALNAC1,0.0011745076603296785
1487,PLA2G2D,0.0009776377166966373
1488,AMBN,0.0009667657960792532
1489,FBXW8,0.0007963354354816271
1490,MAGED1,0.0011698455029803413
1491,LY6E,0.003451949795651961
1492,NFRKB,0.0008566592694451943
1493,LDLRAD2;HSPG2,0.0007210596463531906
1494,FLJ35220,0.0010877707279369614
1495,DMXL1,0.0008542728058399748
1496,DOC2B,0.0010366909008980288
1497,PDZD3,0.0007501646284632863
1498,BACE1,0.0009573986845574844
1499,ACTR3,0.0007993159009802948
1500,ITGAV,0.0010020666060490608
1501,DEFB135,0.001430045628408713
1502,VTI1A,0.0008807377987174771
1503,FAM120B,0.0009516376839838663
1504,LGSN,0.0012726014289674097
1505,DKFZp686O24166,0.0009321120099787799
1506,RAD51L3,0.0008801910865253587
1507,PALM3,0.0008277138055227771
1508,PNPLA3,0.0009570078907087511
1509,FGFBP3,0.0009133839892169937
1510,POLQ,0.0007581912454631756
1511,NPTN,0.0007389522100999428
1512,CCDC93,0.0009149081582747343
1513,GSDMA,0.0008920745710856361
1514,C8orf39;RBM12B,0.0008469968889588248
1515,C3orf49,0.0008868211563274216
1516,LOC145783;TCF12,0.0010133360212637808
1517,MEIG1,0.000630538283486531
1518,PPBPL2,0.0011800935564767606
1519,VCX2,0.0010639984010320784
1520,MED4,0.0008633963228235374
1521,SPTLC3,0.0011530043891432524
1522,NT5DC2;LOC440957,0.0014572749576155
1523,C10orf41;ZNF503,0.0008934847496272903
1524,C17orf54,0.0007906542892540719
1525,PARP9,0.001049048117080152
1526,EEF1DP3,0.0008530471427867059
1527,TAF1;BCYRN1,0.0008325067172701079
1528,CPEB2,0.0006938691787449624
1529,KCNQ3,0.0012087263532903156
1530,RGSL1,0.0011071165111423145
1531,HSPA7,0.0008298458787455606
1532,ZBED3,0.0016693633936203612
1533,BTK;TIMM8A,0.0016208389097702768
1534,MGAT4B;MIR1229,0.0007978120808031612
1535,C17orf77;CD300LD,0.0024632073929191614
1536,GPR68,0.0008095754798446211
1537,CACNA1I,0.0008923289555632272
1538,OR13C4,0.0031793864440227745
1539,SNTG2,0.0011737231380440157
1540,DAZL,0.000808084858346118
1541,GABARAPL3,0.0007070709147209897
1542,ARPC4;TADA3,0.0007726716333881007
1543,ADM,0.0008256385632793097
1544,NOLC1,0.0008480063956193764
1545,ZFP28,0.0013534340741868803
1546,RPL21P44,0.0010284723396113923
1547,C14orf4,0.000906655078196412
1548,MIR548H4;TMEM84,0.0011549172904813548
1549,C21orf29;KRTAP10-5,0.002376659576573152
1550,APOE,0.000917234082409731
1551,MAPK8IP1,0.0008289016063760599
1552,SLC25A3;SNORA53,0.0008938518894581342
1553,C10orf116,0.0013333538129801001
1554,TAS2R40,0.0010427970503497307
1555,TRPA1,0.0013234004509004218
1556,C8orf37,0.0006644868527709647
1557,DNAJB14,0.0008564690535350201
1558,KLK8,0.0009672159913779787
1559,PWWP2A,0.0007642139662514798
1560,UTP20,0.0008056784556941569
1561,GCOM1,0.0010122146342800785
1562,CTU2;RNF166,0.0008324069923090249
1563,RASSF5,0.0006991746802244572
1564,ZC4H2,0.0011035912076613535
1565,PCDHGA4;PCDHGA6;PCDHGA9;PCDHGA1;PCDHGA8;PCDHGA5;PCDHGB1;PCDHGB4;PCDHGA3;PCDHGA10;PCDHGA2;PCDHGB6;PCDHGA7;PCDHGB2;PCDHGB5;PCDHGB3,0.003268317125374543
1566,MASTL,0.0010713684565239684
1567,TBK1,0.0008186670471216032
1568,ODZ1,0.0008124360593337327
1569,HAR1B;HAR1A,0.001340260216401237
1570,SMC1A,0.002311265941688121
1571,BAT4;CSNK2B,0.0009277441545284925
1572,CENPT,0.0009311876557795008
1573,COASY,0.0011713829731668883
1574,KIAA1632,0.0005529497434802646
1575,FAM186A,0.0007848023188148278
1576,TRIM63,0.0013114594916679326
1577,MRPL17,0.0008507608021538844
1578,KCTD19,0.0017523048256526932
1579,ICAM5;ICAM4,0.0030651933525812462
1580,CEP350,0.0007946734735344164
1581,LRRN2,0.0008515761556582861
1582,H19;MIR675,0.0010229953953198284
1583,PRR24,0.0008725959151929044
1584,LBX2;LOC151534,0.0038438935716026616
1585,ADAMTS8,0.0007644634955773517
1586,CAP1,0.0007612915783122635
1587,GBP5,0.001109448990305129
1588,PPM1K,0.000870953641599662
1589,PSMC1,0.0008488851779447665
1590,ZAK,0.0008797941464106372
1591,MIR98;HUWE1;MIRLET7F2,0.000854589267332265
1592,ADAM22,0.0007485140298551935
1593,C3orf21,0.0006131392702109491
1594,DNM1L,0.0010039674942696156
1595,DCTD,0.0007470894217041491
1596,NCAPH,0.0007996082949534916
1597,MIR450A1;MIR450B;MIR542;MIR450A2,0.0013124634007395124
1598,TCEB2,0.0008868146646577393
1599,MYCBPAP,0.0012847644723824791
1600,STK38,0.0006330032933795749
1601,PLD5,0.0009631746073330339
1602,TNFRSF25,0.0007311996973056064
1603,RPL13AP20,0.0009252562604863362
1604,TSSK2,0.0008063020784867061
1605,ZNF529;ZNF382,0.0022472479016440454
1606,VPS28;NFKBIL2,0.00254743471812696
1607,LOC727677,0.006353347606657892
1608,RABL3,0.0014249396993569797
1609,POU3F3,0.003388753986138164
1610,RPL22L1,0.0006822129892310686
1611,C15orf50,0.0011062038146276666
1612,LRBA;MAB21L2,0.0008182532627467615
1613,SNORA23;IPO7,0.010484402406327625
1614,DOCK2;FAM196B,0.0059397259630250806
1615,ANXA8L2,0.0015309555316756333
1616,MIR195,0.002409900844838485
1617,ZIC4;ZIC1,0.005636975568045697
1618,SAR1A,0.0009631070476100017
1619,SLC22A24,0.0008118823847639634
1620,ZNF451,0.0008425498194178034
1621,CD19,0.0008223991186413486
1622,KCNJ3,0.0010468750897300312
1623,DEFA6,0.0031075161566063315
1624,C3orf17,0.0007828997225246268
1625,MFSD7,0.0009170799476945527
1626,ZFAND2A,0.000997885241486452
1627,LOC146481,0.0015076609869003129
1628,VEPH1,0.0008959512478629646
1629,HOXA7,0.0012988445387305692
1630,SCAMP2,0.000964363689192675
1631,TMEM150B,0.0008753535979734725
1632,SSX4B;SSX4,0.0011793372112292864
1633,CDKL4,0.001016564524936964
1634,NEURL3,0.0009410528857301809
1635,CCDC9,0.0009472455335105274
1636,RPL18AP3;SNORA68;RPL18A,0.002371841272806972
1637,ZAN,0.001088208949727025
1638,SNORD115-15;SNORD115-21;SNORD115-33;SNORD115-34,0.0013769628628313498
1639,KCNC1,0.0007443209869251266
1640,SLC35E2,0.0006694374735039316
1641,AFF4,0.0008216208219000636
1642,CSDE1,0.0007081762111154652
1643,ACOX1;FBF1,0.002078260635024742
1644,PRCD,0.0009497420478007181
1645,FTH1,0.000813385625849927
1646,DPY19L3,0.0010088957187298245
1647,RXRA,0.0008962296108733291
1648,LEFTY1,0.0009713840225786417
1649,ANKDD1A,0.0008628784078227575
1650,KRBA2,0.0009220754482762899
1651,MBNL3,0.0008411462147326963
1652,C10orf2;MRPL43,0.0008363072406350144
1653,FUT11,0.0007902079850972278
1654,HLA-A,0.0011282581172396599
1655,KLHL15,0.0010226051633247493
1656,CREM,0.0008631088656267821
1657,MIR675;H19,0.0012043035289329468
1658,ARFRP1;ZGPAT,0.0008584956519289914
1659,MX2,0.0009215410974261174
1660,SHC4,0.0009064256703449823
1661,SAPS3,0.0008543841794733983
1662,PANK2;MIR103-2,0.0007419457899834785
1663,TGS1,0.0008634848170708525
1664,MCCD1,0.0011275622861432548
1665,PGAM5,0.0011311116724681738
1666,IL1F9,0.0008401226820251541
1667,DDX20;C1orf183,0.0006899307461856762
1668,SLC2A7,0.0008781403094430668
1669,NDC80;METTL4,0.000801562639407687
1670,KHNYN;CBLN3,0.0014154630183873605
1671,RINL,0.0011434481996535604
1672,PTP4A3,0.000913122229817578
1673,TSNAX-DISC1;DISC1;DISC2,0.0020493990677754857
1674,DNMBP,0.0009738775967133896
1675,C6orf141,0.0007847729907578422
1676,TREML2,0.00092068463151817
1677,VKORC1L1,0.0009932704645917543
1678,GPR12,0.0009755278965863556
1679,SLAIN1,0.0010377720865125646
1680,PPIL1,0.0008299131649638647
1681,DOLPP1,0.0008262399897779609
1682,C4orf52,0.0007836042464837479
1683,NCK2,0.0007775762455405967
1684,UBE2MP1,0.0009677433216121745
1685,WISP3,0.0015470630056957208
1686,TBPL1,0.0009368100084907681
1687,GJB7,0.001076852529968284
1688,ARNT2,0.0008665728131667929
1689,TRIM34;TRIM78P;TRIM6-TRIM34,0.0010082221663491229
1690,ABCA7,0.0007932140599447916
1691,ARL6IP1,0.0008898467033016086
1692,GPC1,0.000748890403883952
1693,FAM177A1,0.0009077152290451804
1694,ZCWPW2,0.0010731155854409463
1695,AKR7A3,0.0009482628816206792
1696,ACAP1,0.0011945411812752213
1697,KCNH4,0.0009680446843533908
1698,CHD8;SNORD9,0.000804258873443084
1699,TMEM216,0.000748788048958316
1700,PTK2B,0.0008998882224904942
1701,NCRNA00113,0.0011493002235669525
1702,TAAR8,0.0010319999900628674
1703,MTMR11;SF3B4,0.0008986943999568563
1704,SUSD3,0.0008511950773785163
1705,LOC730101,0.0007982900611520785
1706,DOCK9,0.0010276628859220262
1707,HHIP,0.0010639805455169699
1708,CLEC3B,0.0009641143574238332
1709,CCDC22;CACNA1F,0.0007342621265429099
1710,CENPJ,0.0009166593052393011
1711,NIT2,0.0008872022936230752
1712,LRRC37A3,0.0008883880893520069
1713,PSMC5;FTSJ3,0.0009399024768540908
1714,GLA,0.0010166388112404163
1715,SEPT14,0.0010394931136830884
1716,CRKL,0.0008294613252472327
1717,ZNF490,0.0008499370315432795
1718,MESDC1,0.0009787204737008027
1719,GIYD1;SULT1A3;GIYD2;BOLA2B;BOLA2;SULT1A4,0.0024096142362813404
1720,FBXO47,0.0016913203662547217
1721,MRPS27,0.0008862611391618625
1722,PITPNC1,0.000842971323791087
1723,KRTAP17-1,0.0008328701139149272
1724,SNAP25,0.0007027138743013241
1725,PRR12,0.0009694843602154293
1726,PRDM4,0.0008384623322058908
1727,TACR2,0.0008936653733430317
1728,RALGPS1,0.0007871431531754835
1729,LCAT,0.0007828093049924963
1730,POU6F2,0.0008721149956893938
1731,ENTPD8,0.0008095332569989762
1732,FAM189A2,0.0008058118774922445
1733,NDUFS7,0.0007043086291178438
1734,ST20,0.0008286751662672221
1735,ABHD14B;ABHD14A,0.0008779901902989347
1736,CLGN,0.0008681589016585972
1737,SFXN5,0.0008045975791144762
1738,CASC1,0.002502682214111138
1739,VANGL2,0.0008557321914540362
1740,RAB13,0.0007792553623656353
1741,CEP120,0.0008263533878692517
1742,KRT86,0.0006861938984383811
1743,SLCO1A2;IAPP,0.002024746269448127
1744,GAS5;SNORD76;SNORD75;ZBTB37;SNORD74,0.0007640865565632878
1745,APLP1,0.0008721730430598586
1746,AFAP1;LOC84740,0.000882610426975336
1747,AFARP1;SLC16A1,0.0006863739796498294
1748,C7orf10;C7orf11,0.0009100955969708825
1749,REXO2,0.0009653407557608796
1750,TSPAN4;POLR2L,0.0009155089084325067
1751,SIGLEC15,0.0010554485087810232
1752,ZACN,0.0018010593262907917
1753,NCRNA00169,0.0014732048216122848
1754,TMX3;CCDC102B,0.0008666628040725322
1755,LOC284749,0.0008074688275367613
1756,LOC100134317,0.0015720012125457288
1757,CCDC48,0.000812768728866914
1758,IQUB,0.000772304627324306
1759,ANKRD13A,0.0006411624541640566
1760,SNORA35;HTR2C,0.0015076036256048073
1761,SHB,0.000902275349181363
1762,SLC22A4,0.000554922743833833
1763,GRM5,0.000855267939187544
1764,EXOC7;ZACN,0.0009911298296201958
1765,SLC26A11;SGSH,0.0007340330118920972
1766,ZNF627,0.0007074730103381846
1767,POM121L8P,0.0009085070912453726
1768,C18orf1,0.0009387829416095744
1769,PCDHB9,0.0011127202763171764
1770,TPD52L3,0.0007875302742222961
1771,FLJ43950,0.001013484552251222
1772,IL1F10,0.0008181022588141351
1773,TROAP,0.000684497476059452
1774,SFRS4,0.0008110791357461553
1775,C2orf16,0.0009622332401377279
1776,PODXL,0.0009509018124056745
1777,IRGQ,0.0006449784069136998
1778,SHCBP1,0.0009358122365661676
1779,ABCC4,0.00112214413608521
1780,STAC3,0.0008563001207921045
1781,MAML3,0.001017358583897552
1782,CARD10,0.000882044323894522
1783,ASRGL1,0.0008127455374779648
1784,PCMTD2,0.0009721862128782362
1785,LOC646405,0.0012955132701689266
1786,UROS,0.0007664699597152741
1787,RND2,0.0008839749433868283
1788,M6PR;PHC1,0.001359084576606941
1789,PSMB6,0.0008104587738058144
1790,QPCTL,0.0009294762033562813
1791,NETO2,0.0007033523032013648
1792,LSM6,0.0008076082630741725
1793,BASP1;LOC285696,0.0014943094663419632
1794,FAM22F,0.001062781082846611
1795,LRRC3,0.0011373326642058169
1796,C7orf69;PKD1L1,0.0013965294611295405
1797,STX2,0.0009265676285973106
1798,ADH1B,0.0015954806069961853
1799,DECR2,0.0006503458793264999
1800,PODXL2,0.0011046752826777777
1801,OGFRL1,0.0008257040897367606
1802,VWF,0.000833497592069641
1803,SLC6A4,0.0008066057826811788
1804,RHOBTB3,0.0008920757484661517
1805,MIR509-3;MIR509-1;MIR509-2,0.001761362128926693
1806,PCOLCE;FBXO24,0.0007667243174913833
1807,HOXA3,0.0013846236576635085
1808,C12orf27,0.00094235058344336
1809,C20orf196,0.0007740551941835742
1810,PRDX1,0.0010664580062236305
1811,GNGT2;ABI3,0.0012965467470673646
1812,UBA2,0.0010313315366403855
1813,LOC100240726,0.0010437050065246287
1814,IL28RA,0.001057254158692984
1815,SLC7A9,0.0009215541317735598
1816,FBXL17,0.000926697738514122
1817,TMEM81,0.0008585418837339749
1818,NPHP1,0.0007023927704750721
1819,RGS9,0.0009568869069711192
1820,SUSD4,0.000870994288929017
1821,HTR7P;HEBP1,0.0008882965993312993
1822,LOC729121;RGPD4,0.001061163998670153
1823,OR2C1,0.0019027399388647005
1824,METT10D,0.0008759857387148125
1825,ZFP36,0.0008724367404622072
1826,PRODH,0.000623610584907974
1827,RRN3P2,0.0007933415604726626
1828,ZSWIM4,0.0009722373448736144
1829,THAP8,0.0007876200784599188
1830,RPS6KA4,0.0007483106176051959
1831,C16orf7,0.000905960617315265
1832,GPR89B,0.0009804130030836768
1833,KRT33A,0.0009648726885466498
1834,GATS,0.0007808892892213483
1835,CAPN7,0.0008686217232795486
1836,FCHO1,0.0009382001686603787
1837,SRI,0.0007806218244629942
1838,TMEM161A,0.0009317145998400675
1839,KIAA0319L,0.0007914713597165441
1840,FAH,0.0008814338040966359
1841,NCRNA00182;MIR374B;MIR421,0.0009542242111503609
1842,RAD54L2,0.0008581193784598482
1843,NCAPH2,0.0008100995224126511
1844,TGM5,0.0009778640597966788
1845,ARHGAP4,0.0008463351151181543
1846,GPR27;EIF4E3,0.0010091546314092278
1847,DCT,0.003191058619387765
1848,CA5B,0.002580510987150465
1849,APEX1;OSGEP,0.0008243706792947123
1850,GMFB,0.0007443181373166436
1851,MAP1LC3A,0.0009421191632413351
1852,C14orf49,0.0009401196333617382
1853,FRMD5;LOC728758,0.0007653636228086859
1854,UBE2B,0.000824773099817516
1855,LPPR4,0.0013838177808528156
1856,CABYR,0.0008888533567545534
1857,WDR5,0.000999168693931474
1858,CD72,0.0010320811584196847
1859,LOC401588;ZNF674,0.0010170845058047793
1860,ETFB,0.0007150423112511525
1861,LOC731789,0.0010194353934763981
1862,KRTAP10-8;C21orf29,0.0010949011405373987
1863,LHFP,0.0008828591757195693
1864,DOCK1,0.0007851837270565201
1865,NCOA4,0.0008786809061915468
1866,SLC1A6,0.0014770531871579056
1867,TMEM91,0.0010322421448185032
1868,GRAPL,0.0010655622040009877
1869,FCHO2,0.0008017901536696433
1870,GLS2,0.0006922766629906291
1871,ZNF84,0.0007574910572026884
1872,LOC645752,0.0010480982743826047
1873,TMEM167B,0.0007485398689994274
1874,KHK,0.0009214012906448426
1875,FCGR1A,0.0015632362776468686
1876,C14orf64,0.0010489777670749836
1877,GSK3B,0.0009170101798497683
1878,DGCR9,0.0010104426860907257
1879,LIN28B,0.0011323083479461335
1880,LSM11,0.0009460325494264508
1881,ROBO2,0.000831381802740308
1882,IL28A,0.0011834694532112178
1883,NCRNA00159,0.0009227942667666618
1884,SLC25A26,0.0008357565707865792
1885,ASAH2,0.0008008327377443406
1886,GCNT7;C20orf106,0.0008248854430362203
1887,MRPS12;SARS2,0.0007423411292624484
1888,HCG4,0.0011094568017132945
1889,STK39,0.0007771200988058294
1890,RNF20,0.0009752956498406326
1891,YIPF2;C19orf52,0.0007940179324242691
1892,LOC388955,0.0007552285268073812
1893,LOC646498,0.0008741118710416424
1894,MIR2114,0.0018852136829449941
1895,CORO1A;LOC606724,0.0012510601712195045
1896,KLHL5,0.0007415171193272629
1897,AAGAB,0.0009039353744412098
1898,MTR,0.0006926728779976184
1899,DHDDS,0.000936163342746073
1900,TRIM66,0.0007690894344600774
1901,RHEBL1,0.0009424375420130518
1902,PRDM9,0.001899470367189791
1903,TBL1XR1,0.0008494619942031287
1904,XPO4,0.0008335894357824268
1905,MPEG1,0.0012492471656740502
1906,C15orf48;MIR147B,0.0019171595905748285
1907,COX17,0.0007662596234966563
1908,OAZ3;MRPL9,0.0008008985643793814
1909,LOC285780,0.0012546588443266
1910,ZXDA,0.000777018932579221
1911,ZNF286B;FOXO3B,0.0008333811701889855
1912,DDX3X,0.0008264671279374494
1913,SCARNA10;NCAPD2,0.0009100413389669902
1914,FLJ11235;EPB41L4A,0.0009119840543538663
1915,SLC39A7,0.0008646340128215348
1916,SLC25A22,0.0010392019102194758
1917,ANP32D,0.0013270856647818437
1918,USP2,0.000855173261879289
1919,FLJ35390;RASA4P,0.0008475950418560135
1920,UNK,0.0008408919175779247
1921,TRPC4,0.000952064948657553
1922,ALDH16A1;PIH1D1,0.0007242470446501325
1923,GNS,0.0007061036021799099
1924,OXSR1,0.0008258172468329422
1925,ZNRF1,0.0009766596887847135
1926,WDR77,0.001693767702686531
1927,HABP2,0.0011242529726941232
1928,AKAP11,0.0007630811978384946
1929,C1QTNF7,0.0018386931572429953
1930,FAM160B2,0.0008768830474708098
1931,NCRNA00161,0.0009630469827569922
1932,SNAR-H,0.0009491260363409773
1933,HSPA14,0.0007488003360942581
1934,ARPC1A,0.0009116075445658184
1935,FCHSD1,0.0019284321915627807
1936,RCE1,0.0009247797302032986
1937,NME4,0.0007983203169582481
1938,PDCD4,0.0008818078740987286
1939,IER3;FLOT1,0.0008770331348084952
1940,GADD45A,0.0008612585012145292
1941,OR8H1,0.0014481340414599663
1942,KRTCAP2;TRIM46,0.0007876351721847871
1943,C9orf4,0.0011840341740472536
1944,VNN3,0.0009516047586894585
1945,DEF6,0.001616325919028485
1946,KLF1,0.0008980916732606692
1947,ZNF418,0.001105208704062567
1948,UMODL1;C21orf128,0.001027001061885338
1949,ALG11;UTP14C,0.0008916040066819587
1950,SEPT6,0.0009037904770107702
1951,PRICKLE2,0.0007955331510523545
1952,HESX1,0.0008459358302099344
1953,VGLL3,0.0008845676211428899
1954,TMEM175,0.0008421090110276329
1955,CRYAA,0.000875430061805403
1956,CYP8B1,0.0009678123674511853
1957,SMPD3,0.0008151955911727482
1958,LOC100286844;BCDIN3D,0.0007006516422316495
1959,BDNF;BDNFOS,0.0010345179871756108
1960,HNRNPF,0.0006599027956371363
1961,OR8U8;OR5AR1,0.003310951608431916
1962,SNHG4;MATR3,0.0009450658895280271
1963,AMPD1,0.0017027143130239324
1964,FAM184A,0.0009026781657501349
1965,HNRNPH2,0.0009447655718188325
1966,DIP2B,0.0007734272803196112
1967,DNASE1L1;RPL10,0.0017991552580101104
1968,PXMP2,0.0008791255391351139
1969,CORO1B,0.0006922836750350724
1970,LRIG3,0.0009496089453728184
1971,RNF180,0.0014738168497276868
1972,ABO,0.0008749476615216396
1973,GNL3;SNORD19B,0.0009282316376750762
1974,GLIPR1,0.001441015338118501
1975,DOCK1;FAM196A,0.000801270677711534
1976,C9orf66;DOCK8,0.003360167551019402
1977,FAM24A,0.0011953675303689223
1978,ATP1A3,0.0009203705884559456
1979,EDC3,0.0008908344449077868
1980,TPSB2,0.0012213629264980147
1981,NSUN2,0.0006748111447558118
1982,MEF2C,0.0010290670899327707
1983,C20orf144;NECAB3,0.000804491957409017
1984,ZHX3,0.0011018376814702958
1985,LYPD2,0.0010691459439676593
1986,SELE,0.0009712164462828061
1987,C8orf58;KIAA1967,0.0009264001013092301
1988,B4GALNT4,0.0006104404089432672
1989,IL22,0.0011325865166715312
1990,SNORA10;SNORA64;RPS2,0.0015229847881524567
1991,CUL7,0.0008770595843426058
1992,FLJ26850,0.002181863219531733
1993,LOH12CR2;LOH12CR1,0.0023701926366908677
1994,LOC441294,0.001066483373912324
1995,STMN4,0.0010174341928513005
1996,FGF11;CHRNB1,0.000736004479601107
1997,PXDN,0.0007560725121841882
1998,SNORA14B;TOMM20,0.0008601046116830564
1999,CHTF8;HAS3,0.0008386800958764425
2000,hsa-mir-576,0.0030787136890351352
2001,hsa-mir-200b,0.0024225590036676533
2002,hsa-mir-3687,0.0020502176528117157
2003,hsa-mir-126,0.00237287466563277
2004,hsa-mir-26a-2,0.0036201626943033116
2005,hsa-mir-101-1,0.004031732473062859
2006,hsa-mir-218-2,0.0013376264281898687
2007,hsa-mir-223,0.0036016483088144218
2008,hsa-mir-335,0.0015321230118334253
2009,hsa-mir-1468,0.0017030442381054283
2010,hsa-mir-4326,0.0027550514510465813
2011,hsa-mir-937,0.0015087881998354148
2012,hsa-mir-345,0.004156205547376781
2013,hsa-mir-130a,0.0013673023819895757
2014,hsa-mir-146b,0.0014202873235069132
2015,hsa-mir-1277,0.001379193020785523
2016,hsa-mir-219-1,0.0014716763980751045
2017,hsa-mir-33b,0.0016325864911419952
2018,hsa-let-7f-1,0.0017395613019119507
2019,hsa-mir-421,0.0013728725969717488
2020,hsa-mir-196a-1,0.003127530452229599
2021,hsa-mir-1292,0.0029925074917649206
2022,hsa-mir-203,0.0009914952285763642
2023,hsa-mir-3074,0.003944006714110647
2024,hsa-mir-9-2,0.0016026806368926315
2025,hsa-mir-215,0.0018017114646101844
2026,hsa-mir-9-1,0.0016312811290153106
2027,hsa-mir-675,0.0012065981692818701
2028,hsa-mir-656,0.0013162947330519414
2029,hsa-mir-3678,0.0018784449055334214
2030,hsa-mir-433,0.001102970641403112
2031,hsa-mir-29a,0.0025341304645917113
2032,hsa-mir-221,0.0012525757036796483
2033,hsa-mir-15a,0.001666431851163242
2034,hsa-mir-3127,0.0018833120910334835
2035,hsa-mir-3610,0.005343289096616249
2036,hsa-mir-146a,0.0027882568632857287
2037,hsa-mir-204,0.0013608228940333394
2038,hsa-mir-3912,0.005077823609053741
2039,hsa-mir-3690,0.005248506041445135
2040,hsa-mir-34a,0.0015551873178190937
2041,hsa-mir-625,0.0022004867977395643
2042,hsa-mir-181a-1,0.002500210276591895
2043,hsa-mir-361,0.0012348669030874475
2044,hsa-mir-1-2,0.0019565104357793057
2045,hsa-mir-1266,0.002023362192640139
2046,hsa-mir-103-2,0.0024675480048898047
2047,hsa-mir-34c,0.0018454952338071702
2048,hsa-mir-32,0.002784724129242088
2049,hsa-mir-98,0.0013202184343793252
2050,hsa-mir-199a-1,0.001918202942597646
2051,hsa-mir-196a-2,0.001933484037005216
2052,hsa-mir-33a,0.0010723989584989486
2053,hsa-mir-2277,0.002904702631218725
2054,hsa-mir-1229,0.0025606001139206625
2055,hsa-mir-142,0.003167085500617213
2056,hsa-mir-328,0.0036093868477153155
2057,hsa-mir-379,0.0011545515620571332
2058,hsa-mir-3922,0.0037477447817003623
2059,hsa-mir-1245,0.0047753989747063574
2060,hsa-mir-885,0.0019149003642319963
2061,hsa-mir-944,0.003943138849777314
2062,hsa-mir-654,0.0010296680893124835
2063,hsa-mir-22,0.0027990125523583115
2064,hsa-mir-412,0.0028482007660359638
2065,hsa-let-7e,0.0015341950649099454
2066,hsa-mir-199a-2,0.0018059647080488359
2067,hsa-mir-323b,0.001297149253023886
2068,hsa-mir-374b,0.002951069364691219
2069,hsa-mir-29b-1,0.0029844446313680812
2070,hsa-mir-615,0.0024751811326275608
2071,hsa-mir-409,0.002552068947682843
2072,hsa-mir-639,0.0030395977035919354
2073,hsa-mir-214,0.002726043885030808
2074,hsa-mir-133a-1,0.0008603852676007216
2075,hsa-mir-451,0.0009906115742357455
2076,hsa-mir-542,0.0019195941625717384
2077,hsa-mir-326,0.0027469536772862188
2078,hsa-mir-3648,0.001431504079456229
2079,hsa-mir-181d,0.001089846487305335
2080,hsa-mir-181c,0.0010229941942528048
2081,hsa-mir-3651,0.0033655922407105536
2082,hsa-mir-487b,0.0011269567435653422
2083,hsa-mir-509-3,0.0013435203872547913
2084,hsa-mir-23a,0.0018680541681447846
2085,hsa-mir-320b-2,0.002188652975739032
2086,hsa-mir-148a,0.0033728409824072426
2087,hsa-mir-127,0.0011156894237095108
2088,hsa-mir-320d-1,0.0025655368005632045
2089,hsa-mir-132,0.002350969567485338
2090,hsa-mir-486,0.0008544619205181791
2091,hsa-mir-15b,0.00464003539925067
2092,hsa-mir-3909,0.0036725549189811075
2093,hsa-mir-376c,0.0009277624464188207
2094,hsa-mir-194-1,0.0009875367790265883
2095,hsa-mir-296,0.004011078400081906
2096,hsa-mir-3613,0.0021666986374936394
2097,hsa-mir-194-2,0.0010120638052090432
2098,hsa-mir-3917,0.0022435559924595437
2099,hsa-mir-144,0.0009062195780114633
2100,hsa-mir-28,0.006261951066255352
2101,hsa-mir-320d-2,0.00187959633943418
2102,hsa-mir-942,0.0008821137879306729
2103,hsa-mir-147b,0.001102554292949859
2104,hsa-mir-574,0.0028034061750847115
2105,hsa-mir-199b,0.001754920194083256
2106,hsa-mir-491,0.002284572739401505
2107,hsa-mir-30c-1,0.0023881345516954143
2108,hsa-mir-134,0.00124529265930771
2109,hsa-mir-154,0.0009327466492646199
2110,hsa-mir-3676,0.001978965234174444
2111,hsa-mir-582,0.0025426487996084717
2112,hsa-mir-539,0.0012320927592701285
2113,hsa-mir-1228,0.004254888313110425
2114,hsa-mir-376b,0.001023429030729623
2115,hsa-mir-128-2,0.001410415193987156
2116,hsa-mir-503,0.0025250967835095573
2117,hsa-mir-887,0.004452545337976272
2118,hsa-mir-1287,0.0012860964365305606
2119,hsa-mir-374a,0.0025596108167464083
2120,hsa-mir-589,0.0013037977834118907
2121,hsa-mir-425,0.0044314560453830665
2122,hsa-mir-382,0.0010717805942109069
2123,hsa-mir-323,0.001254285489848947
2124,hsa-mir-2355,0.002355680507397938
2125,hsa-mir-450b,0.002087243115194365
2126,hsa-mir-128-1,0.0016248711730473128
2127,hsa-mir-330,0.001631909273029904
2128,hsa-mir-340,0.0022330028030923977
2129,hsa-mir-193b,0.004159049964388359
2130,hsa-mir-432,0.0009342626330184883
2131,hsa-mir-487a,0.0009242201947319366
2132,hsa-mir-184,0.0018099746842144904
2133,hsa-mir-629,0.0012775354488696073
2134,hsa-mir-369,0.001139963789541296
2135,hsa-mir-99b,0.003519337530175765
2136,hsa-mir-1180,0.0011395052755945466
2137,hsa-mir-130b,0.004192938487836538
2138,hsa-mir-99a,0.0034805338782602758
2139,hsa-mir-19b-1,0.001911352742276698
2140,hsa-mir-3682,0.0033414024340565215
2141,hsa-mir-579,0.0010864293817640285
2142,hsa-mir-151,0.0023243859364357996
2143,hsa-mir-556,0.0017794237695349258
2144,hsa-let-7g,0.0015674481508728534
2145,hsa-mir-509-1,0.0016927376595306009
2146,hsa-mir-758,0.0008783480664711265
2147,hsa-mir-651,0.0016622157050777471
2148,hsa-mir-509-2,0.0016772771018094068
2149,hsa-mir-411,0.0009093442658584257
2150,hsa-mir-514-3,0.001345968598234754
2151,hsa-mir-107,0.001295269079387813
2152,hsa-mir-514-1,0.001201965046188815
2153,hsa-mir-889,0.0008810310857835942
2154,hsa-mir-541,0.0013977863521572494
2155,hsa-mir-504,0.002593149984341239
2156,hsa-mir-659,0.0010138238362148923
2157,hsa-mir-370,0.000936465357112493
2158,hsa-mir-643,0.00365255200293974
2159,hsa-mir-935,0.0024415419577077844
2160,hsa-mir-514-2,0.0010648755416666651
2161,hsa-mir-153-1,0.0029487040760336628
2162,hsa-mir-598,0.002292472035198511
2163,hsa-mir-136,0.0010655306672544837
2164,hsa-mir-34b,0.0033352228384381094
2165,hsa-mir-485,0.0010580746866012427
2166,hsa-mir-3130-1,0.0019761313650934788
2167,hsa-let-7d,0.004782966175326798
2168,hsa-mir-196b,0.007004904952090572
2169,hsa-mir-152,0.0031681745647705586
2170,hsa-mir-653,0.0019965327092571874
2171,hsa-mir-3065,0.0017339911457242433
2172,hsa-mir-2110,0.0031840983790102275
2173,hsa-mir-25,0.0009775094914812607
2174,hsa-mir-431,0.000863127789997361
2175,hsa-mir-1274b,0.0034684891118029696
2176,hsa-mir-338,0.0010253300393379301
2177,hsa-mir-708,0.0025310095383551715
2178,hsa-mir-3934,0.002169695794133489
2179,hsa-mir-337,0.00136441364832963
2180,hsa-mir-342,0.01087393563684888
2181,hsa-let-7c,0.0023352229338769307
2182,hsa-mir-101-2,0.008981091429499873
2183,hsa-mir-1301,0.002175287005476715
2184,hsa-mir-1306,0.0025160132075878468
2185,hsa-mir-766,0.0026772415145887947
2186,hsa-mir-19b-2,0.003477057891553171
2187,hsa-mir-551b,0.0017127072979756584
2188,hsa-mir-1270-2,0.001986277817242905
2189,hsa-mir-532,0.0030684502692321404
2190,hsa-mir-365-1,0.0036626729962305426
2191,hsa-mir-3677,0.0035658451672452877
2192,hsa-mir-501,0.001795725195913314
2193,hsa-mir-29c,0.007354700737657989
2194,hsa-mir-500a,0.003006242486890162
2195,hsa-mir-365-2,0.0036827992626682847
2196,hsa-mir-3150b,0.003168892478465449
2197,hsa-mir-30c-2,0.008258099369928898
2198,hsa-mir-92a-2,0.001236999904348801
2199,hsa-mir-660,0.0019326582473515896
2200,hsa-mir-496,0.0008367230485360991
2201,hsa-mir-3653,0.0018744083801487711
2202,hsa-mir-3129,0.001512894496527264
2203,hsa-mir-95,0.001437746431821262
2204,hsa-mir-153-2,0.001416841721421804
2205,hsa-mir-624,0.0012451381236688796
2206,hsa-mir-7-2,0.0019041823562102487
2207,hsa-mir-450a-1,0.0017813187911607713
2208,hsa-mir-363,0.0011049319129418091
2209,hsa-mir-135a-1,0.001221785835693252
2210,hsa-mir-150,0.0031154163443438227
2211,hsa-mir-20b,0.0009257829407803251
2212,hsa-mir-3607,0.0037353329156433533
2213,hsa-mir-27b,0.002050869064790585
2214,hsa-mir-30b,0.002592262642495748
2215,hsa-mir-543,0.0009445650529106633
2216,hsa-mir-26a-1,0.0035931152981504345
2217,hsa-mir-30d,0.0012331041480176143
2218,hsa-mir-1249,0.0038487352440087024
2219,hsa-mir-16-2,0.0006791852604973924
2220,hsa-mir-1976,0.0012647090498601968
2221,hsa-mir-493,0.0009531005322855539
2222,hsa-mir-376a-1,0.0009971784056617035
2223,hsa-mir-410,0.000795569240632012
2224,hsa-mir-1247,0.001511077970650047
2225,hsa-mir-106a,0.0009864723535228
2226,hsa-mir-380,0.0008655992760269992
2227,hsa-mir-185,0.0011579151828158812
2228,hsa-mir-129-1,0.0014022772541280879
2229,hsa-mir-1291,0.004320198100093828
2230,hsa-mir-484,0.0012723579418456939
2231,hsa-mir-3913-1,0.0012505602762276865
2232,hsa-mir-129-2,0.0016402127430659823
2233,hsa-mir-526b,0.0017537947362795334
2234,hsa-mir-548v,0.0021124751296510503
2235,hsa-mir-450a-2,0.003911189198098155
2236,hsa-mir-3615,0.0009611323192422335
2237,hsa-mir-3173,0.0017891295434284238
2238,hsa-mir-3647,0.0027012146751431883
2239,hsa-mir-339,0.002341230190045927
2240,hsa-mir-627,0.003928739476746608
2241,hsa-mir-3605,0.004488143168244801
2242,hsa-mir-628,0.003308393104738975
2243,hsa-mir-550a-1,0.001128255096857812
2244,hsa-mir-23b,0.003973605952309757
2245,hsa-mir-652,0.0016325564108310927
2246,hsa-mir-874,0.0017376384534395274
2247,hsa-mir-217,0.0018385115474792702
2248,hsa-mir-424,0.0019799412605710893
2249,hsa-mir-581,0.005581808622274813
2250,hsa-mir-483,0.0017824073196110754
2251,hsa-mir-3614,0.0011352216635378515
2252,hsa-mir-16-1,0.0008803039209613613
2253,hsa-mir-550a-2,0.0013940791646996145
2254,hsa-mir-24-1,0.0014870433075302538
2255,hsa-mir-508,0.0017929045715575215
2256,hsa-mir-642a,0.0008716527220571016
