index,mRNA,VCDN
0,0.13354718685150146,0.5294934511184692
1,25775.595703125,0.45022207498550415
2,1758673.0,0.3330455720424652
3,94593.359375,0.3185802698135376
4,24173.14453125,0.5266481041908264
5,85447.5546875,0.5248302817344666
6,49147.83203125,0.4349384009838104
7,15957.0625,0.4524746239185333
8,2037.2752685546875,0.438597172498703
9,29025.94921875,0.3836177587509155
10,45101.7578125,0.44948825240135193
11,40596.5078125,0.32869577407836914
12,12403.396484375,0.5065538883209229
13,3432.449951171875,0.4388788640499115
14,14252.126953125,0.46277302503585815
15,28119.26171875,0.5077098608016968
16,18788.666015625,0.38192832469940186
17,5443.78515625,0.45531490445137024
18,608.7639770507812,0.4098234474658966
19,6575.919921875,0.3725895583629608
20,12085.1337890625,0.4198564291000366
21,12247.109375,0.3274734914302826
22,5838.2392578125,0.4372898042201996
23,1391.8223876953125,0.386993944644928
24,933.68798828125,0.36684808135032654
25,5273.5029296875,0.43786749243736267
26,7074.6826171875,0.43704524636268616
27,5291.8662109375,0.4505371153354645
28,1569.8829345703125,0.3443766236305237
29,289.0549621582031,0.37325143814086914
30,1301.406982421875,0.3975312411785126
31,3282.845947265625,0.33255040645599365
32,3630.202392578125,0.3590172231197357
33,2406.1826171875,0.3981532156467438
34,758.7706909179688,0.506976842880249
35,84.31572723388672,0.41281604766845703
36,865.9995727539062,0.39844822883605957
37,1731.632080078125,0.43898022174835205
38,1973.143310546875,0.4432869255542755
39,1132.3809814453125,0.41765424609184265
40,348.9986877441406,0.374967485666275
41,91.711669921875,0.3888094425201416
42,505.6118469238281,0.3624171018600464
43,1011.2032470703125,0.3420313596725464
44,1018.526611328125,0.3765503764152527
45,678.4115600585938,0.3738754689693451
46,180.83367919921875,0.3330731987953186
47,86.29564666748047,0.3655721843242645
48,266.4349365234375,0.41386693716049194
49,555.364990234375,0.4107358753681183
50,565.41943359375,0.38628101348876953
51,364.4052429199219,0.3393748700618744
52,128.16603088378906,0.34668436646461487
53,42.8182373046875,0.38071107864379883
54,174.9160614013672,0.35990631580352783
55,290.821044921875,0.36130890250205994
56,325.1833190917969,0.3726581335067749
57,202.21678161621094,0.35795775055885315
58,74.58837127685547,0.41750568151474
59,46.0169792175293,0.36286887526512146
60,101.95430755615234,0.368078351020813
61,178.88148498535156,0.35280728340148926
62,185.257080078125,0.3748343884944916
63,123.33587646484375,0.38682544231414795
64,43.673641204833984,0.35042572021484375
65,42.396568298339844,0.34520453214645386
66,73.41617584228516,0.36931097507476807
67,117.62303924560547,0.3582320213317871
68,105.80750274658203,0.34856757521629333
69,70.8381118774414,0.3592914640903473
70,34.147247314453125,0.367868036031723
71,30.28444480895996,0.35443422198295593
72,59.6646728515625,0.3671383857727051
73,69.99044799804688,0.3569956421852112
74,66.51070404052734,0.3422977328300476
75,41.05310821533203,0.360523521900177
76,27.345853805541992,0.3530409634113312
77,28.995874404907227,0.3334638774394989
78,48.48542404174805,0.3477819561958313
79,51.59382247924805,0.3496849238872528
80,45.86751174926758,0.34244418144226074
81,29.51057243347168,0.34373345971107483
82,20.514265060424805,0.3514806628227234
83,34.43933868408203,0.3537677824497223
84,42.60744857788086,0.3498888313770294
85,36.25368881225586,0.35611850023269653
86,31.082727432250977,0.36733776330947876
87,30.48869514465332,0.34424081444740295
88,24.600069046020508,0.3296055793762207
89,30.074668884277344,0.31532788276672363
90,35.28992462158203,0.40127110481262207
91,32.015193939208984,0.3060387074947357
92,25.49962615966797,0.3153366148471832
93,23.806947708129883,0.37264320254325867
94,32.69528579711914,0.3548179864883423
95,28.495134353637695,0.3288024067878723
96,26.4871883392334,0.34447962045669556
97,24.246532440185547,0.3249654173851013
98,19.89849281311035,0.35348373651504517
99,23.170045852661133,0.32924193143844604
100,26.882164001464844,0.31504711508750916
101,24.548009872436523,0.3208962678909302
102,20.35300064086914,0.39205971360206604
103,21.086822509765625,0.31230711936950684
104,17.5389461517334,0.31217917799949646
105,21.383411407470703,0.37567946314811707
106,23.541645050048828,0.35826319456100464
107,19.797679901123047,0.32836365699768066
108,22.577646255493164,0.316159188747406
109,20.348268508911133,0.349254310131073
110,21.53694725036621,0.3254936933517456
111,22.31997299194336,0.32394638657569885
112,21.976545333862305,0.3208911120891571
113,20.509634017944336,0.32504403591156006
114,18.431713104248047,0.35146641731262207
115,21.601858139038086,0.33456993103027344
116,19.38703155517578,0.3249489367008209
117,21.88022232055664,0.34188228845596313
118,19.560226440429688,0.3440026640892029
119,19.279254913330078,0.30217599868774414
120,21.429954528808594,0.3025382161140442
121,18.801359176635742,0.3584234416484833
122,19.804502487182617,0.345018595457077
123,20.03059959411621,0.2917466163635254
124,22.704750061035156,0.3295220136642456
125,23.205848693847656,0.3426932394504547
126,30.896692276000977,0.3210483491420746
127,28.691286087036133,0.28894728422164917
128,22.563936233520508,0.3900606632232666
129,20.49650001525879,0.3048669397830963
130,20.740915298461914,0.30517250299453735
131,21.205142974853516,0.3358151912689209
132,24.531455993652344,0.3184771239757538
133,25.33946418762207,0.3101244270801544
134,29.828001022338867,0.29682236909866333
135,31.40679359436035,0.36568161845207214
136,34.45921325683594,0.29306313395500183
137,26.736892700195312,0.3218582570552826
138,20.275888442993164,0.31884822249412537
139,17.535449981689453,0.29149097204208374
140,16.786548614501953,0.3246012032032013
141,22.474607467651367,0.292024165391922
142,32.49717330932617,0.329145222902298
143,40.174163818359375,0.2904520630836487
144,48.752323150634766,0.30996114015579224
145,52.805477142333984,0.2868415117263794
146,54.95712661743164,0.36872363090515137
147,51.57065200805664,0.28540459275245667
148,48.3931770324707,0.3362433612346649
149,40.4963264465332,0.29398030042648315
150,34.21115493774414,0.3065248727798462
151,30.77245330810547,0.29984238743782043
152,29.09847640991211,0.3154788911342621
153,22.236879348754883,0.29451602697372437
154,20.485580444335938,0.3698898255825043
155,19.033334732055664,0.29417550563812256
156,17.155235290527344,0.3158644437789917
157,21.13743019104004,0.34064289927482605
158,20.578990936279297,0.3159917891025543
159,19.542577743530273,0.33768975734710693
160,16.001323699951172,0.29488587379455566
161,15.319031715393066,0.2914246618747711
162,15.252545356750488,0.3326937258243561
163,20.798776626586914,0.32026174664497375
164,17.66602325439453,0.28945279121398926
165,16.557748794555664,0.3718370795249939
166,18.29328727722168,0.2865358889102936
167,24.896333694458008,0.3301147520542145
168,30.14933204650879,0.28526291251182556
169,43.32625961303711,0.3226344883441925
170,71.50896453857422,0.2907801866531372
171,119.76197814941406,0.312051922082901
172,222.7530975341797,0.28274860978126526
173,395.44549560546875,0.32947197556495667
174,584.7700805664062,0.29063883423805237
175,640.2255249023438,0.34334874153137207
176,422.4120788574219,0.2865965664386749
177,101.39231872558594,0.2875857949256897
178,30.581871032714844,0.34155890345573425
179,224.79559326171875,0.2911088764667511
180,312.50921630859375,0.32174524664878845
181,133.1101837158203,0.30936554074287415
182,14.355436325073242,0.29904070496559143
183,119.31181335449219,0.32563698291778564
184,188.41746520996094,0.2849873900413513
185,84.78779602050781,0.29488131403923035
186,26.975048065185547,0.39988645911216736
187,94.71205139160156,0.3038269579410553
188,113.0776596069336,0.3106747269630432
189,36.19923400878906,0.38171878457069397
190,37.335479736328125,0.30678531527519226
191,89.49112701416016,0.3627173602581024
192,59.68191146850586,0.3305065333843231
193,19.102434158325195,0.29445797204971313
194,51.029014587402344,0.3335226774215698
195,64.5855484008789,0.2866288423538208
196,27.148714065551758,0.28461888432502747
197,20.543519973754883,0.3434220850467682
198,47.673336029052734,0.2901935279369354
199,41.993614196777344,0.29909685254096985
200,26.135343551635742,0.29457664489746094
201,30.29336166381836,0.28502145409584045
202,33.220001220703125,0.3436669409275055
203,14.994451522827148,0.29107820987701416
204,15.298882484436035,0.27883192896842957
205,29.16619110107422,0.3616533577442169
206,20.113201141357422,0.28078755736351013
207,17.152870178222656,0.2775713801383972
208,24.31722640991211,0.3646060824394226
209,24.692602157592773,0.29538410902023315
210,21.425058364868164,0.2921007573604584
211,16.35429573059082,0.3625462055206299
212,20.921812057495117,0.2862749695777893
213,26.027503967285156,0.2990523874759674
214,19.621416091918945,0.3672192394733429
215,15.360066413879395,0.3007268011569977
216,22.486438751220703,0.31411585211753845
217,21.388212203979492,0.3244393765926361
218,17.02722930908203,0.30432766675949097
219,20.042072296142578,0.33544036746025085
220,21.059412002563477,0.29989153146743774
221,16.551305770874023,0.2980281114578247
222,19.00345802307129,0.35136687755584717
223,20.04553985595703,0.2793041169643402
224,17.235855102539062,0.287731409072876
225,17.10527229309082,0.312703400850296
226,20.650497436523438,0.29299458861351013
227,17.225021362304688,0.3260188698768616
228,14.261137008666992,0.28539302945137024
229,17.900592803955078,0.28209811449050903
230,15.763711929321289,0.2884785830974579
231,11.74435806274414,0.28583824634552
232,18.23177719116211,0.29891952872276306
233,13.820741653442383,0.2828613519668579
234,13.259157180786133,0.29723143577575684
235,18.881568908691406,0.3127465844154358
236,16.217613220214844,0.2963313162326813
237,14.945982933044434,0.34680601954460144
238,20.12497329711914,0.2789679169654846
239,15.887930870056152,0.2777734398841858
240,10.799715042114258,0.35512199997901917
241,19.725677490234375,0.27830833196640015
242,21.60717010498047,0.282966673374176
243,13.355826377868652,0.32539430260658264
244,17.875511169433594,0.29300251603126526
245,19.093883514404297,0.2900480031967163
246,13.773942947387695,0.29944396018981934
247,12.261078834533691,0.2875746488571167
248,18.365949630737305,0.2914563715457916
249,18.323001861572266,0.2897174060344696
250,14.029406547546387,0.2785644829273224
251,19.33222770690918,0.3125673830509186
252,40.20391082763672,0.29215890169143677
253,53.72854995727539,0.30501803755760193
254,54.702884674072266,0.3099115788936615
255,43.2332763671875,0.3026048243045807
256,33.17081069946289,0.28740090131759644
257,21.230852127075195,0.2819623649120331
258,14.819839477539062,0.2827586531639099
259,10.995851516723633,0.2823702096939087
260,10.732522964477539,0.286903440952301
261,14.569379806518555,0.2884606122970581
262,18.675142288208008,0.3125101327896118
263,19.0710391998291,0.31008657813072205
264,19.03464698791504,0.35471102595329285
265,15.278047561645508,0.27665001153945923
266,12.429765701293945,0.2824020981788635
267,14.97014331817627,0.2920748293399811
268,18.32954216003418,0.27776262164115906
269,18.039846420288086,0.29362818598747253
270,19.548669815063477,0.32230231165885925
271,23.505962371826172,0.2811911702156067
272,33.08917999267578,0.28170549869537354
273,47.969757080078125,0.29211801290512085
274,57.52484130859375,0.2827547788619995
275,63.11033630371094,0.289643257856369
276,61.788394927978516,0.29451897740364075
277,61.47292709350586,0.29369375109672546
278,55.33018112182617,0.28963953256607056
279,45.086708068847656,0.288755863904953
280,40.46543502807617,0.2731379568576813
281,47.52252960205078,0.28511279821395874
282,53.23533630371094,0.275638222694397
283,53.08356475830078,0.2878517210483551
284,51.0018424987793,0.3058931231498718
285,44.1206169128418,0.27905091643333435
286,31.10384178161621,0.28178489208221436
287,14.102665901184082,0.29113146662712097
288,11.298730850219727,0.28056108951568604
289,14.073907852172852,0.3079036474227905
290,21.39752960205078,0.29220035672187805
291,31.63556671142578,0.2720073461532593
292,37.03557205200195,0.28233447670936584
293,34.459678649902344,0.285503625869751
294,28.435733795166016,0.2816779315471649
295,20.679201126098633,0.3565857410430908
296,15.60988712310791,0.2903004288673401
297,14.921476364135742,0.2801589369773865
298,23.656919479370117,0.28346213698387146
299,44.91679000854492,0.28425511717796326
300,69.08391571044922,0.28330132365226746
301,90.7133560180664,0.29601940512657166
302,111.35643768310547,0.27262547612190247
303,137.8709716796875,0.2811337411403656
304,170.77511596679688,0.2707289457321167
305,203.07752990722656,0.2795782685279846
306,211.6053924560547,0.27591660618782043
307,188.1699981689453,0.2865333557128906
308,134.70375061035156,0.28119906783103943
309,74.70838165283203,0.2872827649116516
310,31.478317260742188,0.2764037847518921
311,11.780548095703125,0.31560584902763367
312,20.499074935913086,0.2895667254924774
313,44.17973327636719,0.2862972617149353
314,61.26571273803711,0.29593539237976074
315,56.54791259765625,0.27777376770973206
316,41.347713470458984,0.28085407614707947
317,23.30797576904297,0.2675263285636902
318,17.094966888427734,0.3057498037815094
319,17.204307556152344,0.28374001383781433
320,20.198902130126953,0.30604106187820435
321,22.4200439453125,0.2798708975315094
322,26.972198486328125,0.26923584938049316
323,32.78815460205078,0.2785084545612335
324,28.87342643737793,0.27826374769210815
325,21.94623565673828,0.2808922529220581
326,17.102359771728516,0.2847074568271637
327,15.819305419921875,0.2780382037162781
328,12.214370727539062,0.2723977863788605
329,8.026315689086914,0.2751154899597168
330,8.379271507263184,0.28156623244285583
331,9.821663856506348,0.2791457772254944
332,10.556831359863281,0.28465449810028076
333,10.432597160339355,0.2767977714538574
334,10.997415542602539,0.29785192012786865
335,10.044220924377441,0.28687459230422974
336,12.068163871765137,0.309890478849411
337,9.885331153869629,0.27047836780548096
338,9.115248680114746,0.27138325572013855
339,8.75153636932373,0.2902003228664398
340,9.038134574890137,0.28132757544517517
341,11.153338432312012,0.29530471563339233
342,11.594205856323242,0.2760213017463684
343,11.138114929199219,0.28123074769973755
344,11.900786399841309,0.2677815854549408
345,9.914981842041016,0.28269124031066895
346,9.559359550476074,0.28617557883262634
347,9.098786354064941,0.30751165747642517
348,10.000600814819336,0.28811633586883545
349,11.0331392288208,0.27742889523506165
350,11.710616111755371,0.27327242493629456
351,12.4353609085083,0.27507707476615906
352,11.255938529968262,0.2794703543186188
353,8.07167911529541,0.2714579999446869
354,17.111743927001953,0.27010753750801086
355,44.44960403442383,0.27307605743408203
356,74.48410034179688,0.26856085658073425
357,92.20499420166016,0.2818680703639984
358,99.79051971435547,0.2826211750507355
359,104.87399291992188,0.2841264605522156
360,98.28449249267578,0.2743602693080902
361,83.95952606201172,0.2827937602996826
362,62.96468734741211,0.2721860110759735
363,42.174808502197266,0.2847072184085846
364,24.88421058654785,0.2800382375717163
365,17.09358787536621,0.2844560742378235
366,21.06438446044922,0.27251681685447693
367,32.37087631225586,0.27729564905166626
368,49.768775939941406,0.2717149555683136
369,67.19781494140625,0.27673208713531494
370,70.83889770507812,0.2792709171772003
371,56.96857452392578,0.27773886919021606
372,36.745845794677734,0.2788487672805786
373,19.139705657958984,0.26857438683509827
374,14.922115325927734,0.3277035653591156
375,20.990243911743164,0.27818289399147034
376,32.5558967590332,0.27495551109313965
377,45.83385467529297,0.26915836334228516
378,53.09482192993164,0.27699798345565796
379,51.82212448120117,0.2796684205532074
380,44.54990768432617,0.3065415918827057
381,30.767589569091797,0.28743797540664673
382,15.759846687316895,0.28882619738578796
383,9.471595764160156,0.2743247151374817
384,12.235910415649414,0.28653815388679504
385,19.511919021606445,0.3095582127571106
386,26.0255126953125,0.28321361541748047
387,27.722837448120117,0.28571051359176636
388,27.261756896972656,0.26908358931541443
389,31.536081314086914,0.2805250585079193
390,36.64156723022461,0.27056288719177246
391,35.861568450927734,0.27806198596954346
392,29.12297821044922,0.28115972876548767
393,20.31062889099121,0.2764976918697357
394,12.468070030212402,0.2808898091316223
395,10.334893226623535,0.3104992210865021
396,10.212143898010254,0.29218557476997375
397,10.045658111572266,0.29426661133766174
398,9.25808334350586,0.2738093137741089
399,8.854537010192871,0.26984119415283203
400,9.971277236938477,0.2740005552768707
401,12.057721138000488,0.2790472209453583
402,12.292269706726074,0.27307307720184326
403,12.643138885498047,0.2856781482696533
404,11.701622009277344,0.2867271304130554
405,11.616640090942383,0.29994910955429077
406,11.27785587310791,0.26673486828804016
407,14.462597846984863,0.2745029628276825
408,16.541658401489258,0.2725970447063446
409,16.274497985839844,0.2739682197570801
410,15.437146186828613,0.2692764401435852
411,15.328811645507812,0.27752381563186646
412,15.280278205871582,0.2720333933830261
413,14.779354095458984,0.28273439407348633
414,16.79309844970703,0.2739837169647217
415,19.599702835083008,0.27703526616096497
416,21.57192611694336,0.27541857957839966
417,26.681289672851562,0.28733786940574646
418,34.749229431152344,0.2837459146976471
419,48.61568069458008,0.3088764548301697
420,65.60824584960938,0.2913038730621338
421,82.73108673095703,0.32496267557144165
422,99.54155731201172,0.29776886105537415
423,118.82167053222656,0.2904298007488251
424,145.4876251220703,0.2719126045703888
425,177.27960205078125,0.2745659649372101
426,197.93101501464844,0.2704216539859772
427,181.6602783203125,0.2737523913383484
428,140.22958374023438,0.2759692668914795
429,83.6987533569336,0.3345143496990204
430,37.952117919921875,0.29933884739875793
431,14.022026062011719,0.2684498727321625
432,15.318543434143066,0.28191033005714417
433,37.53010559082031,0.28207287192344666
434,63.606014251708984,0.31022343039512634
435,76.60693359375,0.2848493754863739
436,63.003414154052734,0.30666622519493103
437,34.5675048828125,0.27299273014068604
438,10.912049293518066,0.2745901346206665
439,8.964007377624512,0.33291998505592346
440,21.596418380737305,0.29215145111083984
441,34.28266143798828,0.2838195264339447
442,37.5116081237793,0.2699598968029022
443,28.272817611694336,0.2769072353839874
444,13.14266586303711,0.26967987418174744
445,8.767644882202148,0.2720626890659332
446,17.215961456298828,0.2793145775794983
447,25.836257934570312,0.28446894884109497
448,23.355146408081055,0.3402266800403595
449,15.73711109161377,0.294101357460022
450,8.459418296813965,0.2777525782585144
451,6.5714111328125,0.30757641792297363
452,10.121822357177734,0.2935238182544708
453,14.511064529418945,0.34891924262046814
454,14.22683048248291,0.28387054800987244
455,9.907615661621094,0.2694188952445984
456,9.13441276550293,0.2838671803474426
457,11.792362213134766,0.2736526131629944
458,15.973647117614746,0.3012118637561798
459,16.239734649658203,0.27283698320388794
460,13.810198783874512,0.2774771451950073
461,10.26515007019043,0.2801760733127594
462,8.028427124023438,0.27651283144950867
463,7.976343631744385,0.2847854793071747
464,9.131546020507812,0.26991382241249084
465,10.690889358520508,0.2757461369037628
466,13.233243942260742,0.2920493483543396
467,15.251133918762207,0.28230610489845276
468,14.84432601928711,0.28021475672721863
469,15.308284759521484,0.2735505998134613
470,15.944231033325195,0.26821112632751465
471,18.90157699584961,0.2748032510280609
472,20.807693481445312,0.264807790517807
473,20.12897300720215,0.27325239777565
474,16.478612899780273,0.26726019382476807
475,11.496596336364746,0.2711077034473419
476,7.102890968322754,0.27059322595596313
477,6.763094902038574,0.2735901176929474
478,11.90217399597168,0.2701626718044281
479,24.305843353271484,0.2666175663471222
480,39.21250534057617,0.2741259038448334
481,55.84061050415039,0.26670563220977783
482,79.2867202758789,0.2773185670375824
483,107.93849182128906,0.2688070237636566
484,135.9365692138672,0.27787694334983826
485,151.06651306152344,0.2688252627849579
486,152.6621551513672,0.27716344594955444
487,133.5496826171875,0.2671937048435211
488,95.15473175048828,0.2787661552429199
489,52.626251220703125,0.26935067772865295
490,21.874908447265625,0.2713765501976013
491,7.645261287689209,0.28230729699134827
492,8.712621688842773,0.2635114789009094
493,20.876420974731445,0.2755551040172577
494,33.25745391845703,0.2659571170806885
495,36.23405075073242,0.27362436056137085
496,31.77880096435547,0.263877272605896
497,22.54998016357422,0.2731488049030304
498,15.126914978027344,0.27462121844291687
499,9.894373893737793,0.27069365978240967
500,7.529253959655762,0.2775331139564514
501,6.346812725067139,0.285895973443985
502,5.418968200683594,0.27074694633483887
503,7.3344011306762695,0.2754819691181183
504,13.002779006958008,0.2680416405200958
505,15.889601707458496,0.2669278085231781
506,15.16515064239502,0.2732398808002472
507,11.271172523498535,0.2680465281009674
508,7.914522171020508,0.2693050801753998
509,5.340516090393066,0.2682522237300873
510,5.368360996246338,0.2745668888092041
511,4.941633224487305,0.26967301964759827
512,5.1926589012146,0.26502537727355957
513,6.33504056930542,0.27527129650115967
514,5.801304817199707,0.26887431740760803
515,6.507809162139893,0.2828531563282013
516,5.570672035217285,0.2636941075325012
517,5.830255508422852,0.27517661452293396
518,5.4865875244140625,0.2690473198890686
519,6.038741588592529,0.28480440378189087
520,6.761577606201172,0.29842913150787354
521,5.876307010650635,0.2726236581802368
522,6.144855499267578,0.26932260394096375
523,5.794254302978516,0.276667982339859
524,6.737724304199219,0.2720286548137665
525,6.452019214630127,0.27218809723854065
526,6.115527153015137,0.2721368670463562
527,5.570866107940674,0.2681688666343689
528,5.311151027679443,0.27299264073371887
529,4.576557636260986,0.27506959438323975
530,6.336996555328369,0.26403671503067017
531,5.409309387207031,0.26735061407089233
532,4.578301906585693,0.2693026065826416
533,5.889852046966553,0.2695178985595703
534,7.429756164550781,0.26886531710624695
535,9.576218605041504,0.26529020071029663
536,8.314220428466797,0.2713807225227356
537,5.569533348083496,0.26601642370224
538,6.90787410736084,0.2684626579284668
539,10.155313491821289,0.27010244131088257
540,12.373467445373535,0.2623777389526367
541,11.675986289978027,0.2696616053581238
542,11.447471618652344,0.2638098895549774
543,10.160784721374512,0.2709575891494751
544,9.054183959960938,0.2748158574104309
545,8.465202331542969,0.2674185633659363
546,6.623268127441406,0.2666572034358978
547,5.181177616119385,0.27173590660095215
548,6.486157417297363,0.2734203636646271
549,9.630167007446289,0.26340070366859436
550,14.855474472045898,0.27114367485046387
551,22.559078216552734,0.26647400856018066
552,28.075801849365234,0.27108606696128845
553,27.129640579223633,0.27215149998664856
554,21.04975128173828,0.2765667736530304
555,13.722780227661133,0.2818206548690796
556,8.140798568725586,0.27889078855514526
557,5.657111644744873,0.28036361932754517
558,5.262569427490234,0.26837119460105896
559,7.7216477394104,0.27565762400627136
560,14.245697021484375,0.26571840047836304
561,24.347911834716797,0.270228773355484
562,33.20201110839844,0.2684638202190399
563,40.92750549316406,0.2730708420276642
564,45.85038375854492,0.26793766021728516
565,48.35982894897461,0.26991787552833557
566,50.44383239746094,0.26836737990379333
567,54.81333541870117,0.27248337864875793
568,52.84183883666992,0.2667376697063446
569,48.02558517456055,0.27062973380088806
570,38.38239288330078,0.26309147477149963
571,26.267568588256836,0.26884588599205017
572,15.061681747436523,0.2651515007019043
573,6.986368656158447,0.28332677483558655
574,5.938665390014648,0.26428207755088806
575,7.671328067779541,0.26668769121170044
576,13.543177604675293,0.2682631015777588
577,15.876099586486816,0.26391005516052246
578,16.00426483154297,0.26856642961502075
579,14.381325721740723,0.26671385765075684
580,9.148794174194336,0.26727405190467834
581,5.646742820739746,0.26911094784736633
582,5.210877895355225,0.2776169180870056
583,6.946529388427734,0.2705707550048828
584,8.86283016204834,0.26586827635765076
585,11.209928512573242,0.27011677622795105
586,9.641172409057617,0.26488083600997925
587,8.73687744140625,0.26523950695991516
588,7.204829692840576,0.2682242691516876
589,8.322526931762695,0.2690660059452057
590,8.147964477539062,0.26142796874046326
591,7.927018642425537,0.26962777972221375
592,6.9778056144714355,0.2827349603176117
593,5.698060035705566,0.27605393528938293
594,5.262328147888184,0.27601805329322815
595,4.783803939819336,0.2645280361175537
596,4.559520244598389,0.272515207529068
597,3.9699010848999023,0.26548492908477783
598,6.140937805175781,0.27232086658477783
599,12.875109672546387,0.26468244194984436
600,25.104265213012695,0.26855939626693726
601,43.1413459777832,0.2670196294784546
602,67.26350402832031,0.26758554577827454
603,105.78272247314453,0.2659229636192322
604,160.95986938476562,0.2644904553890228
605,213.75518798828125,0.26445525884628296
606,253.53590393066406,0.2695123255252838
607,244.09629821777344,0.26715368032455444
608,195.0987548828125,0.27033481001853943
609,115.8333969116211,0.26441776752471924
610,41.61097717285156,0.27412810921669006
611,5.536504745483398,0.26716694235801697
612,23.566774368286133,0.26561570167541504
613,60.29700469970703,0.26744669675827026
614,69.76155090332031,0.26444149017333984
615,44.623779296875,0.2701999545097351
616,11.442411422729492,0.2669949233531952
617,6.994922161102295,0.26431941986083984
618,31.777620315551758,0.26924487948417664
619,51.50114440917969,0.2650779187679291
620,44.47755432128906,0.267855703830719
621,18.97938346862793,0.27733370661735535
622,3.9835894107818604,0.2680177092552185
623,16.279199600219727,0.2674087882041931
624,33.116153717041016,0.2632112503051758
625,29.787607192993164,0.27010416984558105
626,13.909100532531738,0.27743127942085266
627,4.5964674949646,0.27382925152778625
628,7.289093494415283,0.26758670806884766
629,15.012567520141602,0.26584428548812866
630,13.355076789855957,0.2727808952331543
631,7.189239025115967,0.269802451133728
632,6.105513572692871,0.2675029933452606
633,10.405853271484375,0.26463189721107483
634,10.816667556762695,0.2649199068546295
635,6.617173671722412,0.2789662182331085
636,4.8435564041137695,0.26346662640571594
637,5.477020263671875,0.2722705602645874
638,5.619099140167236,0.26316553354263306
639,4.919133186340332,0.2650238573551178
640,4.1531572341918945,0.2651895582675934
641,4.308640956878662,0.2650114893913269
642,4.164986610412598,0.2677549421787262
643,4.405594825744629,0.26327937841415405
644,4.596402168273926,0.2673361599445343
645,4.042241096496582,0.26623663306236267
646,3.565887689590454,0.2682621479034424
647,3.8223140239715576,0.26757872104644775
648,4.048144817352295,0.2712668776512146
649,3.6406326293945312,0.2788948118686676
650,3.578129529953003,0.26873600482940674
651,4.042716026306152,0.26738059520721436
652,4.685689449310303,0.26961204409599304
653,5.104079246520996,0.2697104215621948
654,4.735143661499023,0.2685603201389313
655,3.9454638957977295,0.2707991302013397
656,3.5653514862060547,0.26608243584632874
657,3.7009193897247314,0.271822988986969
658,4.56831169128418,0.26401105523109436
659,4.142890930175781,0.2763121426105499
660,4.035303592681885,0.2693787217140198
661,3.3341457843780518,0.2670446038246155
662,3.955533742904663,0.26512935757637024
663,3.9403984546661377,0.26549676060676575
664,5.065112590789795,0.27924203872680664
665,4.38714075088501,0.2691197991371155
666,4.368170261383057,0.26954272389411926
667,3.639533281326294,0.2644897699356079
668,3.640781879425049,0.2735304534435272
669,3.255214214324951,0.2645009458065033
670,3.7470736503601074,0.2748931050300598
671,3.8988707065582275,0.26904940605163574
672,4.063516616821289,0.2722911834716797
673,4.091933727264404,0.26471275091171265
674,4.018813610076904,0.2652066946029663
675,3.0979156494140625,0.2684003710746765
676,3.5360779762268066,0.2669685184955597
677,4.6022233963012695,0.2666400074958801
678,4.587824821472168,0.2698923349380493
679,4.156136989593506,0.26678964495658875
680,3.4237143993377686,0.2669004797935486
681,3.4994311332702637,0.2657073140144348
682,4.06325101852417,0.26385533809661865
683,3.69370698928833,0.2670592963695526
684,3.973395824432373,0.26772376894950867
685,4.611475944519043,0.2680859863758087
686,4.799899578094482,0.26485756039619446
687,4.346907615661621,0.26452845335006714
688,3.3747739791870117,0.2691414952278137
689,3.0851857662200928,0.2711847424507141
690,4.9389166831970215,0.26435884833335876
691,7.452738285064697,0.2625691294670105
692,9.925556182861328,0.26684340834617615
693,10.29860782623291,0.26612016558647156
694,6.501718997955322,0.2733926773071289
695,4.0275444984436035,0.274034321308136
696,3.371058940887451,0.27774426341056824
697,5.432990074157715,0.2685547173023224
698,6.561596870422363,0.27726006507873535
699,6.234899520874023,0.2702060043811798
700,5.061520099639893,0.2744475305080414
701,4.678117275238037,0.26876869797706604
702,3.590609550476074,0.26958906650543213
703,3.449136972427368,0.2665161192417145
704,4.052504539489746,0.27281537652015686
705,3.6397693157196045,0.27154475450515747
706,3.142383575439453,0.2695864737033844
707,3.022145986557007,0.2612309157848358
708,3.4217891693115234,0.2663068473339081
709,3.9995908737182617,0.26926517486572266
710,4.8879852294921875,0.2618933618068695
711,5.90989351272583,0.2684778571128845
712,6.951059818267822,0.2635040879249573
713,8.300826072692871,0.2705267667770386
714,9.525615692138672,0.2634049952030182
715,12.293283462524414,0.2705856263637543
716,17.470149993896484,0.2724050283432007
717,24.048067092895508,0.26628726720809937
718,34.57431411743164,0.2688220739364624
719,49.47804641723633,0.26501479744911194
720,68.40074920654297,0.27456629276275635
721,92.7405014038086,0.2742631137371063
722,121.14450073242188,0.2675546705722809
723,148.7023468017578,0.2740027904510498
724,168.0334014892578,0.2930346727371216
725,160.05406188964844,0.26903045177459717
726,121.04196166992188,0.2650890052318573
727,64.59273529052734,0.26956263184547424
728,21.235008239746094,0.26948419213294983
729,14.73049259185791,0.2652358412742615
730,37.84662628173828,0.2687690854072571
731,58.71334457397461,0.27153846621513367
732,51.822994232177734,0.31149938702583313
733,24.367746353149414,0.29403018951416016
734,6.105696678161621,0.2846235930919647
735,11.863081932067871,0.26712191104888916
736,26.21925163269043,0.27827006578445435
737,27.825891494750977,0.3215318024158478
738,15.707014083862305,0.2992616295814514
739,7.142584800720215,0.2944553792476654
740,9.806135177612305,0.2662491500377655
741,17.544048309326172,0.2703213393688202
742,19.038820266723633,0.3014957904815674
743,12.693095207214355,0.28783053159713745
744,7.306183338165283,0.28918278217315674
745,7.432987213134766,0.26827266812324524
746,13.478731155395508,0.269290030002594
747,17.828128814697266,0.2681836783885956
748,16.575422286987305,0.2797412872314453
749,9.9111967086792,0.2870136797428131
750,5.391753673553467,0.26729652285575867
751,6.024391174316406,0.276001513004303
752,9.33415699005127,0.27897483110427856
753,11.198108673095703,0.2773890495300293
754,8.866097450256348,0.27898040413856506
755,4.857237339019775,0.27411070466041565
756,3.415022850036621,0.274215966463089
757,5.818027496337891,0.275970458984375
758,8.358194351196289,0.27998945116996765
759,6.709482669830322,0.27415913343429565
760,3.9418118000030518,0.2725200951099396
761,3.015737295150757,0.2766994535923004
762,5.433319091796875,0.26647868752479553
763,7.529942989349365,0.268839567899704
764,6.776230812072754,0.26557621359825134
765,4.141077041625977,0.27838149666786194
766,3.304110050201416,0.2675115466117859
767,8.102684020996094,0.2639780044555664
768,14.485636711120605,0.2665722072124481
769,15.956232070922852,0.2639180123806
770,9.935227394104004,0.2691335082054138
771,3.7201642990112305,0.2679295241832733
772,4.443884372711182,0.2636149227619171
773,12.819693565368652,0.2636270523071289
774,19.578737258911133,0.26317283511161804
775,17.545475006103516,0.2680831849575043
776,10.119094848632812,0.26522165536880493
777,3.6680047512054443,0.2649466097354889
778,4.277461528778076,0.2629203200340271
779,10.893521308898926,0.2641109228134155
780,13.365050315856934,0.2638772130012512
781,9.333823204040527,0.26598814129829407
782,4.000304698944092,0.27079862356185913
783,3.858724594116211,0.26606786251068115
784,7.301706314086914,0.26409685611724854
785,12.396946907043457,0.26543232798576355
786,14.430821418762207,0.263212114572525
787,11.009878158569336,0.2696402668952942
788,4.623331546783447,0.2849904000759125
789,2.957057237625122,0.2692781686782837
790,4.285799980163574,0.2660489082336426
791,4.259871006011963,0.26689237356185913
792,3.5285403728485107,0.27451515197753906
793,2.689267873764038,0.28052711486816406
794,3.575476884841919,0.26781001687049866
795,6.5385894775390625,0.2657315135002136
796,8.464961051940918,0.26754143834114075
797,7.219087600708008,0.2706752121448517
798,3.8102545738220215,0.28914397954940796
799,2.7638039588928223,0.270781010389328
800,3.4376540184020996,0.26215553283691406
801,4.05128812789917,0.2674063444137573
802,4.124711990356445,0.2714996039867401
803,4.070781230926514,0.2958295941352844
804,3.247453451156616,0.28022974729537964
805,3.254051923751831,0.27656856179237366
806,3.6797902584075928,0.26605871319770813
807,4.207823753356934,0.2673695981502533
808,4.260087966918945,0.2747996151447296
809,3.856736898422241,0.27952226996421814
810,2.9928369522094727,0.2810037136077881
811,3.3644509315490723,0.2687186896800995
812,4.60337495803833,0.26313742995262146
813,4.549631118774414,0.2660185992717743
814,3.090447425842285,0.2698521018028259
815,2.104743719100952,0.27388933300971985
816,2.588315010070801,0.26583313941955566
817,3.2469027042388916,0.2627755403518677
818,3.4707512855529785,0.2677842676639557
819,2.6260578632354736,0.26368823647499084
820,2.5731635093688965,0.2706958055496216
821,3.397921323776245,0.26513275504112244
822,4.735724925994873,0.26305124163627625
823,5.435239791870117,0.2644118070602417
824,4.267719745635986,0.2694743871688843
825,2.9777982234954834,0.2687927186489105
826,3.3162529468536377,0.26731884479522705
827,4.3861470222473145,0.26494115591049194
828,6.16420841217041,0.26612675189971924
829,7.3998308181762695,0.2672654986381531
830,7.7409467697143555,0.2709923982620239
831,6.328864574432373,0.26811501383781433
832,4.485585689544678,0.2894306480884552
833,2.729736804962158,0.26584866642951965
834,2.4926507472991943,0.2648283839225769
835,4.783081531524658,0.2622060477733612
836,7.796257972717285,0.2655446529388428
837,10.017857551574707,0.2665516436100006
838,11.062682151794434,0.26660245656967163
839,11.6465425491333,0.2645696699619293
840,10.030468940734863,0.26572349667549133
841,6.4651875495910645,0.26806730031967163
842,3.9789226055145264,0.2656274735927582
843,2.5569121837615967,0.2695879340171814
844,2.6853041648864746,0.2671204209327698
845,3.4480180740356445,0.2661266326904297
846,4.3699469566345215,0.26876959204673767
847,3.9815375804901123,0.26152703166007996
848,2.2390942573547363,0.27087506651878357
849,2.290388584136963,0.26519840955734253
850,5.2616353034973145,0.2640810012817383
851,8.941468238830566,0.2634366750717163
852,10.054497718811035,0.2636878192424774
853,8.47243881225586,0.26385316252708435
854,4.929070472717285,0.2684561312198639
855,2.215182065963745,0.27478650212287903
856,2.517606019973755,0.26769134402275085
857,4.878910064697266,0.266728013753891
858,7.791236877441406,0.26348555088043213
859,9.380818367004395,0.26436829566955566
860,8.89095687866211,0.2647460997104645
861,7.309603214263916,0.2655786871910095
862,6.138889789581299,0.26623326539993286
863,4.169083118438721,0.2728525996208191
864,3.3039793968200684,0.27651485800743103
865,4.041846752166748,0.2688308358192444
866,5.353301048278809,0.26660609245300293
867,5.082515239715576,0.26662299036979675
868,3.9513351917266846,0.2664850354194641
869,2.27685284614563,0.2695433497428894
870,1.972056269645691,0.2658313810825348
871,2.8354439735412598,0.2656666040420532
872,3.8156769275665283,0.2666514813899994
873,4.717077732086182,0.26349571347236633
874,5.112349510192871,0.26622357964515686
875,5.6996049880981445,0.2671341598033905
876,5.976629257202148,0.262318879365921
877,5.870428085327148,0.26309892535209656
878,4.420115947723389,0.2711929380893707
879,3.1807632446289062,0.27910828590393066
880,3.315629482269287,0.3021250367164612
881,4.193816661834717,0.28982895612716675
882,5.6802077293396,0.316070556640625
883,7.0473737716674805,0.29298314452171326
884,6.885629653930664,0.31871461868286133
885,6.046326637268066,0.2913951873779297
886,4.716454029083252,0.2955681383609772
887,4.110802173614502,0.2716233730316162
888,4.490109920501709,0.26644331216812134
889,5.178233623504639,0.2637818455696106
890,6.67429256439209,0.2662765085697174
891,9.31980037689209,0.26272052526474
892,11.975316047668457,0.2655441462993622
893,12.515670776367188,0.2649603486061096
894,10.797361373901367,0.26427316665649414
895,8.083671569824219,0.2624494731426239
896,6.109302997589111,0.2638998031616211
897,4.950604438781738,0.2637374997138977
898,4.147461414337158,0.265058696269989
899,3.798945665359497,0.26854756474494934
900,3.776171922683716,0.26886484026908875
901,3.6768178939819336,0.2714362144470215
902,3.520249128341675,0.2718324065208435
903,3.3011984825134277,0.2711699903011322
904,3.215177297592163,0.26750802993774414
905,3.643418073654175,0.26726648211479187
906,4.263579845428467,0.27327287197113037
907,5.357180595397949,0.27046579122543335
908,6.375408172607422,0.274458110332489
909,7.592789173126221,0.2738713324069977
910,8.284969329833984,0.28071898221969604
911,9.456131935119629,0.27595824003219604
912,10.653680801391602,0.2827973961830139
913,12.084962844848633,0.27791640162467957
914,13.867055892944336,0.27166110277175903
915,15.987364768981934,0.2687067985534668
916,17.763505935668945,0.26648828387260437
917,19.104290008544922,0.2647959291934967
918,19.42571258544922,0.2671525776386261
919,19.505264282226562,0.2652021646499634
920,19.05596923828125,0.26442351937294006
921,16.88762664794922,0.2658211588859558
922,12.201859474182129,0.26678234338760376
923,7.893285274505615,0.2771303057670593
924,4.654146194458008,0.29484644532203674
925,2.5891125202178955,0.26986032724380493
926,2.430570125579834,0.266675740480423
927,3.654323101043701,0.2640220522880554
928,4.773814678192139,0.26451343297958374
929,7.16613245010376,0.26126962900161743
930,10.998964309692383,0.2642025649547577
931,15.03471851348877,0.26352575421333313
932,19.04671859741211,0.2646908462047577
933,21.878276824951172,0.26321715116500854
934,23.501882553100586,0.2632700204849243
935,22.56920623779297,0.26398560404777527
936,18.28140640258789,0.26641932129859924
937,10.635265350341797,0.26762187480926514
938,4.054232597351074,0.26999372243881226
939,1.6992814540863037,0.26369014382362366
940,1.7038068771362305,0.26640039682388306
941,2.5778696537017822,0.2667529284954071
942,3.9694900512695312,0.2620745003223419
943,4.878259658813477,0.2658897936344147
944,5.621838092803955,0.2642643451690674
945,6.206372261047363,0.26376691460609436
946,7.435582637786865,0.2640136182308197
947,8.363274574279785,0.2645246982574463
948,8.093976020812988,0.26421672105789185
949,7.091920852661133,0.26344701647758484
950,6.170661926269531,0.2640344500541687
951,5.051300525665283,0.2661037743091583
952,3.421571731567383,0.2670772075653076
953,1.7837183475494385,0.2688530385494232
954,1.5978662967681885,0.26542556285858154
955,2.7940807342529297,0.2643226981163025
956,3.561084747314453,0.26634520292282104
957,3.3501524925231934,0.2653028070926666
958,2.808763027191162,0.268018901348114
959,2.638033151626587,0.26524555683135986
960,2.6521477699279785,0.2642594575881958
961,2.377776861190796,0.27272292971611023
962,2.3842382431030273,0.2686021625995636
963,2.2455248832702637,0.2666001617908478
964,2.1475021839141846,0.26798200607299805
965,2.1814980506896973,0.26175153255462646
966,2.3228070735931396,0.26666200160980225
967,2.5624120235443115,0.26989391446113586
968,2.4855127334594727,0.2703728973865509
969,3.110990524291992,0.2626879811286926
970,3.9242985248565674,0.2686637043952942
971,4.149958610534668,0.26619023084640503
972,4.7561259269714355,0.26444876194000244
973,5.447664260864258,0.2633359432220459
974,5.213191032409668,0.26708757877349854
975,4.8700103759765625,0.26448825001716614
976,5.102180004119873,0.2657822072505951
977,6.198771953582764,0.2662350535392761
978,8.721131324768066,0.26652973890304565
979,11.952375411987305,0.26459217071533203
980,14.971567153930664,0.2648458182811737
981,17.977672576904297,0.2635785937309265
982,21.812183380126953,0.2663147747516632
983,25.121871948242188,0.2639254629611969
984,26.70376968383789,0.26311036944389343
985,27.801231384277344,0.26449403166770935
986,26.718799591064453,0.2632892429828644
987,23.255155563354492,0.26338061690330505
988,17.297399520874023,0.2628825902938843
989,11.24664306640625,0.26533451676368713
990,6.7425665855407715,0.26707953214645386
991,4.830126762390137,0.26419541239738464
992,4.274237155914307,0.26256701350212097
993,3.712568521499634,0.2641655504703522
994,3.668121576309204,0.2659299671649933
995,3.5272417068481445,0.2656419277191162
996,3.526092052459717,0.2676502764225006
997,3.5725932121276855,0.2698412537574768
998,3.4700682163238525,0.27217820286750793
999,2.578378438949585,0.28990012407302856
1000,2.0546858310699463,0.267609179019928
1001,3.0771663188934326,0.2679939866065979
1002,5.499380111694336,0.264407753944397
1003,8.609844207763672,0.2635972499847412
1004,12.653815269470215,0.2633504271507263
1005,17.040817260742188,0.26365381479263306
1006,20.40473175048828,0.26409047842025757
1007,20.879600524902344,0.26209717988967896
1008,19.30972671508789,0.26353251934051514
1009,15.23079776763916,0.26344728469848633
1010,10.392807006835938,0.26541081070899963
1011,6.688904762268066,0.2685367465019226
1012,4.273416519165039,0.2723754346370697
1013,3.180828809738159,0.2719268798828125
1014,2.7693376541137695,0.2666133642196655
1015,3.028170585632324,0.2660141885280609
1016,3.843928813934326,0.2640931308269501
1017,4.399795055389404,0.2646329998970032
1018,3.8954718112945557,0.2634287178516388
1019,2.659018039703369,0.2660009562969208
1020,2.084294319152832,0.26572591066360474
1021,2.5911805629730225,0.26392459869384766
1022,4.089578628540039,0.2636454403400421
1023,5.777193069458008,0.26285338401794434
1024,6.843335151672363,0.2640603482723236
1025,7.16417121887207,0.26293787360191345
1026,6.813384532928467,0.2653633654117584
1027,5.236069679260254,0.2659187614917755
1028,3.3203136920928955,0.2662077844142914
1029,2.0884130001068115,0.2651943564414978
1030,2.209751844406128,0.2641775608062744
1031,3.3247005939483643,0.2644950747489929
1032,4.644968032836914,0.2658684551715851
1033,6.775070667266846,0.2624025344848633
1034,9.161491394042969,0.26364171504974365
1035,11.9556245803833,0.2629672586917877
1036,14.196466445922852,0.2628334164619446
1037,14.497956275939941,0.26317277550697327
1038,13.136190414428711,0.2639596462249756
1039,10.334421157836914,0.2654006779193878
1040,6.990944862365723,0.27127838134765625
1041,4.397034168243408,0.2733864486217499
1042,4.457213878631592,0.2645622789859772
1043,8.056032180786133,0.2632609009742737
1044,12.688604354858398,0.263081818819046
1045,16.32021141052246,0.2642800211906433
1046,18.031112670898438,0.2646828889846802
1047,18.074331283569336,0.2655761241912842
1048,17.841978073120117,0.26424747705459595
1049,16.781478881835938,0.2669249176979065
1050,14.002325057983398,0.27028030157089233
1051,10.039932250976562,0.29635903239250183
1052,6.679774284362793,0.2900887429714203
1053,4.3885674476623535,0.31289422512054443
1054,3.0862016677856445,0.28847551345825195
1055,2.3915910720825195,0.28778505325317383
1056,1.839308500289917,0.27144110202789307
1057,1.3430145978927612,0.2683362364768982
1058,1.3648896217346191,0.26560285687446594
1059,1.646486520767212,0.272688090801239
1060,1.931174874305725,0.2876167595386505
1061,2.2616899013519287,0.2761898338794708
1062,2.222015380859375,0.2866458296775818
1063,2.2549362182617188,0.2789557874202728
1064,1.9819308519363403,0.27887359261512756
1065,2.1133830547332764,0.266441285610199
1066,2.6849234104156494,0.26429668068885803
1067,4.113167762756348,0.2631118893623352
1068,6.396656036376953,0.26253828406333923
1069,8.242009162902832,0.2635035514831543
1070,9.005863189697266,0.26282379031181335
1071,8.812078475952148,0.263838529586792
1072,8.078472137451172,0.26258838176727295
1073,6.655142307281494,0.2639620304107666
1074,5.437459468841553,0.2629297077655792
1075,4.228711128234863,0.2632647752761841
1076,3.3309106826782227,0.2643788456916809
1077,2.556102752685547,0.26918038725852966
1078,2.014655590057373,0.26573896408081055
1079,1.6922791004180908,0.26707935333251953
1080,1.4050315618515015,0.2654796540737152
1081,1.2582716941833496,0.27676036953926086
1082,1.4942837953567505,0.27036166191101074
1083,1.7049710750579834,0.28330668807029724
1084,1.7534064054489136,0.2750772535800934
1085,1.9161264896392822,0.28225597739219666
1086,2.1257548332214355,0.27601540088653564
1087,2.4320991039276123,0.2774127125740051
1088,2.5879857540130615,0.27138030529022217
1089,3.1484577655792236,0.26820996403694153
1090,3.7932331562042236,0.2665833830833435
1091,4.6506242752075195,0.2637750208377838
1092,5.3761677742004395,0.2634481191635132
1093,5.985760688781738,0.2647823691368103
1094,6.96505880355835,0.26401740312576294
1095,8.156721115112305,0.263065904378891
1096,9.887914657592773,0.2666338086128235
1097,12.000962257385254,0.26769429445266724
1098,14.498688697814941,0.2707218825817108
1099,15.987117767333984,0.2675092816352844
1100,16.81112289428711,0.2660897672176361
1101,17.764249801635742,0.266295850276947
1102,19.036739349365234,0.2661190330982208
1103,19.301788330078125,0.26441866159439087
1104,18.013273239135742,0.265882670879364
1105,15.895341873168945,0.26348209381103516
1106,13.49396800994873,0.263852059841156
1107,10.609764099121094,0.26387912034988403
1108,7.065462112426758,0.26632970571517944
1109,4.185214042663574,0.26530921459198
1110,2.2942075729370117,0.2672577202320099
1111,1.33791983127594,0.2663956880569458
1112,2.0207550525665283,0.26440319418907166
1113,4.722354888916016,0.26591455936431885
1114,7.629915714263916,0.26476776599884033
1115,10.016007423400879,0.26442569494247437
1116,11.352228164672852,0.26418566703796387
1117,11.249780654907227,0.2642879784107208
1118,10.425419807434082,0.2631346583366394
1119,10.338868141174316,0.2622208595275879
1120,10.460047721862793,0.26667746901512146
1121,9.519740104675293,0.2701795995235443
1122,8.741865158081055,0.2739911377429962
1123,7.8720269203186035,0.29318976402282715
1124,6.775498867034912,0.2835153341293335
1125,5.5467047691345215,0.2942708730697632
1126,4.331873416900635,0.2861073911190033
1127,3.7479968070983887,0.31209588050842285
1128,3.868680238723755,0.29384079575538635
1129,4.491027355194092,0.32189974188804626
1130,5.287164688110352,0.2918499708175659
1131,5.718395709991455,0.30843305587768555
1132,5.539668560028076,0.28057610988616943
1133,4.541652202606201,0.276945024728775
1134,3.197533130645752,0.26512807607650757
1135,2.1740503311157227,0.26636824011802673
1136,1.6252530813217163,0.2670647203922272
1137,1.903969645500183,0.26648402214050293
1138,2.1849842071533203,0.2792753577232361
1139,2.49054217338562,0.27385303378105164
1140,2.880143880844116,0.29250314831733704
1141,3.8145689964294434,0.2761014997959137
1142,5.86009407043457,0.2717949450016022
1143,9.125617980957031,0.2642841637134552
1144,11.786991119384766,0.26779481768608093
1145,13.51547908782959,0.26404908299446106
1146,14.944683074951172,0.26626431941986084
1147,16.02342987060547,0.264178991317749
1148,15.923418998718262,0.2634071409702301
1149,15.936379432678223,0.2629258930683136
1150,15.796473503112793,0.26411208510398865
1151,14.974345207214355,0.26543518900871277
1152,13.316932678222656,0.27097266912460327
1153,10.9567232131958,0.27197539806365967
1154,8.54171371459961,0.2828300893306732
1155,6.459634780883789,0.27825334668159485
1156,4.615944862365723,0.2930202782154083
1157,3.058393955230713,0.2761407196521759
1158,2.432072877883911,0.2675957679748535
1159,3.029944658279419,0.262652188539505
1160,4.724421977996826,0.26386770606040955
1161,7.365096569061279,0.2630542814731598
1162,10.884903907775879,0.26381155848503113
1163,13.499226570129395,0.2630172371864319
1164,14.991819381713867,0.26329508423805237
1165,15.356074333190918,0.26285111904144287
1166,14.905194282531738,0.2628631293773651
1167,13.45535945892334,0.26315629482269287
1168,10.868430137634277,0.26246190071105957
1169,7.078886032104492,0.26681044697761536
1170,3.5326786041259766,0.26702722907066345
1171,1.5694317817687988,0.26436296105384827
1172,2.544971466064453,0.2637357711791992
1173,5.977883338928223,0.2629462778568268
1174,10.442657470703125,0.2637561857700348
1175,14.244815826416016,0.263663649559021
1176,16.170808792114258,0.26430007815361023
1177,15.264837265014648,0.26365381479263306
1178,12.085840225219727,0.2642466723918915
1179,8.518559455871582,0.26428890228271484
1180,5.755619525909424,0.263776957988739
1181,3.8922195434570312,0.26603251695632935
1182,2.414503574371338,0.2669748067855835
1183,1.6910494565963745,0.269004762172699
1184,1.5320791006088257,0.26823848485946655
1185,1.6400641202926636,0.27058249711990356
1186,2.101846933364868,0.2732841372489929
1187,2.5837454795837402,0.27500128746032715
1188,3.2587625980377197,0.26983141899108887
1189,3.9413814544677734,0.27120500802993774
1190,3.906456470489502,0.27600008249282837
1191,3.024286985397339,0.282509446144104
1192,2.1617653369903564,0.2765474319458008
1193,1.3939595222473145,0.27611419558525085
1194,1.4757914543151855,0.26515069603919983
1195,2.6132988929748535,0.2627326250076294
1196,4.508006572723389,0.2634727656841278
1197,6.487856864929199,0.2627631723880768
1198,7.606352806091309,0.2628968358039856
1199,7.117762088775635,0.26318594813346863
1200,5.95176362991333,0.26307761669158936
1201,4.521822452545166,0.2647234797477722
1202,3.400916337966919,0.26747867465019226
1203,2.831120729446411,0.2803367078304291
1204,2.6342804431915283,0.276999831199646
1205,3.1106414794921875,0.2852867841720581
1206,3.8211944103240967,0.27212217450141907
1207,5.235223770141602,0.2726483643054962
1208,6.840378761291504,0.2662259042263031
1209,7.5537309646606445,0.26768454909324646
1210,6.844719886779785,0.26412755250930786
1211,4.7898478507995605,0.26530370116233826
1212,2.5457513332366943,0.26585689187049866
1213,1.361566424369812,0.26501336693763733
1214,1.2251746654510498,0.2698216438293457
1215,2.2542202472686768,0.26598989963531494
1216,3.9201769828796387,0.2671051323413849
1217,5.527756214141846,0.26483631134033203
1218,6.421182632446289,0.267887681722641
1219,7.122875213623047,0.2632656991481781
1220,7.997113227844238,0.26672178506851196
1221,8.45793628692627,0.26360994577407837
1222,8.342987060546875,0.26607292890548706
1223,7.61698055267334,0.2633499205112457
1224,6.1482110023498535,0.26610368490219116
1225,4.154406547546387,0.26467376947402954
1226,2.354330062866211,0.2644449770450592
1227,1.738318681716919,0.2620333433151245
1228,3.070017099380493,0.2627783417701721
1229,5.967879772186279,0.2628842890262604
1230,8.459918975830078,0.2628861367702484
1231,9.534629821777344,0.26296907663345337
1232,9.678783416748047,0.2627798914909363
1233,9.559927940368652,0.26375335454940796
1234,8.767448425292969,0.2630491256713867
1235,6.912115097045898,0.26313647627830505
1236,4.514730453491211,0.2622969448566437
1237,2.9135231971740723,0.27251824736595154
1238,2.361508369445801,0.28298988938331604
1239,2.2671380043029785,0.2806512713432312
1240,2.8254904747009277,0.29137709736824036
1241,3.5553903579711914,0.28489309549331665
1242,4.041327953338623,0.2989712953567505
1243,4.728747367858887,0.28696340322494507
1244,5.732321739196777,0.303310751914978
1245,6.859337329864502,0.28787174820899963
1246,7.996969223022461,0.3011621832847595
1247,9.125596046447754,0.28660011291503906
1248,9.871566772460938,0.29978761076927185
1249,10.421120643615723,0.286219984292984
1250,11.024530410766602,0.2973242998123169
1251,11.366575241088867,0.28252142667770386
1252,11.762031555175781,0.2906026840209961
1253,11.874042510986328,0.2755892276763916
1254,12.537639617919922,0.2738397717475891
1255,13.216935157775879,0.26861757040023804
1256,13.285062789916992,0.2646295726299286
1257,12.319645881652832,0.2627462148666382
1258,10.813474655151367,0.2629178464412689
1259,8.449678421020508,0.2646251916885376
1260,5.704387664794922,0.26421669125556946
1261,3.145670175552368,0.26504069566726685
1262,1.3117198944091797,0.26559504866600037
1263,1.1252212524414062,0.2630973756313324
1264,2.245396852493286,0.26554468274116516
1265,4.503346920013428,0.26198574900627136
1266,6.895079612731934,0.2640681862831116
1267,9.141240119934082,0.26278096437454224
1268,10.121702194213867,0.26434972882270813
1269,9.788211822509766,0.26312920451164246
1270,7.957854747772217,0.2636677920818329
1271,5.523060321807861,0.2641984224319458
1272,3.4333741664886475,0.2711751461029053
1273,2.1869122982025146,0.2802537977695465
1274,2.042919635772705,0.2690042555332184
1275,2.724827289581299,0.2664449214935303
1276,3.6899313926696777,0.2635374963283539
1277,4.614883899688721,0.2655714154243469
1278,4.679173946380615,0.2628089487552643
1279,3.9517362117767334,0.2671145796775818
1280,2.876631259918213,0.2669020891189575
1281,1.9253573417663574,0.2654546797275543
1282,1.3350225687026978,0.26855379343032837
1283,1.082448124885559,0.267488569021225
1284,0.9839158654212952,0.27176767587661743
1285,1.3596382141113281,0.26704201102256775
1286,2.002636432647705,0.2683027684688568
1287,3.197417974472046,0.26374784111976624
1288,4.739732265472412,0.2661944031715393
1289,6.515645503997803,0.2635308504104614
1290,8.283051490783691,0.26612305641174316
1291,9.58403205871582,0.26324373483657837
1292,9.584855079650879,0.26439982652664185
1293,7.989388465881348,0.2636186182498932
1294,5.856898307800293,0.26340240240097046
1295,4.042324542999268,0.27272331714630127
1296,3.281967878341675,0.26768192648887634
1297,3.1683926582336426,0.26301121711730957
1298,3.832570791244507,0.2631905674934387
1299,5.127466678619385,0.2632825970649719
1300,6.311180114746094,0.2624531686306
1301,6.296063423156738,0.26365992426872253
1302,5.110450744628906,0.2621478736400604
1303,3.3840842247009277,0.2643533945083618
1304,2.082944631576538,0.26435503363609314
1305,1.208909273147583,0.2663205862045288
1306,0.71470707654953,0.2666357159614563
1307,0.6690394282341003,0.2641736567020416
1308,0.8017594218254089,0.2670539319515228
1309,0.7728686332702637,0.26657840609550476
1310,0.989287793636322,0.2639366090297699
1311,1.2829126119613647,0.26201146841049194
1312,1.7623422145843506,0.2652641832828522
1313,2.0805840492248535,0.26447805762290955
1314,2.4235951900482178,0.26362764835357666
1315,2.52012300491333,0.2644786834716797
1316,2.1450982093811035,0.26320528984069824
1317,1.5726423263549805,0.2652921676635742
1318,1.0146757364273071,0.26599034667015076
1319,0.7387366890907288,0.2672500014305115
1320,0.6280158758163452,0.2660951018333435
1321,0.916217565536499,0.2639722526073456
1322,1.1128469705581665,0.26326313614845276
1323,1.5043278932571411,0.2636224031448364
1324,2.049227476119995,0.265127956867218
1325,2.3745434284210205,0.266998827457428
1326,2.232755661010742,0.2671230435371399
1327,1.6696430444717407,0.2715646028518677
1328,1.3325493335723877,0.26978495717048645
1329,1.2140004634857178,0.2745440602302551
1330,1.3289644718170166,0.2747998535633087
1331,1.656617522239685,0.28364506363868713
1332,2.1932923793792725,0.2785610854625702
1333,2.8546600341796875,0.2883250415325165
1334,3.866637945175171,0.28154632449150085
1335,5.160472393035889,0.29650458693504333
1336,6.633459568023682,0.2830527424812317
1337,8.397746086120605,0.30514779686927795
1338,10.780518531799316,0.28601112961769104
1339,13.785151481628418,0.3076990842819214
1340,17.83615493774414,0.2850123941898346
1341,22.362333297729492,0.3063233494758606
1342,26.744258880615234,0.28500884771347046
1343,30.364355087280273,0.30484944581985474
1344,33.336299896240234,0.28269800543785095
1345,35.46689987182617,0.3048810362815857
1346,36.525814056396484,0.2813352048397064
1347,36.75383377075195,0.30331140756607056
1348,36.17766189575195,0.2784745395183563
1349,36.1331901550293,0.2769598066806793
1350,36.570865631103516,0.26461321115493774
1351,38.005828857421875,0.26374107599258423
1352,39.11373519897461,0.26577144861221313
1353,39.31270217895508,0.26923903822898865
1354,37.23448944091797,0.2907521724700928
1355,31.91893196105957,0.27273303270339966
1356,23.691097259521484,0.2885395586490631
1357,14.955574035644531,0.27403202652931213
1358,8.276341438293457,0.27348950505256653
1359,5.376678466796875,0.2656359374523163
1360,6.000890731811523,0.269043892621994
1361,8.230335235595703,0.28065600991249084
1362,10.050590515136719,0.268022358417511
1363,9.2890043258667,0.27854374051094055
1364,6.699346542358398,0.26721179485321045
1365,4.8833112716674805,0.26735416054725647
1366,4.833504676818848,0.2802291512489319
1367,5.605373382568359,0.27237704396247864
1368,5.906822681427002,0.26923686265945435
1369,4.909918308258057,0.26546382904052734
1370,3.4381182193756104,0.2673201262950897
1371,3.706932783126831,0.2759513258934021
1372,5.101856708526611,0.2705420255661011
1373,5.314023017883301,0.27312466502189636
1374,3.985184907913208,0.26530271768569946
1375,2.6877241134643555,0.2653222680091858
1376,2.962090015411377,0.26803305745124817
1377,4.313695907592773,0.27360647916793823
1378,4.776822090148926,0.2794245779514313
1379,3.2863950729370117,0.2665725648403168
1380,1.4716541767120361,0.26224613189697266
1381,1.3253321647644043,0.2704232931137085
1382,2.7916476726531982,0.2711927890777588
1383,3.9743869304656982,0.2775498032569885
1384,3.1708407402038574,0.27188602089881897
1385,1.4799139499664307,0.2617435157299042
1386,0.6761109232902527,0.2736852765083313
1387,1.3864586353302002,0.27174726128578186
1388,2.433838129043579,0.279464989900589
1389,2.689138174057007,0.2682401239871979
1390,1.8854162693023682,0.26735422015190125
1391,1.1809213161468506,0.26709043979644775
1392,1.224432110786438,0.26716864109039307
1393,1.5899999141693115,0.26619094610214233
1394,1.721466302871704,0.2649698853492737
1395,1.370455265045166,0.26666969060897827
1396,1.10921049118042,0.26386913657188416
1397,1.2736010551452637,0.26556307077407837
1398,1.6986761093139648,0.26168251037597656
1399,2.129575729370117,0.26494327187538147
1400,2.2633988857269287,0.26435068249702454
1401,1.8967095613479614,0.2675454616546631
1402,1.172590732574463,0.2705429494380951
1403,0.7193622589111328,0.26682236790657043
1404,0.8174123764038086,0.26697394251823425
1405,0.898017168045044,0.2666791081428528
1406,1.0871282815933228,0.26619651913642883
1407,1.0842218399047852,0.2669721841812134
1408,0.8003103733062744,0.266898512840271
1409,0.6955920457839966,0.26404237747192383
1410,0.7373154759407043,0.2693614065647125
1411,0.8040851354598999,0.26545995473861694
1412,0.7693743705749512,0.26806703209877014
1413,0.8500022888183594,0.26389122009277344
1414,1.0572843551635742,0.2653184235095978
1415,1.1893420219421387,0.2683310806751251
1416,1.0208182334899902,0.26730960607528687
1417,0.8491882681846619,0.26899755001068115
1418,0.7829557061195374,0.2663015127182007
1419,0.8210635781288147,0.26538771390914917
1420,0.9143418669700623,0.2654873728752136
1421,1.0676857233047485,0.26771795749664307
1422,1.0593522787094116,0.26252734661102295
1423,0.9732959866523743,0.26744186878204346
1424,0.7784862518310547,0.2643679678440094
1425,0.7082517147064209,0.26812422275543213
1426,0.6576951146125793,0.26499006152153015
1427,0.799256443977356,0.26329928636550903
1428,1.115400791168213,0.2672354578971863
1429,1.4491044282913208,0.26518771052360535
1430,1.5302741527557373,0.2645767033100128
1431,1.3929498195648193,0.2654814124107361
1432,1.1823480129241943,0.2623896896839142
1433,0.9483403563499451,0.26849040389060974
1434,0.7145013213157654,0.2667497992515564
1435,0.6139501333236694,0.2652076780796051
1436,0.4909480810165405,0.2638477683067322
1437,0.5250056982040405,0.26355117559432983
1438,0.7258569002151489,0.2661062479019165
1439,1.2771283388137817,0.2644672095775604
1440,1.8618286848068237,0.26284176111221313
1441,2.242171287536621,0.2636876404285431
1442,1.9654595851898193,0.2655147314071655
1443,1.4874732494354248,0.26245635747909546
1444,1.0583677291870117,0.26349833607673645
1445,0.8815415501594543,0.2655569314956665
1446,0.7200424075126648,0.26592713594436646
1447,0.7263753414154053,0.2658233940601349
1448,0.6959347724914551,0.26310640573501587
1449,0.7860825061798096,0.26579177379608154
1450,0.80471271276474,0.2658160626888275
1451,0.8389934301376343,0.2661038339138031
1452,0.8080126643180847,0.2638741135597229
1453,0.8536195158958435,0.2624223828315735
1454,0.973957359790802,0.2657346725463867
1455,1.1929744482040405,0.26402366161346436
1456,1.4320728778839111,0.26447951793670654
1457,1.7042827606201172,0.26346853375434875
1458,1.7514922618865967,0.2645152807235718
1459,1.6503138542175293,0.2637489140033722
1460,1.753675937652588,0.26262667775154114
1461,1.920060157775879,0.2620919942855835
1462,1.687231421470642,0.26398298144340515
1463,1.1887744665145874,0.26393136382102966
1464,0.7951088547706604,0.2654951512813568
1465,0.7495323419570923,0.27327045798301697
1466,0.9018701910972595,0.2704223096370697
1467,1.149230718612671,0.27308401465415955
1468,1.1665968894958496,0.26569464802742004
1469,1.1531777381896973,0.26636579632759094
1470,1.0134879350662231,0.2652694284915924
1471,0.9799867272377014,0.2646465003490448
1472,0.855606734752655,0.2643163800239563
1473,0.7594452500343323,0.2626625895500183
1474,0.6613596677780151,0.2667867839336395
1475,0.6053603291511536,0.2675032317638397
1476,0.5922259092330933,0.26619237661361694
1477,0.6670606732368469,0.26793766021728516
1478,0.7345655560493469,0.2660345435142517
1479,0.6975324153900146,0.26465415954589844
1480,0.616088330745697,0.26301124691963196
1481,0.542569100856781,0.2630442678928375
1482,0.5674071907997131,0.2640819847583771
1483,0.7489389181137085,0.2653687298297882
1484,0.8815815448760986,0.26384371519088745
1485,1.2659869194030762,0.2684493064880371
1486,1.522973656654358,0.2662682831287384
1487,1.589982271194458,0.27123528718948364
1488,1.4729408025741577,0.265413373708725
1489,1.2698506116867065,0.2645237147808075
1490,1.121160626411438,0.264987051486969
1491,1.0906400680541992,0.2632234990596771
1492,1.2500566244125366,0.2620108127593994
1493,1.7741549015045166,0.2645472288131714
1494,2.394319772720337,0.2646143138408661
1495,2.841909170150757,0.2673778533935547
1496,2.983914613723755,0.2713003158569336
1497,3.0330123901367188,0.2689129412174225
1498,3.0155725479125977,0.269197016954422
1499,3.165558099746704,0.2627872824668884
1500,3.4706311225891113,0.2642943263053894
1501,3.730363130569458,0.2641184628009796
1502,4.239507675170898,0.2630951702594757
1503,4.965369701385498,0.2659870684146881
1504,5.5929436683654785,0.26272621750831604
1505,5.939942359924316,0.26612550020217896
1506,6.0311102867126465,0.26314041018486023
1507,6.203151702880859,0.2657317519187927
1508,6.485799312591553,0.26290789246559143
1509,6.720752239227295,0.26579153537750244
1510,7.023869037628174,0.26303830742836
1511,7.4519243240356445,0.26432275772094727
1512,8.166816711425781,0.262914776802063
1513,9.093234062194824,0.2651233971118927
1514,10.302074432373047,0.26301097869873047
1515,11.577407836914062,0.2653200626373291
1516,13.112482070922852,0.2632414996623993
1517,14.806497573852539,0.2654531002044678
1518,16.681598663330078,0.263312429189682
1519,18.30491065979004,0.26561516523361206
1520,19.637222290039062,0.2633802890777588
1521,20.335037231445312,0.26544585824012756
1522,20.494155883789062,0.2633838653564453
1523,19.84278106689453,0.26473739743232727
1524,18.672266006469727,0.26303592324256897
1525,16.1605281829834,0.2631751298904419
1526,12.160727500915527,0.2629000246524811
1527,7.645264148712158,0.26569297909736633
1528,4.306704521179199,0.26887911558151245
1529,2.360774040222168,0.26634296774864197
1530,1.601357102394104,0.26537108421325684
1531,1.8904393911361694,0.26265719532966614
1532,2.976177930831909,0.262442022562027
1533,4.340080738067627,0.2633029818534851
1534,5.003149509429932,0.26785269379615784
1535,4.7486090660095215,0.27071207761764526
1536,3.6383297443389893,0.27009570598602295
1537,2.3634016513824463,0.26613110303878784
1538,1.5739363431930542,0.2643107771873474
1539,1.1419514417648315,0.2640654444694519
1540,1.2308379411697388,0.26331421732902527
1541,1.7370872497558594,0.2646523714065552
1542,2.5621707439422607,0.2628651559352875
1543,3.4041004180908203,0.2639094889163971
1544,4.030459403991699,0.26551052927970886
1545,4.131033420562744,0.2638169825077057
1546,3.492286205291748,0.26372599601745605
1547,2.1647019386291504,0.263782799243927
1548,1.0414987802505493,0.2638164460659027
1549,0.5784199833869934,0.2660769522190094
1550,0.5537229776382446,0.2624698579311371
1551,1.1921199560165405,0.2641722857952118
1552,2.1173534393310547,0.2661144733428955
1553,2.9133894443511963,0.2626406252384186
1554,3.2013330459594727,0.26378685235977173
1555,2.904108762741089,0.2637598514556885
1556,2.1303040981292725,0.2636949121952057
1557,1.3072229623794556,0.2616101801395416
1558,0.7421698570251465,0.2639578878879547
1559,0.542239785194397,0.2689201235771179
1560,0.8027071356773376,0.2673746347427368
1561,1.4467334747314453,0.2644871175289154
1562,2.057779312133789,0.262871652841568
1563,2.364792823791504,0.26688042283058167
1564,2.242105722427368,0.26362892985343933
1565,1.893463373184204,0.26408323645591736
1566,1.4816462993621826,0.2644793689250946
1567,1.4794729948043823,0.2647784650325775
1568,1.5804375410079956,0.2655826508998871
1569,1.7265758514404297,0.27165937423706055
1570,1.7081717252731323,0.26874804496765137
1571,1.7545210123062134,0.2693653106689453
1572,1.7078611850738525,0.26937007904052734
1573,1.5664321184158325,0.2680451571941376
1574,1.3084956407546997,0.26406779885292053
1575,1.1752527952194214,0.2625569701194763
1576,1.2693804502487183,0.26381242275238037
1577,1.7906361818313599,0.26423510909080505
1578,2.127572774887085,0.2645370662212372
1579,2.054844379425049,0.2658078074455261
1580,1.9168059825897217,0.2649310231208801
1581,1.9153220653533936,0.26535481214523315
1582,1.8351272344589233,0.2653132975101471
1583,1.5518964529037476,0.2635812759399414
1584,1.0845909118652344,0.26505008339881897
1585,0.8198402523994446,0.26566168665885925
1586,0.8187677264213562,0.2632898986339569
1587,1.0203100442886353,0.2679068148136139
1588,1.3721401691436768,0.2623450458049774
1589,1.9866424798965454,0.26652589440345764
1590,2.5353689193725586,0.26452791690826416
1591,3.0695362091064453,0.26393207907676697
1592,3.79656720161438,0.26245543360710144
1593,4.441187858581543,0.26497283577919006
1594,4.883603572845459,0.26332947611808777
1595,5.064901828765869,0.2648066282272339
1596,5.04763126373291,0.2637573778629303
1597,5.244612216949463,0.26538512110710144
1598,5.6604461669921875,0.2627823054790497
1599,5.944701194763184,0.26536497473716736
1600,5.996048450469971,0.26318150758743286
1601,5.75321626663208,0.264823317527771
1602,5.491933822631836,0.26291799545288086
1603,5.324311256408691,0.2644280791282654
1604,5.244797229766846,0.26286157965660095
1605,5.26961088180542,0.2645399868488312
1606,5.516277313232422,0.2627987563610077
1607,5.912726879119873,0.263738751411438
1608,6.303114891052246,0.262533962726593
1609,6.383835792541504,0.26357904076576233
1610,6.138070106506348,0.26306042075157166
1611,5.382688045501709,0.26367923617362976
1612,4.860644817352295,0.2641185224056244
1613,4.6548967361450195,0.26330259442329407
1614,4.9949631690979,0.2643245756626129
1615,5.82130765914917,0.26261961460113525
1616,7.145820617675781,0.26464205980300903
1617,8.888079643249512,0.26462629437446594
1618,11.083114624023438,0.26583805680274963
1619,13.454268455505371,0.26449674367904663
1620,15.644164085388184,0.26359280943870544
1621,17.198917388916016,0.26505041122436523
1622,17.20062255859375,0.2619275748729706
1623,15.560006141662598,0.26429247856140137
1624,13.397915840148926,0.2647746801376343
1625,11.362701416015625,0.26427319645881653
1626,10.0060396194458,0.2643924653530121
1627,9.842905044555664,0.264237642288208
1628,11.103869438171387,0.2641063928604126
1629,13.434320449829102,0.2629425525665283
1630,16.11033821105957,0.26330116391181946
1631,17.625783920288086,0.262892484664917
1632,17.98643684387207,0.2627831697463989
1633,16.778179168701172,0.2637946307659149
1634,13.976149559020996,0.2631188929080963
1635,10.167874336242676,0.26370784640312195
1636,5.904178142547607,0.26197078824043274
1637,2.4255707263946533,0.2656613290309906
1638,0.6829684376716614,0.26322612166404724
1639,0.5328885912895203,0.26391690969467163
1640,1.1504368782043457,0.26345962285995483
1641,2.059624433517456,0.2634614408016205
1642,2.8368234634399414,0.2626309394836426
1643,2.927994728088379,0.26249009370803833
1644,2.4291627407073975,0.26411572098731995
1645,1.3472529649734497,0.2632712125778198
1646,0.5096526741981506,0.2633174657821655
1647,0.5489336252212524,0.2644463777542114
1648,1.120680570602417,0.26230040192604065
1649,1.845931053161621,0.2642298936843872
1650,2.711745262145996,0.2626802623271942
1651,3.4141592979431152,0.26280632615089417
1652,3.6444969177246094,0.26208171248435974
1653,3.404306173324585,0.2653149366378784
1654,2.9873950481414795,0.26268598437309265
1655,2.4348926544189453,0.26119041442871094
1656,2.111189126968384,0.26474249362945557
1657,2.0682051181793213,0.2652142345905304
1658,1.9577008485794067,0.26628565788269043
1659,1.8666033744812012,0.2648659944534302
1660,1.5790618658065796,0.2655683159828186
1661,1.2741477489471436,0.26406311988830566
1662,1.2254908084869385,0.26388442516326904
1663,1.627842903137207,0.2637624740600586
1664,2.412142753601074,0.2635422945022583
1665,3.0932233333587646,0.26380133628845215
1666,3.145779848098755,0.26345521211624146
1667,2.4357216358184814,0.26471105217933655
1668,1.4674303531646729,0.2654188573360443
1669,0.8572408556938171,0.2649741768836975
1670,0.4246871769428253,0.26625487208366394
1671,0.6307598352432251,0.26660269498825073
1672,1.447869896888733,0.2655183970928192
1673,2.4809114933013916,0.2645905315876007
1674,3.3804681301116943,0.2653316557407379
1675,3.882079601287842,0.2631731629371643
1676,3.6262190341949463,0.26438289880752563
1677,3.181776523590088,0.263324111700058
1678,2.793994188308716,0.2644755244255066
1679,2.272808313369751,0.2638521194458008
1680,1.608454704284668,0.26609542965888977
1681,1.0085039138793945,0.2690025866031647
1682,0.6845384240150452,0.26689937710762024
1683,0.6659370064735413,0.26493221521377563
1684,0.9162650108337402,0.2616666257381439
1685,1.2980916500091553,0.26241081953048706
1686,1.5862247943878174,0.2637912929058075
1687,1.701293706893921,0.2631852626800537
1688,1.537238359451294,0.2650938034057617
1689,1.3786720037460327,0.26490020751953125
1690,1.2376487255096436,0.261838436126709
1691,1.0824978351593018,0.26111993193626404
1692,0.9527794122695923,0.2652541697025299
1693,0.8719596862792969,0.2635901868343353
1694,0.9187256693840027,0.26412689685821533
1695,1.2707183361053467,0.2629793882369995
1696,1.658910870552063,0.26317766308784485
1697,1.7864183187484741,0.26350557804107666
1698,1.590911626815796,0.26348406076431274
1699,1.178404688835144,0.26422640681266785
1700,0.8507453799247742,0.26499027013778687
1701,0.639681339263916,0.2631959319114685
1702,0.6329289674758911,0.2619113028049469
1703,1.001205325126648,0.2636253237724304
1704,1.6509785652160645,0.2627614140510559
1705,2.128079414367676,0.2630467414855957
1706,2.459930896759033,0.26349595189094543
1707,2.834404945373535,0.2620658278465271
1708,3.3455140590667725,0.2626705467700958
1709,3.6202914714813232,0.2634413242340088
1710,3.370330572128296,0.2630201280117035
1711,2.9496967792510986,0.2633516192436218
1712,2.5716490745544434,0.26297175884246826
1713,2.2902567386627197,0.2631712853908539
1714,2.2099673748016357,0.2641799747943878
1715,2.200862407684326,0.26332011818885803
1716,2.417393207550049,0.26501449942588806
1717,2.890636920928955,0.2637659013271332
1718,3.3524906635284424,0.26817765831947327
1719,3.7531216144561768,0.26441067457199097
1720,3.9320342540740967,0.26824474334716797
1721,3.6611111164093018,0.26533907651901245
1722,3.082556962966919,0.26663902401924133
1723,2.4274160861968994,0.2641616761684418
1724,2.0218429565429688,0.2631101608276367
1725,2.100095748901367,0.26314520835876465
1726,2.432751417160034,0.26330211758613586
1727,2.812117576599121,0.2633354663848877
1728,3.126434803009033,0.26332953572273254
1729,3.3582890033721924,0.2633585035800934
1730,3.440230369567871,0.26237770915031433
1731,3.10829758644104,0.26461759209632874
1732,2.617802858352661,0.26394233107566833
1733,2.272919178009033,0.2647686004638672
1734,1.9691072702407837,0.26436445116996765
1735,1.829912543296814,0.265924334526062
1736,1.8616927862167358,0.26760366559028625
1737,2.176759958267212,0.26627951860427856
1738,2.49106764793396,0.26439929008483887
1739,2.8089218139648438,0.2641197741031647
1740,3.3600051403045654,0.26406750082969666
1741,4.1519999504089355,0.2639944851398468
1742,4.955413341522217,0.26320672035217285
1743,5.54948091506958,0.263651579618454
1744,5.771669387817383,0.26289796829223633
1745,5.48594856262207,0.263903945684433
1746,4.7509307861328125,0.2638765573501587
1747,3.890991687774658,0.2631611227989197
1748,2.9215853214263916,0.26428064703941345
1749,1.9904367923736572,0.26358360052108765
1750,1.2423505783081055,0.2629874646663666
1751,0.7276434302330017,0.2609451115131378
1752,0.5251421928405762,0.2628595232963562
1753,0.6150259375572205,0.263959139585495
1754,0.9563558101654053,0.26378366351127625
1755,1.45709228515625,0.26361656188964844
1756,2.0665853023529053,0.26376184821128845
1757,2.620861053466797,0.2654375731945038
1758,2.785949945449829,0.2637313902378082
1759,2.851055383682251,0.2628742754459381
1760,3.122492551803589,0.2649209797382355
1761,3.6555144786834717,0.263893723487854
1762,4.213710308074951,0.2647281587123871
1763,4.818079948425293,0.264592707157135
1764,5.475523471832275,0.26445356011390686
1765,6.294302463531494,0.2630990445613861
1766,7.403504848480225,0.2629314959049225
1767,8.959999084472656,0.26321280002593994
1768,10.69143295288086,0.2630589008331299
1769,12.037365913391113,0.26376745104789734
1770,12.615714073181152,0.2639197111129761
1771,12.355716705322266,0.2642127275466919
1772,11.973727226257324,0.26548418402671814
1773,11.130885124206543,0.2675101161003113
1774,9.694870948791504,0.2704387903213501
1775,8.005880355834961,0.27104660868644714
1776,6.231525897979736,0.27293696999549866
1777,4.412881374359131,0.27137747406959534
1778,2.9174511432647705,0.27190014719963074
1779,1.9706748723983765,0.26634302735328674
1780,1.7554643154144287,0.26430636644363403
1781,2.1241977214813232,0.2625310719013214
1782,2.7635631561279297,0.2639558017253876
1783,3.3121182918548584,0.26255539059638977
1784,3.46331787109375,0.26343414187431335
1785,2.990083932876587,0.2630476653575897
1786,2.1951308250427246,0.2658554017543793
1787,1.3748277425765991,0.2687239348888397
1788,0.9319107532501221,0.26627445220947266
1789,0.8043464422225952,0.26825687289237976
1790,0.8291212916374207,0.26575854420661926
1791,0.8992152214050293,0.2656765580177307
1792,0.9622534513473511,0.26502105593681335
1793,1.0795122385025024,0.2670920193195343
1794,1.0768623352050781,0.2639692425727844
1795,1.2063994407653809,0.26503199338912964
1796,1.3771485090255737,0.26386162638664246
1797,1.7758255004882812,0.2638317048549652
1798,2.3258373737335205,0.26259490847587585
1799,2.8772711753845215,0.2633683979511261
1800,3.497934103012085,0.26249852776527405
1801,4.073947906494141,0.2634292244911194
1802,4.721029281616211,0.2629869282245636
1803,5.294185638427734,0.26402518153190613
1804,5.594821929931641,0.2635084390640259
1805,5.598193645477295,0.26297155022621155
1806,5.3857421875,0.26326218247413635
1807,5.034482002258301,0.26402223110198975
1808,4.628024578094482,0.26420873403549194
1809,3.9521069526672363,0.2622106075286865
1810,2.976330280303955,0.2647075951099396
1811,1.92537522315979,0.2662758231163025
1812,1.3520917892456055,0.2630953788757324
1813,1.0141652822494507,0.2654787600040436
1814,0.8862794637680054,0.2678269147872925
1815,1.022916316986084,0.26654601097106934
1816,1.4174506664276123,0.265130877494812
1817,1.9366592168807983,0.26546424627304077
1818,2.5682363510131836,0.2643326222896576
1819,3.482492208480835,0.26323556900024414
1820,4.635703086853027,0.2640652060508728
1821,5.510729789733887,0.26302221417427063
1822,5.960275173187256,0.2633073925971985
1823,6.33345365524292,0.2628752291202545
1824,6.4576191902160645,0.2632271349430084
1825,6.23412561416626,0.26407602429389954
1826,5.495249271392822,0.26347991824150085
1827,4.906676769256592,0.26445406675338745
1828,4.394134521484375,0.26371684670448303
1829,3.793591022491455,0.2648848295211792
1830,3.2377049922943115,0.2641260027885437
1831,2.9727046489715576,0.264949768781662
1832,2.967156410217285,0.2639051675796509
1833,2.9279043674468994,0.26497188210487366
1834,2.765829086303711,0.2626683712005615
1835,2.5757064819335938,0.2657122015953064
1836,2.1520440578460693,0.26549574732780457
1837,1.6287721395492554,0.26919418573379517
1838,1.175709843635559,0.26719018816947937
1839,0.8695748448371887,0.2674775719642639
1840,0.6837925314903259,0.2660313546657562
1841,0.5516136288642883,0.2652031481266022
1842,0.535476565361023,0.2627684772014618
1843,0.5853927731513977,0.2655576467514038
1844,0.6518274545669556,0.2637779116630554
1845,0.6322705149650574,0.2690073251724243
1846,0.6704208254814148,0.26962965726852417
1847,0.97010338306427,0.2695190906524658
1848,1.5360287427902222,0.2688347399234772
1849,2.168261766433716,0.26725533604621887
1850,2.9144091606140137,0.26738840341567993
1851,3.617598533630371,0.26546382904052734
1852,4.149227619171143,0.26650065183639526
1853,4.24561071395874,0.26579856872558594
1854,3.989933967590332,0.2642821967601776
1855,3.7459094524383545,0.2626110017299652
1856,3.5270919799804688,0.2649058401584625
1857,3.0659713745117188,0.2630939483642578
1858,2.289928913116455,0.2623681128025055
1859,1.469283938407898,0.26397234201431274
1860,0.9344520568847656,0.26333343982696533
1861,0.7086948156356812,0.26431897282600403
1862,0.7594296336174011,0.26477473974227905
1863,1.0421541929244995,0.26712566614151
1864,1.5092346668243408,0.2635437846183777
1865,2.1312193870544434,0.26437556743621826
1866,2.548224449157715,0.26297372579574585
1867,2.531463146209717,0.2650755047798157
1868,2.148386001586914,0.26405709981918335
1869,1.5806840658187866,0.26435917615890503
1870,1.0280847549438477,0.26570606231689453
1871,0.5833788514137268,0.26391348242759705
1872,0.4198932349681854,0.2631164491176605
1873,0.5491946935653687,0.263190358877182
1874,0.9578308463096619,0.26404425501823425
1875,1.627466082572937,0.26292988657951355
1876,2.631843090057373,0.26420947909355164
1877,4.127984523773193,0.26288071274757385
1878,6.101648807525635,0.26470136642456055
1879,8.71410083770752,0.26311376690864563
1880,12.100873947143555,0.2650344967842102
1881,16.90041160583496,0.26318174600601196
1882,22.863609313964844,0.2651202976703644
1883,29.815759658813477,0.2631901800632477
1884,36.261329650878906,0.26511386036872864
1885,42.230228424072266,0.26318755745887756
1886,45.519935607910156,0.26506108045578003
1887,45.04393005371094,0.26318350434303284
1888,40.20808792114258,0.2649827301502228
1889,31.80849838256836,0.2632642984390259
1890,20.459306716918945,0.2643595337867737
1891,9.803500175476074,0.2695702910423279
1892,3.2392311096191406,0.26624828577041626
1893,2.550261974334717,0.2629826068878174
1894,6.099813938140869,0.26304155588150024
1895,10.350796699523926,0.2644909620285034
1896,12.08909797668457,0.26305675506591797
1897,10.070046424865723,0.26473796367645264
1898,6.141279220581055,0.2665174603462219
1899,2.713282585144043,0.2676607668399811
1900,1.5461119413375854,0.26146310567855835
1901,2.4595582485198975,0.26242688298225403
1902,3.6611573696136475,0.2638673186302185
1903,3.6485657691955566,0.2619147300720215
1904,2.431457042694092,0.2662016749382019
1905,1.1256320476531982,0.26563167572021484
1906,0.8007078170776367,0.2635783851146698
1907,1.4454323053359985,0.2626103162765503
1908,2.633195400238037,0.2629278600215912
1909,3.4601120948791504,0.263681560754776
1910,3.03208589553833,0.262899786233902
1911,1.4895238876342773,0.26381948590278625
1912,0.41260775923728943,0.2633424997329712
1913,0.8716754913330078,0.26263028383255005
1914,2.1083760261535645,0.26311764121055603
1915,2.5913100242614746,0.2626756429672241
1916,2.0339207649230957,0.26332274079322815
1917,1.2632356882095337,0.26324933767318726
1918,0.7097883820533752,0.26504185795783997
1919,0.5554944276809692,0.2640029788017273
1920,0.4145481288433075,0.2631596326828003
1921,0.3837825357913971,0.2643483281135559
1922,0.3844408094882965,0.2630707323551178
1923,0.5913287401199341,0.26401403546333313
1924,0.7464339137077332,0.26383838057518005
1925,0.8761165142059326,0.2635536789894104
1926,0.9628490209579468,0.26209479570388794
1927,0.8582611083984375,0.26326537132263184
1928,0.5832024216651917,0.2631452977657318
1929,0.4023020565509796,0.26335418224334717
1930,0.4737994074821472,0.264605313539505
1931,0.8340256214141846,0.2631908357143402
1932,1.1508136987686157,0.26402103900909424
1933,1.1379815340042114,0.2636507749557495
1934,0.7402132153511047,0.26321765780448914
1935,0.5474117994308472,0.26475849747657776
1936,0.7187051773071289,0.26339492201805115
1937,0.9148063063621521,0.2649152874946594
1938,1.0936733484268188,0.2643091082572937
1939,1.0901720523834229,0.26384222507476807
1940,0.7678989171981812,0.2644106149673462
1941,0.3916391134262085,0.26425430178642273
1942,0.3839596211910248,0.263833612203598
1943,0.6035820841789246,0.2643125057220459
1944,0.8740915060043335,0.2642783224582672
1945,0.8268555402755737,0.2649686634540558
1946,0.6267026662826538,0.2652267515659332
1947,0.5264722108840942,0.2618706524372101
1948,0.49052518606185913,0.26483792066574097
1949,0.47835999727249146,0.2648322284221649
1950,0.4897322654724121,0.26351892948150635
1951,0.46169644594192505,0.26302894949913025
1952,0.3801901936531067,0.26436781883239746
1953,0.31576159596443176,0.2633747458457947
1954,0.42817166447639465,0.2626335918903351
1955,0.6173438429832458,0.2633208930492401
1956,0.7810990810394287,0.2630021274089813
1957,0.849100649356842,0.26410821080207825
1958,0.8610992431640625,0.26333490014076233
1959,0.7905774116516113,0.2626543641090393
1960,0.6621390581130981,0.2636202573776245
1961,0.6545987725257874,0.26590675115585327
1962,0.7847864031791687,0.26671862602233887
1963,1.0561603307724,0.2670891284942627
1964,1.3832507133483887,0.2683952748775482
1965,1.6232855319976807,0.2678743004798889
1966,1.750373363494873,0.26829731464385986
1967,1.5897854566574097,0.26577693223953247
1968,1.1225883960723877,0.26367560029029846
1969,0.715714693069458,0.2624492049217224
1970,0.4796639084815979,0.26355868577957153
1971,0.5390547513961792,0.2633204162120819
1972,0.6432716250419617,0.2654699683189392
1973,0.6735391616821289,0.26554322242736816
1974,0.7196418642997742,0.26679348945617676
1975,0.8890905380249023,0.2667195498943329
1976,1.0338270664215088,0.26633161306381226
1977,1.122004747390747,0.2690202295780182
1978,1.061604619026184,0.2673780918121338
1979,0.9097054600715637,0.2692105770111084
1980,0.7036126255989075,0.26513367891311646
1981,0.5051392316818237,0.26217326521873474
1982,0.31754371523857117,0.26294878125190735
1983,0.2652938663959503,0.2625201344490051
1984,0.29722702503204346,0.26691022515296936
1985,0.3585088849067688,0.2657444477081299
1986,0.4505944848060608,0.2647034227848053
1987,0.46190354228019714,0.266727089881897
1988,0.4382293224334717,0.265011727809906
1989,0.4519098103046417,0.26230356097221375
1990,0.5465915203094482,0.26206204295158386
1991,0.6045096516609192,0.2635362148284912
1992,0.6218461394309998,0.2633857727050781
1993,0.5741962790489197,0.26307162642478943
1994,0.5570805668830872,0.26431670784950256
1995,0.545020580291748,0.26462292671203613
1996,0.5756840109825134,0.2645195424556732
1997,0.6749790906906128,0.2651476263999939
1998,0.8198249936103821,0.2666400671005249
1999,0.9283722043037415,0.2649279236793518
2000,0.9313060641288757,0.2655513286590576
