index,meth,VCDN
0,0.10778315365314484,0.3338578939437866
1,716.7614135742188,0.32901185750961304
2,42.37978744506836,0.33774787187576294
3,7.211250305175781,0.33497902750968933
4,245.12057495117188,0.33535388112068176
5,3.027866840362549,0.33711016178131104
6,75.59728240966797,0.32992666959762573
7,59.40412139892578,0.3285577595233917
8,5.5476555824279785,0.337145060300827
9,11.275571823120117,0.33557015657424927
10,46.386558532714844,0.33553850650787354
11,42.40766525268555,0.33582577109336853
12,13.831131935119629,0.32820773124694824
13,0.3526754081249237,0.33007532358169556
14,8.284854888916016,0.33227550983428955
15,19.595544815063477,0.33092597126960754
16,17.342761993408203,0.3289166986942291
17,6.4531569480896,0.32554349303245544
18,0.3770938813686371,0.3353048264980316
19,4.1604390144348145,0.3358059823513031
20,11.192266464233398,0.3353339731693268
21,12.478744506835938,0.3344744145870209
22,7.2392988204956055,0.33327174186706543
23,1.4228582382202148,0.32813066244125366
24,1.0677415132522583,0.33135512471199036
25,5.229800701141357,0.3308102786540985
26,7.506025314331055,0.3284255266189575
27,5.028678894042969,0.3273783326148987
28,1.312633752822876,0.331621378660202
29,0.6369045376777649,0.33386868238449097
30,3.0456573963165283,0.33589908480644226
31,4.7185797691345215,0.3339137136936188
32,3.6183674335479736,0.3331410586833954
33,1.2676904201507568,0.32807427644729614
34,0.4551926255226135,0.32830071449279785
35,1.6847693920135498,0.32875242829322815
36,2.889014720916748,0.32639041543006897
37,2.274576425552368,0.32728132605552673
38,0.93683260679245,0.3295668661594391
39,0.42984727025032043,0.33227771520614624
40,1.2465195655822754,0.3331610858440399
41,1.9416662454605103,0.3325246572494507
42,1.6144688129425049,0.3303789794445038
43,0.6989961862564087,0.32711830735206604
44,0.4083656072616577,0.32552048563957214
45,0.9662993550300598,0.32745370268821716
46,1.366379737854004,0.3275369703769684
47,1.0397790670394897,0.32582637667655945
48,0.4987705945968628,0.3284550905227661
49,0.4347151815891266,0.33195191621780396
50,0.8245664834976196,0.3313984274864197
51,0.9448961019515991,0.33039945363998413
52,0.6980281472206116,0.3280453383922577
53,0.392071396112442,0.3277990221977234
54,0.4551193416118622,0.3243544101715088
55,0.6641926169395447,0.3263362646102905
56,0.7095905542373657,0.3276168406009674
57,0.5055754780769348,0.3268836438655853
58,0.36129897832870483,0.3280784785747528
59,0.48181644082069397,0.3292573392391205
60,0.618654727935791,0.3306182026863098
61,0.5679355263710022,0.3273327946662903
62,0.3628740906715393,0.3262501657009125
63,0.3674410879611969,0.3284260928630829
64,0.47203877568244934,0.32778438925743103
65,0.49950045347213745,0.3267112672328949
66,0.4042030870914459,0.3269177973270416
67,0.3401000499725342,0.32830291986465454
68,0.3782413601875305,0.33127593994140625
69,0.43659576773643494,0.32923203706741333
70,0.4053175151348114,0.3281925916671753
71,0.3572031855583191,0.3271842300891876
72,0.3328673541545868,0.3266504406929016
73,0.36792969703674316,0.3260965049266815
74,0.3966734707355499,0.32818207144737244
75,0.3619147837162018,0.327800989151001
76,0.3297766447067261,0.327565461397171
77,0.33125537633895874,0.32827210426330566
78,0.3710925579071045,0.3276359736919403
79,0.3474690914154053,0.3256141245365143
80,0.3050623834133148,0.3259836435317993
81,0.3186163604259491,0.32698601484298706
82,0.33751150965690613,0.3272605538368225
83,0.33361151814460754,0.32753369212150574
84,0.3080754578113556,0.3268856108188629
85,0.32265517115592957,0.3289015591144562
86,0.32909274101257324,0.3284437358379364
87,0.31477808952331543,0.32775941491127014
88,0.3040629029273987,0.32694146037101746
89,0.3182257413864136,0.3260720670223236
90,0.2980072498321533,0.3280862271785736
91,0.3124745786190033,0.3288876414299011
92,0.30955544114112854,0.32563599944114685
93,0.2836378216743469,0.3246067464351654
94,0.29126372933387756,0.32815903425216675
95,0.30169180035591125,0.3279731273651123
96,0.2989976406097412,0.3269301652908325
97,0.28205469250679016,0.324975848197937
98,0.2926042079925537,0.32634255290031433
99,0.30105337500572205,0.3261614143848419
100,0.27800825238227844,0.32534509897232056
101,0.285980224609375,0.3291254937648773
102,0.2794383764266968,0.3294251561164856
103,0.2879828214645386,0.3254365026950836
104,0.2692530155181885,0.3263583779335022
105,0.28023210167884827,0.3276692032814026
106,0.28657642006874084,0.32870593667030334
107,0.2676188051700592,0.3251933157444
108,0.27809613943099976,0.32648375630378723
109,0.26707544922828674,0.32741865515708923
110,0.27855002880096436,0.32647401094436646
111,0.25468137860298157,0.32504478096961975
112,0.26897838711738586,0.326053261756897
113,0.27255862951278687,0.3277435898780823
114,0.27305102348327637,0.32570159435272217
115,0.2600531280040741,0.3261561393737793
116,0.259655237197876,0.3269748389720917
117,0.2642441391944885,0.3259635865688324
118,0.2538311779499054,0.3262077271938324
119,0.2545490264892578,0.3249928653240204
120,0.24498817324638367,0.32723468542099
121,0.25980693101882935,0.32760125398635864
122,0.24064235389232635,0.32461583614349365
123,0.24924692511558533,0.3273717761039734
124,0.2419692873954773,0.3273791968822479
125,0.24454592168331146,0.3261731266975403
126,0.23112715780735016,0.3252269923686981
127,0.22933577001094818,0.3268243074417114
128,0.24394656717777252,0.32574671506881714
129,0.22532881796360016,0.325386106967926
130,0.23046670854091644,0.3269563913345337
131,0.22470298409461975,0.32749372720718384
132,0.2290230244398117,0.3256256580352783
133,0.23578226566314697,0.32596874237060547
134,0.23038750886917114,0.32616761326789856
135,0.2359706461429596,0.32633456587791443
136,0.2241826206445694,0.32775384187698364
137,0.22465164959430695,0.3259057402610779
138,0.2287348210811615,0.32602763175964355
139,0.22394780814647675,0.3265465497970581
140,0.2152852565050125,0.32663848996162415
141,0.2250225841999054,0.32762056589126587
142,0.2251686304807663,0.32650226354599
143,0.22414852678775787,0.32600080966949463
144,0.22305427491664886,0.3281783163547516
145,0.2132578194141388,0.3260461688041687
146,0.21368393301963806,0.3246361017227173
147,0.21694929897785187,0.32500016689300537
148,0.20616452395915985,0.32688939571380615
149,0.2091362476348877,0.32405969500541687
150,0.21877452731132507,0.326381653547287
151,0.21071021258831024,0.3267967700958252
152,0.21273939311504364,0.32595717906951904
153,0.20538556575775146,0.3269466161727905
154,0.20511068403720856,0.3255446255207062
155,0.20410804450511932,0.3255811929702759
156,0.20462721586227417,0.3242611289024353
157,0.2111208140850067,0.32789158821105957
158,0.2041989117860794,0.32719215750694275
159,0.20346763730049133,0.3254416882991791
160,0.20281264185905457,0.32706233859062195
161,0.20376501977443695,0.3258688151836395
162,0.20075586438179016,0.3256181478500366
163,0.20358845591545105,0.32749056816101074
164,0.2038602977991104,0.3245513439178467
165,0.19107750058174133,0.3252963721752167
166,0.1950342208147049,0.32765668630599976
167,0.1983204185962677,0.3257165253162384
168,0.1928180605173111,0.32490065693855286
169,0.19367296993732452,0.32657402753829956
170,0.19620445370674133,0.3257646858692169
171,0.18801116943359375,0.3239213228225708
172,0.19732806086540222,0.3265109956264496
173,0.1954129934310913,0.32653144001960754
174,0.1835290938615799,0.3236176371574402
175,0.20220759510993958,0.32499149441719055
176,0.18200722336769104,0.3260241448879242
177,0.18716417253017426,0.3240233361721039
178,0.19657476246356964,0.32445257902145386
179,0.18494832515716553,0.3257414698600769
180,0.18474242091178894,0.3257621228694916
181,0.17616941034793854,0.32451099157333374
182,0.18271049857139587,0.3264598548412323
183,0.18567697703838348,0.3252597451210022
184,0.1838749200105667,0.3238999843597412
185,0.18421506881713867,0.3255242705345154
186,0.18769438564777374,0.32633867859840393
187,0.18439525365829468,0.3251975476741791
188,0.17834384739398956,0.32499709725379944
189,0.17899714410305023,0.3263670802116394
190,0.1821254938840866,0.3242048919200897
191,0.18039292097091675,0.32358837127685547
192,0.16713014245033264,0.32631415128707886
193,0.17703266441822052,0.3244430422782898
194,0.181738942861557,0.32463425397872925
195,0.1795966923236847,0.325212299823761
196,0.16893930733203888,0.32420629262924194
197,0.17273147404193878,0.32449832558631897
198,0.17416991293430328,0.3238312900066376
199,0.1704104244709015,0.32711121439933777
200,0.16527636349201202,0.32481056451797485
201,0.17394350469112396,0.3268699645996094
202,0.16106314957141876,0.32336193323135376
203,0.17167873680591583,0.32480740547180176
204,0.1691034436225891,0.3241273760795593
205,0.16291648149490356,0.3263496458530426
206,0.16341382265090942,0.32275882363319397
207,0.1674329787492752,0.32421061396598816
208,0.15903955698013306,0.32478195428848267
209,0.16132673621177673,0.32455939054489136
210,0.1592591553926468,0.3236386179924011
211,0.15267445147037506,0.32586848735809326
212,0.15842188894748688,0.32390373945236206
213,0.15707559883594513,0.3253965973854065
214,0.15169720351696014,0.32493552565574646
215,0.15624213218688965,0.32419079542160034
216,0.16133207082748413,0.3250001072883606
217,0.15751419961452484,0.3257668614387512
218,0.1521093249320984,0.32373517751693726
219,0.15193204581737518,0.32455623149871826
220,0.1503620147705078,0.32456475496292114
221,0.15446104109287262,0.3244519531726837
222,0.15608349442481995,0.32603779435157776
223,0.14816810190677643,0.3242805004119873
224,0.14379261434078217,0.3252241313457489
225,0.14730492234230042,0.32509034872055054
226,0.15095937252044678,0.32467401027679443
227,0.16192489862442017,0.32495301961898804
228,0.14793513715267181,0.32407817244529724
229,0.14864791929721832,0.32451722025871277
230,0.15045571327209473,0.32539835572242737
231,0.15465082228183746,0.3240527808666229
232,0.1470770239830017,0.32509922981262207
233,0.14562416076660156,0.3246845304965973
234,0.15031422674655914,0.3230076730251312
235,0.1446344256401062,0.3253714144229889
236,0.14253175258636475,0.32431846857070923
237,0.14133761823177338,0.3254888951778412
238,0.14271700382232666,0.3241554796695709
239,0.14650969207286835,0.32464680075645447
240,0.15270043909549713,0.3251965343952179
241,0.14294256269931793,0.32443395256996155
242,0.14017856121063232,0.3239862620830536
243,0.1420947164297104,0.32321467995643616
244,0.13796664774417877,0.3237285614013672
245,0.14723296463489532,0.3254700005054474
246,0.14095057547092438,0.32293304800987244
247,0.13771578669548035,0.32465019822120667
248,0.1438252478837967,0.32390233874320984
249,0.13855324685573578,0.3247986137866974
250,0.13485001027584076,0.32433345913887024
251,0.13076141476631165,0.32242754101753235
252,0.1291240006685257,0.3250128924846649
253,0.13955162465572357,0.3254515528678894
254,0.13460101187229156,0.3240198791027069
255,0.14078524708747864,0.3250757157802582
256,0.13748323917388916,0.3235155940055847
257,0.13542340695858002,0.3239896893501282
258,0.13780845701694489,0.32430699467658997
259,0.13620667159557343,0.32459643483161926
260,0.1319439858198166,0.3238809108734131
261,0.14078421890735626,0.3257797062397003
262,0.13879233598709106,0.3237798511981964
263,0.12553763389587402,0.3234701454639435
264,0.13313058018684387,0.32515931129455566
265,0.13884294033050537,0.3243536353111267
266,0.13675352931022644,0.3240242600440979
267,0.12627126276493073,0.32472583651542664
268,0.1289478838443756,0.32270264625549316
269,0.13632027804851532,0.3240017890930176
270,0.1367051899433136,0.32405856251716614
271,0.1263309270143509,0.32495883107185364
272,0.13182266056537628,0.32403814792633057
273,0.132408007979393,0.32520490884780884
274,0.13114909827709198,0.3249834477901459
275,0.12353076040744781,0.3250812888145447
276,0.11699631810188293,0.32418742775917053
277,0.12088633328676224,0.32411468029022217
278,0.1260031759738922,0.3244982361793518
279,0.1279812753200531,0.32449886202812195
280,0.11698618531227112,0.3244248628616333
281,0.11726708710193634,0.32467120885849
282,0.13184118270874023,0.3230794072151184
283,0.12061803787946701,0.3242751359939575
284,0.11969353258609772,0.3236459493637085
285,0.12347520142793655,0.3231968879699707
286,0.13543397188186646,0.3254915177822113
287,0.12264680117368698,0.32435348629951477
288,0.11563281714916229,0.32340100407600403
289,0.12673959136009216,0.3246220350265503
290,0.1252124011516571,0.32381221652030945
291,0.12389308959245682,0.3233938217163086
292,0.11615780740976334,0.32568588852882385
293,0.12204084545373917,0.323586106300354
294,0.1198064535856247,0.32297283411026
295,0.1234024241566658,0.3242500424385071
296,0.12494711577892303,0.3228631019592285
297,0.12001559883356094,0.32401010394096375
298,0.11294486373662949,0.3237142860889435
299,0.12178698182106018,0.32400304079055786
300,0.11582618951797485,0.32282087206840515
301,0.12348521500825882,0.3242397904396057
302,0.10508451610803604,0.3235304653644562
303,0.11148213595151901,0.32353222370147705
304,0.12046388536691666,0.3229173421859741
305,0.11683350056409836,0.3232659697532654
306,0.11197568476200104,0.32223042845726013
307,0.12146063894033432,0.32350438833236694
308,0.11653213948011398,0.3238661587238312
309,0.11931969225406647,0.3227342665195465
310,0.11736737191677094,0.324289470911026
311,0.11880479753017426,0.3224584460258484
312,0.11536342650651932,0.32361912727355957
313,0.12158132344484329,0.3240729868412018
314,0.11366982758045197,0.323409765958786
315,0.11429886519908905,0.3229646682739258
316,0.11577864736318588,0.3230231702327728
317,0.10897974669933319,0.3233063519001007
318,0.11106223613023758,0.3235437572002411
319,0.11136242002248764,0.32398027181625366
320,0.1154874637722969,0.3235242962837219
321,0.11341682076454163,0.3233184218406677
322,0.11037980020046234,0.3230372965335846
323,0.11239628493785858,0.32471707463264465
324,0.10575319081544876,0.3237307369709015
325,0.10524234920740128,0.32334017753601074
326,0.11512131989002228,0.3231952488422394
327,0.10725394636392593,0.3229769170284271
328,0.10305014252662659,0.32278749346733093
329,0.11289021372795105,0.3243789076805115
330,0.108054980635643,0.3229752480983734
331,0.10678866505622864,0.3228338658809662
332,0.10750555247068405,0.32269904017448425
333,0.10211890935897827,0.32437700033187866
334,0.10522642731666565,0.32378482818603516
335,0.099631667137146,0.3226833939552307
336,0.11131878197193146,0.3225536048412323
337,0.10517283529043198,0.3228690028190613
338,0.10399606078863144,0.32284700870513916
339,0.10553060472011566,0.32322004437446594
340,0.1086079478263855,0.32388487458229065
341,0.09993288666009903,0.32320263981819153
342,0.10214348137378693,0.32277071475982666
343,0.11141146719455719,0.32274559140205383
344,0.10688681155443192,0.32457059621810913
345,0.10519690066576004,0.32242971658706665
346,0.09858354181051254,0.32184866070747375
347,0.1054670587182045,0.32403355836868286
348,0.09993977099657059,0.3231324851512909
349,0.10805904865264893,0.3245461583137512
350,0.09942548722028732,0.3231543302536011
351,0.09768947213888168,0.3236299157142639
352,0.09640806168317795,0.32352110743522644
353,0.09651757776737213,0.3224126398563385
354,0.09713228791952133,0.32339924573898315
355,0.10115718096494675,0.3232632279396057
356,0.1012667715549469,0.32286328077316284
357,0.09640859812498093,0.3228428065776825
358,0.10486245900392532,0.32247886061668396
359,0.1002633199095726,0.32253479957580566
360,0.09862590581178665,0.3245059847831726
361,0.09782470762729645,0.3227071464061737
362,0.10657479614019394,0.3230082392692566
363,0.0986303836107254,0.3231031894683838
364,0.10130090266466141,0.322151780128479
365,0.09713585674762726,0.32426875829696655
366,0.09680866450071335,0.32402434945106506
367,0.10341337323188782,0.3225451111793518
368,0.09772072732448578,0.3228917717933655
369,0.09321729838848114,0.32306969165802
370,0.09677758067846298,0.32433605194091797
371,0.0950828567147255,0.32181188464164734
372,0.09981835633516312,0.3241335153579712
373,0.09758654981851578,0.3212960362434387
374,0.09577053785324097,0.32329675555229187
375,0.08967284858226776,0.323066771030426
376,0.09326286613941193,0.32300108671188354
377,0.0998535081744194,0.3230903744697571
378,0.09328489005565643,0.32267749309539795
379,0.09634343534708023,0.324405312538147
380,0.09366604685783386,0.322123646736145
381,0.09714712202548981,0.3235144019126892
382,0.09271246939897537,0.3225245475769043
383,0.09097281843423843,0.32234275341033936
384,0.0985606461763382,0.32209768891334534
385,0.09871145337820053,0.32365018129348755
386,0.09551368653774261,0.32182738184928894
387,0.08944158256053925,0.32227393984794617
388,0.0926218256354332,0.3219868242740631
389,0.08558041602373123,0.32311904430389404
390,0.09439210593700409,0.3214097023010254
391,0.0913572683930397,0.322510689496994
392,0.09308376163244247,0.3225589692592621
393,0.08932645618915558,0.32280778884887695
394,0.08802784234285355,0.3218016028404236
395,0.08871565014123917,0.3219234049320221
396,0.08605670928955078,0.3231937885284424
397,0.08913233131170273,0.3233376145362854
398,0.08899032324552536,0.3218139708042145
399,0.08785084635019302,0.3221084475517273
400,0.09312224388122559,0.32256603240966797
401,0.0864487886428833,0.322090208530426
402,0.08912713080644608,0.3238300681114197
403,0.08523572981357574,0.3212481439113617
404,0.08642552047967911,0.32207190990448
405,0.08526483178138733,0.3229367434978485
406,0.08730675280094147,0.32325613498687744
407,0.09552756696939468,0.3224058747291565
408,0.09030482918024063,0.32163164019584656
409,0.08968277275562286,0.32300323247909546
410,0.09114796668291092,0.32243531942367554
411,0.08927476406097412,0.32289037108421326
412,0.08948762714862823,0.32301095128059387
413,0.09414006024599075,0.3224238157272339
414,0.09016010910272598,0.3218802809715271
415,0.09560461342334747,0.32365378737449646
416,0.0902465432882309,0.32155683636665344
417,0.08724748343229294,0.32150083780288696
418,0.08908601105213165,0.3218490481376648
419,0.08722876757383347,0.3232789635658264
420,0.0890728235244751,0.32249826192855835
421,0.08664282411336899,0.3230500817298889
422,0.09051904827356339,0.3219037652015686
423,0.08760510385036469,0.3220188021659851
424,0.09515707194805145,0.3224526643753052
425,0.08566483855247498,0.3228107690811157
426,0.08987260609865189,0.3221418559551239
427,0.08193719387054443,0.32223695516586304
428,0.08435095846652985,0.3215925097465515
429,0.09218072891235352,0.32145923376083374
430,0.08872763812541962,0.3229577839374542
431,0.08587121963500977,0.3221655786037445
432,0.08878836780786514,0.3221963047981262
433,0.08664613962173462,0.3211665451526642
434,0.07999641448259354,0.32273945212364197
435,0.0863497257232666,0.32291480898857117
436,0.09144222736358643,0.32288306951522827
437,0.08194649964570999,0.32199826836586
438,0.07934682816267014,0.3231898546218872
439,0.08575662970542908,0.322211354970932
440,0.08600206673145294,0.3208238482475281
441,0.08116059005260468,0.32261472940444946
442,0.078976571559906,0.3209560513496399
443,0.08456505089998245,0.3223607838153839
444,0.0812651515007019,0.32203033566474915
445,0.07931993156671524,0.3209673762321472
446,0.08281747996807098,0.3229101002216339
447,0.07675214111804962,0.3224504888057709
448,0.0800667479634285,0.3218064606189728
449,0.08750423789024353,0.3223097622394562
450,0.08200660347938538,0.3221364915370941
451,0.07990927249193192,0.32155609130859375
452,0.07850201427936554,0.32242077589035034
453,0.08395340293645859,0.32273033261299133
454,0.08202117681503296,0.3208629786968231
455,0.08425231277942657,0.3223956227302551
456,0.07790231704711914,0.32112279534339905
457,0.07667053490877151,0.3225187659263611
458,0.07982762902975082,0.3217017352581024
459,0.07404174655675888,0.3219835162162781
460,0.07380635291337967,0.321746826171875
461,0.0822509378194809,0.3214985132217407
462,0.07283340394496918,0.3221880793571472
463,0.07734231650829315,0.32130903005599976
464,0.08079493045806885,0.3214380145072937
465,0.0723840668797493,0.3211437463760376
466,0.07534100115299225,0.3213522434234619
467,0.07475167512893677,0.32171791791915894
468,0.07313422858715057,0.3217426538467407
469,0.07706129550933838,0.32144829630851746
470,0.07959965616464615,0.3210276663303375
471,0.07823685556650162,0.32135167717933655
472,0.07410559058189392,0.3213810622692108
473,0.0764227956533432,0.3228243291378021
474,0.07749221473932266,0.32172486186027527
475,0.07394575327634811,0.321882039308548
476,0.07661062479019165,0.3223114609718323
477,0.07986348122358322,0.321494996547699
478,0.07528757303953171,0.3223121762275696
479,0.06992776691913605,0.32261401414871216
480,0.07234729826450348,0.3207622766494751
481,0.07869113236665726,0.3219074308872223
482,0.07201702147722244,0.3213563561439514
483,0.07827950268983841,0.32112017273902893
484,0.07796074450016022,0.3224378526210785
485,0.07765355706214905,0.32160839438438416
486,0.0749264657497406,0.32177475094795227
487,0.07203998416662216,0.32220232486724854
488,0.07538266479969025,0.3214941620826721
489,0.07656896114349365,0.32108166813850403
490,0.07541942596435547,0.32223084568977356
491,0.07263850420713425,0.32151591777801514
492,0.07437668740749359,0.32083943486213684
493,0.07369197905063629,0.32192888855934143
494,0.06987501680850983,0.3215423822402954
495,0.07258216291666031,0.32254281640052795
496,0.07334195077419281,0.3215181827545166
497,0.07307479530572891,0.3212023377418518
498,0.07194110751152039,0.32120248675346375
499,0.06769310683012009,0.3208775222301483
500,0.07275993376970291,0.32212671637535095
501,0.07519164681434631,0.3210165798664093
502,0.07166296988725662,0.3211832642555237
503,0.07686487585306168,0.3210049271583557
504,0.0714135468006134,0.3213641941547394
505,0.06821845471858978,0.3215968608856201
506,0.07255250960588455,0.32152533531188965
507,0.07036736607551575,0.3219369351863861
508,0.06848195940256119,0.32034382224082947
509,0.0669478178024292,0.3214133381843567
510,0.06855019927024841,0.3209337294101715
511,0.06960941106081009,0.32074815034866333
512,0.07130467146635056,0.32170411944389343
513,0.07148230820894241,0.3218299150466919
514,0.0708068311214447,0.32039931416511536
515,0.07194973528385162,0.3220238983631134
516,0.0734088197350502,0.3204318881034851
517,0.07190382480621338,0.3217015266418457
518,0.07229942083358765,0.32103604078292847
519,0.07405902445316315,0.32073068618774414
520,0.07171204686164856,0.32163530588150024
521,0.0745808556675911,0.3210502862930298
522,0.07103176414966583,0.32178086042404175
523,0.06607457250356674,0.3205588161945343
524,0.07025476545095444,0.32081112265586853
525,0.07192739099264145,0.32120493054389954
526,0.0648370310664177,0.32075729966163635
527,0.06728599220514297,0.3208233118057251
528,0.06856188178062439,0.32148557901382446
529,0.0681157335639,0.3205341696739197
530,0.06475929170846939,0.32081058621406555
531,0.06517355889081955,0.3218350410461426
532,0.06509847193956375,0.32100459933280945
533,0.06716950237751007,0.32134923338890076
534,0.0693635493516922,0.3204062581062317
535,0.06402941793203354,0.3207685947418213
536,0.06853416562080383,0.32148170471191406
537,0.06756974756717682,0.3207501173019409
538,0.06652485579252243,0.3208807706832886
539,0.06907463818788528,0.3214881420135498
540,0.06651552021503448,0.3199710249900818
541,0.06454413384199142,0.3205329179763794
542,0.0677037164568901,0.32068705558776855
543,0.06383062154054642,0.32088008522987366
544,0.06316011399030685,0.321445107460022
545,0.06491362303495407,0.3203912377357483
546,0.06311477720737457,0.3210369646549225
547,0.0703505352139473,0.3205878436565399
548,0.07289622724056244,0.321414589881897
549,0.06485254317522049,0.3210124969482422
550,0.07312081754207611,0.32049325108528137
551,0.06881486624479294,0.32160818576812744
552,0.06994950771331787,0.3212890923023224
553,0.06966383755207062,0.3209366500377655
554,0.06176857650279999,0.32111209630966187
555,0.07420383393764496,0.32075363397598267
556,0.06676692515611649,0.32102346420288086
557,0.06291113048791885,0.3207598626613617
558,0.07097883522510529,0.3208645284175873
559,0.06268290430307388,0.32081788778305054
560,0.06603677570819855,0.3208272457122803
561,0.06622885167598724,0.31971824169158936
562,0.06326384842395782,0.3214404284954071
563,0.06404875218868256,0.32176005840301514
564,0.06425907462835312,0.3213898241519928
565,0.0647578239440918,0.32105302810668945
566,0.06331678479909897,0.3215148448944092
567,0.057953860610723495,0.3205671012401581
568,0.0667826235294342,0.32133275270462036
569,0.0643850713968277,0.3207073211669922
570,0.061656903475522995,0.3206786811351776
571,0.06310951709747314,0.3210085928440094
572,0.0633264109492302,0.3210674524307251
573,0.05512205883860588,0.32072627544403076
574,0.0648370161652565,0.3208051919937134
575,0.06522727012634277,0.32073429226875305
576,0.059180475771427155,0.32107147574424744
577,0.06172258406877518,0.3208322823047638
578,0.061532776802778244,0.3203917443752289
579,0.05925818532705307,0.32068485021591187
580,0.06205889582633972,0.32101935148239136
581,0.06351812928915024,0.32072949409484863
582,0.06312615424394608,0.3202351927757263
583,0.06303170323371887,0.3210505545139313
584,0.06474962830543518,0.32040488719940186
585,0.06688196212053299,0.3207295835018158
586,0.06253308802843094,0.32084599137306213
587,0.05592834949493408,0.3207436800003052
588,0.06446493417024612,0.32104018330574036
589,0.060536470264196396,0.3213483989238739
590,0.06366785615682602,0.32038989663124084
591,0.06322646141052246,0.32041704654693604
592,0.059354860335588455,0.32050344347953796
593,0.060747165232896805,0.3208523690700531
594,0.06059660017490387,0.32020390033721924
595,0.058216020464897156,0.321651816368103
596,0.06242309883236885,0.32035136222839355
597,0.05951707065105438,0.32134196162223816
598,0.05988502502441406,0.3206418454647064
599,0.05750834196805954,0.32131317257881165
600,0.05952589586377144,0.32071420550346375
601,0.05809827521443367,0.32055774331092834
602,0.061652444303035736,0.32114797830581665
603,0.06028974801301956,0.32075560092926025
604,0.05548825487494469,0.3204922080039978
605,0.06224726513028145,0.3200550675392151
606,0.059162989258766174,0.32118022441864014
607,0.05986039713025093,0.31980565190315247
608,0.059496331959962845,0.32006821036338806
609,0.05775456130504608,0.31999972462654114
610,0.060196928679943085,0.3198978304862976
611,0.05829042196273804,0.3201014995574951
612,0.05739077553153038,0.3201908469200134
613,0.057894427329301834,0.32060301303863525
614,0.05563461408019066,0.32143399119377136
615,0.05801212787628174,0.3199140131473541
616,0.056912269443273544,0.32038402557373047
617,0.05312945693731308,0.3204735815525055
618,0.05821577459573746,0.32019445300102234
619,0.0554366260766983,0.3205862045288086
620,0.055652961134910583,0.32082343101501465
621,0.05662302300333977,0.3205346465110779
622,0.05449569225311279,0.32105618715286255
623,0.05695900693535805,0.3199675977230072
624,0.05649315193295479,0.3204832673072815
625,0.058627452701330185,0.31963783502578735
626,0.05889856070280075,0.3208811581134796
627,0.05265311524271965,0.319899320602417
628,0.05095980688929558,0.3210403323173523
629,0.059980254620313644,0.32042038440704346
630,0.05867927893996239,0.3194538652896881
631,0.05715760961174965,0.3207845985889435
632,0.056715067476034164,0.32015684247016907
633,0.05484435707330704,0.32011693716049194
634,0.057183973491191864,0.3207537531852722
635,0.05792070925235748,0.3200438320636749
636,0.05427848920226097,0.31998881697654724
637,0.0550268180668354,0.32083043456077576
638,0.05842303857207298,0.3201093077659607
639,0.060437072068452835,0.3204820454120636
640,0.05479319021105766,0.3192135691642761
641,0.05391324311494827,0.3199104964733124
642,0.05522149056196213,0.32123875617980957
643,0.055451907217502594,0.32085177302360535
644,0.05324952304363251,0.32037970423698425
645,0.05682205408811569,0.32072314620018005
646,0.05365116521716118,0.320372611284256
647,0.05565163493156433,0.32054197788238525
648,0.053804442286491394,0.32112449407577515
649,0.05146956816315651,0.3202364444732666
650,0.05162671208381653,0.3204891085624695
651,0.05606481805443764,0.3206271529197693
652,0.05393889918923378,0.3201906383037567
653,0.054780855774879456,0.3200775384902954
654,0.05176455155014992,0.3200545907020569
655,0.05227906256914139,0.3203190565109253
656,0.050536882132291794,0.320119172334671
657,0.052705805748701096,0.32074403762817383
658,0.05118391662836075,0.3203473389148712
659,0.05296899750828743,0.319840669631958
660,0.05527524650096893,0.31976118683815
661,0.05169817805290222,0.3200458884239197
662,0.05501655489206314,0.3199220597743988
663,0.050415653735399246,0.32026413083076477
664,0.04941248893737793,0.3197565972805023
665,0.05461965128779411,0.3199256658554077
666,0.05429957062005997,0.320446640253067
667,0.05323151499032974,0.31991899013519287
668,0.05124862864613533,0.32069551944732666
669,0.05189719423651695,0.3202000558376312
670,0.05237819626927376,0.320477157831192
671,0.0559505857527256,0.3196337819099426
672,0.052561093121767044,0.3206028938293457
673,0.05013454705476761,0.3199785351753235
674,0.05032050982117653,0.3203786313533783
675,0.05157454311847687,0.3203839063644409
676,0.05294638127088547,0.3198181390762329
677,0.05405206233263016,0.31978362798690796
678,0.04958116635680199,0.32053840160369873
679,0.04929972067475319,0.32103922963142395
680,0.04968687519431114,0.3206552267074585
681,0.051733195781707764,0.32060301303863525
682,0.051262855529785156,0.3201034665107727
683,0.04876384511590004,0.3201848566532135
684,0.05102754384279251,0.3197706639766693
685,0.049773622304201126,0.31933659315109253
686,0.051278527826070786,0.31969431042671204
687,0.05193544551730156,0.3196868896484375
688,0.05013805255293846,0.31894877552986145
689,0.049950968474149704,0.31967809796333313
690,0.04803486540913582,0.3193802535533905
691,0.04890802502632141,0.31967440247535706
692,0.04885058477520943,0.3196013867855072
693,0.04964050278067589,0.3203134536743164
694,0.049448411911726,0.31943807005882263
695,0.05075175315141678,0.3207109272480011
696,0.049223482608795166,0.31996747851371765
697,0.050876859575510025,0.32010480761528015
698,0.052252959460020065,0.31945425271987915
699,0.04714956879615784,0.3203716278076172
700,0.052989017218351364,0.31966859102249146
701,0.050029873847961426,0.31998103857040405
702,0.049999549984931946,0.32013624906539917
703,0.047612085938453674,0.3204100728034973
704,0.04999351501464844,0.3193778991699219
705,0.050404977053403854,0.3199332356452942
706,0.05035649240016937,0.3197048008441925
707,0.04852329194545746,0.31979048252105713
708,0.04862997308373451,0.32019516825675964
709,0.0495569109916687,0.31956151127815247
710,0.04517711326479912,0.3193802237510681
711,0.04809296876192093,0.3194456994533539
712,0.04499851167201996,0.31951382756233215
713,0.04919442906975746,0.319687157869339
714,0.04569927603006363,0.3192431628704071
715,0.04747847840189934,0.31952130794525146
716,0.04391441494226456,0.3206385374069214
717,0.04575369134545326,0.3195008635520935
718,0.04600527882575989,0.319155752658844
719,0.04552135616540909,0.319614976644516
720,0.04718741774559021,0.31983691453933716
721,0.04803939163684845,0.31931042671203613
722,0.0514722615480423,0.3197360932826996
723,0.05034637451171875,0.3200007677078247
724,0.05031510815024376,0.31921306252479553
725,0.04591699317097664,0.3197695016860962
726,0.04658641666173935,0.3202291429042816
727,0.049572039395570755,0.32029256224632263
728,0.04494884982705116,0.31992265582084656
729,0.047808922827243805,0.3194771409034729
730,0.046743933111429214,0.3193785846233368
731,0.045544885098934174,0.3201467990875244
732,0.045774031430482864,0.31915828585624695
733,0.043512362986803055,0.3201689124107361
734,0.04427700117230415,0.31987619400024414
735,0.04671277105808258,0.3193712532520294
736,0.046614617109298706,0.31909602880477905
737,0.04437995329499245,0.31962427496910095
738,0.045802678912878036,0.31951773166656494
739,0.048959843814373016,0.32019564509391785
740,0.05269722640514374,0.3200012743473053
741,0.05179712548851967,0.31968823075294495
742,0.047298479825258255,0.32001206278800964
743,0.04375765845179558,0.31945762038230896
744,0.04784590005874634,0.320046067237854
745,0.05387816205620766,0.31977561116218567
746,0.04746706411242485,0.319285124540329
747,0.04184795916080475,0.31990814208984375
748,0.04756888747215271,0.32029256224632263
749,0.048145730048418045,0.31924206018447876
750,0.04662879928946495,0.31900784373283386
751,0.043569520115852356,0.31989097595214844
752,0.0479082390666008,0.3197993338108063
753,0.04512864351272583,0.3194119930267334
754,0.04472563788294792,0.3201169967651367
755,0.05021436884999275,0.31926417350769043
756,0.04965461790561676,0.3195918798446655
757,0.04533731937408447,0.3192886412143707
758,0.04481516033411026,0.3197263479232788
759,0.04638116806745529,0.3193172812461853
760,0.04245448112487793,0.31976908445358276
761,0.043848056346178055,0.3198000192642212
762,0.04564589262008667,0.32016822695732117
763,0.042822953313589096,0.3193591833114624
764,0.04376787319779396,0.319831520318985
765,0.04262479394674301,0.3197711110115051
766,0.04378512129187584,0.31977277994155884
767,0.04373913258314133,0.31925544142723083
768,0.04556391388177872,0.3191889524459839
769,0.04426811262965202,0.3194957673549652
770,0.04290071874856949,0.31972265243530273
771,0.04412313923239708,0.31953027844429016
772,0.04461423307657242,0.3191865384578705
773,0.042841602116823196,0.31954148411750793
774,0.04128141701221466,0.3204271197319031
775,0.04349436238408089,0.3195214867591858
776,0.04336931183934212,0.3198374807834625
777,0.04148288443684578,0.31958210468292236
778,0.04126208648085594,0.31947872042655945
779,0.041801076382398605,0.32044517993927
780,0.04065873101353645,0.3194552958011627
781,0.045216720551252365,0.319640576839447
782,0.04131824150681496,0.31927764415740967
783,0.043115466833114624,0.31920933723449707
784,0.044067561626434326,0.31985801458358765
785,0.04433271661400795,0.3196515440940857
786,0.04298166185617447,0.32010573148727417
787,0.043925270438194275,0.31961295008659363
788,0.04749875143170357,0.3196273446083069
789,0.040965862572193146,0.3194230794906616
790,0.04091764986515045,0.3191898465156555
791,0.04429139196872711,0.3196474611759186
792,0.04411041736602783,0.31958410143852234
793,0.045924682170152664,0.3191668689250946
794,0.04396871477365494,0.31967321038246155
795,0.04540328308939934,0.3191361427307129
796,0.04074692726135254,0.31922441720962524
797,0.04441334679722786,0.3198658227920532
798,0.04450337961316109,0.3194366693496704
799,0.041131775826215744,0.3191222548484802
800,0.04316074028611183,0.3201752305030823
801,0.042978644371032715,0.31963008642196655
802,0.04257023707032204,0.31942591071128845
803,0.04096818342804909,0.31949639320373535
804,0.040830742567777634,0.319298654794693
805,0.04186489060521126,0.319670170545578
806,0.03857142850756645,0.31976640224456787
807,0.04293211176991463,0.31958675384521484
808,0.041274379938840866,0.3195919990539551
809,0.03877876326441765,0.3196483254432678
810,0.03955082222819328,0.31977829337120056
811,0.04088248685002327,0.31948456168174744
812,0.042105674743652344,0.3194461166858673
813,0.03896312788128853,0.3187728524208069
814,0.03973346948623657,0.31900766491889954
815,0.03888418525457382,0.319335401058197
816,0.03933607414364815,0.3197774887084961
817,0.039879024028778076,0.31912538409233093
818,0.04129331186413765,0.3193798065185547
819,0.038496483117341995,0.3196897804737091
820,0.04078041389584541,0.31832998991012573
821,0.04390589892864227,0.31894615292549133
822,0.042248476296663284,0.3191169500350952
823,0.04067887365818024,0.3193570375442505
824,0.044310618191957474,0.3200308382511139
825,0.04307020455598831,0.3192334771156311
826,0.04168597236275673,0.31925472617149353
827,0.0407043918967247,0.3191239535808563
828,0.04299426078796387,0.3187496066093445
829,0.042859505861997604,0.31903403997421265
830,0.04008837416768074,0.3194628953933716
831,0.042245086282491684,0.31911104917526245
832,0.04108792170882225,0.31927329301834106
833,0.04084768891334534,0.3192696273326874
834,0.039351046085357666,0.319428950548172
835,0.03896264359354973,0.3197987973690033
836,0.03781783953309059,0.31968629360198975
837,0.037007879465818405,0.3191964328289032
838,0.03790470212697983,0.31846097111701965
839,0.03718669340014458,0.31886884570121765
840,0.03821898624300957,0.3189432919025421
841,0.038643378764390945,0.31873971223831177
842,0.03708155080676079,0.31980475783348083
843,0.03913743421435356,0.31923791766166687
844,0.03745659068226814,0.31886985898017883
845,0.03906189650297165,0.31889814138412476
846,0.04021424800157547,0.3191773593425751
847,0.037961628288030624,0.319536030292511
848,0.0365743525326252,0.31921932101249695
849,0.03813083469867706,0.3198654055595398
850,0.03833496570587158,0.3196319043636322
851,0.03766567260026932,0.31903713941574097
852,0.036510515958070755,0.31907856464385986
853,0.039465490728616714,0.31918686628341675
854,0.03868183121085167,0.31894439458847046
855,0.037671077996492386,0.31899693608283997
856,0.03571410849690437,0.3185293674468994
857,0.03978457674384117,0.31869029998779297
858,0.03849943354725838,0.31912961602211
859,0.03853798285126686,0.31891000270843506
860,0.040493641048669815,0.31913962960243225
861,0.04016141965985298,0.31869184970855713
862,0.0371948666870594,0.3186916410923004
863,0.04126951843500137,0.3193657100200653
864,0.03986380249261856,0.31873899698257446
865,0.03910999000072479,0.31885775923728943
866,0.03711971640586853,0.318986713886261
867,0.03787623345851898,0.3196077346801758
868,0.037184689193964005,0.3189084827899933
869,0.03739682585000992,0.3192395865917206
870,0.0365004688501358,0.31875982880592346
871,0.03638084605336189,0.3192598819732666
872,0.03787599876523018,0.319164514541626
873,0.036975618451833725,0.3182830810546875
874,0.03853027895092964,0.3187941014766693
875,0.03705901280045509,0.3188510537147522
876,0.03767690435051918,0.3185027837753296
877,0.0353025421500206,0.31901979446411133
878,0.035530686378479004,0.3194068372249603
879,0.03715303912758827,0.31895139813423157
880,0.034924235194921494,0.3190787732601166
881,0.03549851477146149,0.31880053877830505
882,0.03543998673558235,0.3194369971752167
883,0.037755463272333145,0.31854161620140076
884,0.037708427757024765,0.318909227848053
885,0.036298967897892,0.31877121329307556
886,0.035385612398386,0.3186647593975067
887,0.03690500184893608,0.31923747062683105
888,0.03582237288355827,0.31842467188835144
889,0.036427371203899384,0.3184657692909241
890,0.03649957478046417,0.31899216771125793
891,0.036637287586927414,0.3182952105998993
892,0.034512292593717575,0.318848580121994
893,0.03451509773731232,0.3187411427497864
894,0.037059467285871506,0.3187720775604248
895,0.03432244434952736,0.3189500868320465
896,0.03529948368668556,0.31880539655685425
897,0.03528055548667908,0.3181822896003723
898,0.03688763082027435,0.3188043534755707
899,0.03674185648560524,0.3191308379173279
900,0.03500648960471153,0.3186321556568146
901,0.03457323834300041,0.31901606917381287
902,0.03579166531562805,0.31874752044677734
903,0.03808725252747536,0.3181678354740143
904,0.03492824360728264,0.3187349736690521
905,0.03495664522051811,0.3189195692539215
906,0.033756155520677567,0.3191724419593811
907,0.03378831967711449,0.3190251588821411
908,0.03469137102365494,0.3186286687850952
909,0.034866154193878174,0.31828221678733826
910,0.033843379467725754,0.3184657394886017
911,0.03535100445151329,0.31834107637405396
912,0.035778988152742386,0.3189690113067627
913,0.03669198974967003,0.3183848261833191
914,0.0365058109164238,0.3183731734752655
915,0.035412613302469254,0.3188228905200958
916,0.034962400794029236,0.31859368085861206
917,0.034882862120866776,0.31868886947631836
918,0.03516390174627304,0.3189702033996582
919,0.035482440143823624,0.3184593617916107
920,0.03452220559120178,0.31847211718559265
921,0.03594842553138733,0.3187061846256256
922,0.039833616465330124,0.31893429160118103
923,0.03965241089463234,0.31834912300109863
924,0.0337783508002758,0.3188440203666687
925,0.033539529889822006,0.3184669613838196
926,0.03301054239273071,0.3184613585472107
927,0.035647206008434296,0.318361759185791
928,0.03506991267204285,0.31879037618637085
929,0.03276921808719635,0.318625807762146
930,0.03365125507116318,0.31816765666007996
931,0.0338829904794693,0.3182656168937683
932,0.032527368515729904,0.3185591697692871
933,0.03329252079129219,0.3187539875507355
934,0.0339524932205677,0.3185679316520691
935,0.03309011086821556,0.3176318407058716
936,0.0339919738471508,0.31830862164497375
937,0.03506821393966675,0.318742573261261
938,0.03431418538093567,0.31850627064704895
939,0.03303442895412445,0.3183765709400177
940,0.033007461577653885,0.31856876611709595
941,0.03415575996041298,0.31869930028915405
942,0.034187864512205124,0.3183278739452362
943,0.035051651298999786,0.3181019723415375
944,0.03164156898856163,0.3183026611804962
945,0.03610839322209358,0.31823429465293884
946,0.03287419676780701,0.3187028765678406
947,0.0358562208712101,0.3182806074619293
948,0.03387506678700447,0.3190709054470062
949,0.035283979028463364,0.3186505436897278
950,0.033812593668699265,0.3187597692012787
951,0.034674957394599915,0.31893134117126465
952,0.03320884332060814,0.31812524795532227
953,0.03117625042796135,0.31871965527534485
954,0.03227315470576286,0.3182032108306885
955,0.03127902001142502,0.3188576400279999
956,0.031145969405770302,0.3186616003513336
957,0.029514629393815994,0.31830111145973206
958,0.030384274199604988,0.3180673122406006
959,0.03210581839084625,0.3188760280609131
960,0.03320305794477463,0.31798887252807617
961,0.03200221434235573,0.3182857930660248
962,0.032826829701662064,0.3187175393104553
963,0.03109683096408844,0.31870973110198975
964,0.030736176297068596,0.3188113868236542
965,0.03048044629395008,0.3184424042701721
966,0.032401397824287415,0.31834617257118225
967,0.032939594238996506,0.3184146583080292
968,0.030428312718868256,0.3184818625450134
969,0.0310240238904953,0.3184163272380829
970,0.03353344276547432,0.31921517848968506
971,0.03909054771065712,0.31890422105789185
972,0.045318156480789185,0.3189322352409363
973,0.058338556438684464,0.3190140426158905
974,0.058410245925188065,0.3188803493976593
975,0.0360291413962841,0.31844449043273926
976,0.03711354732513428,0.3188886344432831
977,0.048843864351511,0.3187543451786041
978,0.032184697687625885,0.3192216753959656
979,0.03989958018064499,0.3194986581802368
980,0.04074586555361748,0.31875845789909363
981,0.033272240310907364,0.3191031217575073
982,0.038828615099191666,0.31935545802116394
983,0.03395850583910942,0.3182539641857147
984,0.03504979982972145,0.31872400641441345
985,0.03569509834051132,0.31914520263671875
986,0.03227066993713379,0.3185732364654541
987,0.03380100056529045,0.3182741701602936
988,0.030571378767490387,0.31893667578697205
989,0.03156930208206177,0.3190361559391022
990,0.03319324553012848,0.31874626874923706
991,0.0320093035697937,0.3185344934463501
992,0.03210274130105972,0.3186763823032379
993,0.03156208246946335,0.3184238076210022
994,0.031086347997188568,0.3184037506580353
995,0.030949346721172333,0.3183838129043579
996,0.03327332064509392,0.3183753490447998
997,0.029976027086377144,0.3187517523765564
998,0.03186119720339775,0.31852835416793823
999,0.031155530363321304,0.31845763325691223
1000,0.03072463721036911,0.3183422088623047
